gid_0,name_0,year,scenario,indicator_name,weight,score,score_ranked,cat,label,un_region,wb_region
BHR,Bahrain,2030,opt,bws,Tot,5,3.5,4,Extremely High (>80%),Asia,Middle East & North Africa
BHR,Bahrain,2030,bau,bws,Tot,5,3,4,Extremely High (>80%),Asia,Middle East & North Africa
BHR,Bahrain,2030,pes,bws,Tot,5,3.5,4,Extremely High (>80%),Asia,Middle East & North Africa
BHR,Bahrain,2050,opt,bws,Tot,5,4,4,Extremely High (>80%),Asia,Middle East & North Africa
BHR,Bahrain,2050,bau,bws,Tot,5,3.5,4,Extremely High (>80%),Asia,Middle East & North Africa
BHR,Bahrain,2050,pes,bws,Tot,5,3.5,4,Extremely High (>80%),Asia,Middle East & North Africa
BHR,Bahrain,2080,bau,bws,Tot,5,6,4,Extremely High (>80%),Asia,Middle East & North Africa
BHR,Bahrain,2080,pes,bws,Tot,5,4.5,4,Extremely High (>80%),Asia,Middle East & North Africa
CYP,Cyprus,2030,opt,bws,Tot,5,3.5,4,Extremely High (>80%),Asia,Europe & Central Asia
CYP,Cyprus,2030,bau,bws,Tot,5,3,4,Extremely High (>80%),Asia,Europe & Central Asia
CYP,Cyprus,2030,pes,bws,Tot,5,3.5,4,Extremely High (>80%),Asia,Europe & Central Asia
CYP,Cyprus,2050,opt,bws,Tot,5,4,4,Extremely High (>80%),Asia,Europe & Central Asia
CYP,Cyprus,2050,bau,bws,Tot,5,3.5,4,Extremely High (>80%),Asia,Europe & Central Asia
CYP,Cyprus,2050,pes,bws,Tot,5,3.5,4,Extremely High (>80%),Asia,Europe & Central Asia
CYP,Cyprus,2080,opt,bws,Tot,5,3,4,Extremely High (>80%),Asia,Europe & Central Asia
CYP,Cyprus,2080,bau,bws,Tot,5,6,4,Extremely High (>80%),Asia,Europe & Central Asia
CYP,Cyprus,2080,pes,bws,Tot,5,4.5,4,Extremely High (>80%),Asia,Europe & Central Asia
ISR,Israel,2080,bau,bws,Tot,5,6,4,Extremely High (>80%),Asia,Middle East & North Africa
ISR,Israel,2080,pes,bws,Tot,5,4.5,4,Extremely High (>80%),Asia,Middle East & North Africa
JOR,Jordan,2080,bau,bws,Tot,5,6,4,Extremely High (>80%),Asia,Middle East & North Africa
LBN,Lebanon,2030,opt,bws,Tot,5,3.5,4,Extremely High (>80%),Asia,Middle East & North Africa
LBN,Lebanon,2030,pes,bws,Tot,5,3.5,4,Extremely High (>80%),Asia,Middle East & North Africa
LBN,Lebanon,2050,opt,bws,Tot,5,4,4,Extremely High (>80%),Asia,Middle East & North Africa
LBN,Lebanon,2050,bau,bws,Tot,5,3.5,4,Extremely High (>80%),Asia,Middle East & North Africa
LBN,Lebanon,2050,pes,bws,Tot,5,3.5,4,Extremely High (>80%),Asia,Middle East & North Africa
LBN,Lebanon,2080,opt,bws,Tot,5,3,4,Extremely High (>80%),Asia,Middle East & North Africa
LBN,Lebanon,2080,bau,bws,Tot,5,6,4,Extremely High (>80%),Asia,Middle East & North Africa
LBN,Lebanon,2080,pes,bws,Tot,5,4.5,4,Extremely High (>80%),Asia,Middle East & North Africa
QAT,Qatar,2030,opt,bws,Tot,5,3.5,4,Extremely High (>80%),Asia,Middle East & North Africa
QAT,Qatar,2030,bau,bws,Tot,5,3,4,Extremely High (>80%),Asia,Middle East & North Africa
QAT,Qatar,2030,pes,bws,Tot,5,3.5,4,Extremely High (>80%),Asia,Middle East & North Africa
QAT,Qatar,2050,opt,bws,Tot,5,4,4,Extremely High (>80%),Asia,Middle East & North Africa
QAT,Qatar,2050,bau,bws,Tot,5,3.5,4,Extremely High (>80%),Asia,Middle East & North Africa
QAT,Qatar,2050,pes,bws,Tot,5,3.5,4,Extremely High (>80%),Asia,Middle East & North Africa
QAT,Qatar,2080,opt,bws,Tot,5,3,4,Extremely High (>80%),Asia,Middle East & North Africa
QAT,Qatar,2080,bau,bws,Tot,5,6,4,Extremely High (>80%),Asia,Middle East & North Africa
QAT,Qatar,2080,pes,bws,Tot,5,4.5,4,Extremely High (>80%),Asia,Middle East & North Africa
SMR,San Marino,2050,opt,bws,Tot,5,4,4,Extremely High (>80%),Europe,Europe & Central Asia
SMR,San Marino,2080,bau,bws,Tot,5,6,4,Extremely High (>80%),Europe,Europe & Central Asia
SMR,San Marino,2080,pes,bws,Tot,5,4.5,4,Extremely High (>80%),Europe,Europe & Central Asia
BHR,Bahrain,2030,opt,bws,One,5,3.5,4,Extremely High (>80%),Asia,Middle East & North Africa
BHR,Bahrain,2030,bau,bws,One,5,3,4,Extremely High (>80%),Asia,Middle East & North Africa
BHR,Bahrain,2030,pes,bws,One,5,3.5,4,Extremely High (>80%),Asia,Middle East & North Africa
BHR,Bahrain,2050,opt,bws,One,5,4,4,Extremely High (>80%),Asia,Middle East & North Africa
BHR,Bahrain,2050,bau,bws,One,5,3.5,4,Extremely High (>80%),Asia,Middle East & North Africa
BHR,Bahrain,2050,pes,bws,One,5,3.5,4,Extremely High (>80%),Asia,Middle East & North Africa
BHR,Bahrain,2080,opt,bws,One,5,3.5,4,Extremely High (>80%),Asia,Middle East & North Africa
BHR,Bahrain,2080,bau,bws,One,5,5.5,4,Extremely High (>80%),Asia,Middle East & North Africa
BHR,Bahrain,2080,pes,bws,One,5,4.5,4,Extremely High (>80%),Asia,Middle East & North Africa
CYP,Cyprus,2030,opt,bws,One,5,3.5,4,Extremely High (>80%),Asia,Europe & Central Asia
CYP,Cyprus,2030,bau,bws,One,5,3,4,Extremely High (>80%),Asia,Europe & Central Asia
CYP,Cyprus,2030,pes,bws,One,5,3.5,4,Extremely High (>80%),Asia,Europe & Central Asia
CYP,Cyprus,2050,opt,bws,One,5,4,4,Extremely High (>80%),Asia,Europe & Central Asia
CYP,Cyprus,2050,bau,bws,One,5,3.5,4,Extremely High (>80%),Asia,Europe & Central Asia
CYP,Cyprus,2050,pes,bws,One,5,3.5,4,Extremely High (>80%),Asia,Europe & Central Asia
CYP,Cyprus,2080,opt,bws,One,5,3.5,4,Extremely High (>80%),Asia,Europe & Central Asia
CYP,Cyprus,2080,bau,bws,One,5,5.5,4,Extremely High (>80%),Asia,Europe & Central Asia
CYP,Cyprus,2080,pes,bws,One,5,4.5,4,Extremely High (>80%),Asia,Europe & Central Asia
ISR,Israel,2080,bau,bws,One,5,5.5,4,Extremely High (>80%),Asia,Middle East & North Africa
ISR,Israel,2080,pes,bws,One,5,4.5,4,Extremely High (>80%),Asia,Middle East & North Africa
JOR,Jordan,2080,bau,bws,One,5,5.5,4,Extremely High (>80%),Asia,Middle East & North Africa
LBN,Lebanon,2030,opt,bws,One,5,3.5,4,Extremely High (>80%),Asia,Middle East & North Africa
LBN,Lebanon,2030,pes,bws,One,5,3.5,4,Extremely High (>80%),Asia,Middle East & North Africa
LBN,Lebanon,2050,opt,bws,One,5,4,4,Extremely High (>80%),Asia,Middle East & North Africa
LBN,Lebanon,2050,bau,bws,One,5,3.5,4,Extremely High (>80%),Asia,Middle East & North Africa
LBN,Lebanon,2050,pes,bws,One,5,3.5,4,Extremely High (>80%),Asia,Middle East & North Africa
LBN,Lebanon,2080,opt,bws,One,5,3.5,4,Extremely High (>80%),Asia,Middle East & North Africa
LBN,Lebanon,2080,bau,bws,One,5,5.5,4,Extremely High (>80%),Asia,Middle East & North Africa
LBN,Lebanon,2080,pes,bws,One,5,4.5,4,Extremely High (>80%),Asia,Middle East & North Africa
QAT,Qatar,2030,opt,bws,One,5,3.5,4,Extremely High (>80%),Asia,Middle East & North Africa
QAT,Qatar,2030,bau,bws,One,5,3,4,Extremely High (>80%),Asia,Middle East & North Africa
QAT,Qatar,2030,pes,bws,One,5,3.5,4,Extremely High (>80%),Asia,Middle East & North Africa
QAT,Qatar,2050,opt,bws,One,5,4,4,Extremely High (>80%),Asia,Middle East & North Africa
QAT,Qatar,2050,bau,bws,One,5,3.5,4,Extremely High (>80%),Asia,Middle East & North Africa
QAT,Qatar,2050,pes,bws,One,5,3.5,4,Extremely High (>80%),Asia,Middle East & North Africa
QAT,Qatar,2080,opt,bws,One,5,3.5,4,Extremely High (>80%),Asia,Middle East & North Africa
QAT,Qatar,2080,bau,bws,One,5,5.5,4,Extremely High (>80%),Asia,Middle East & North Africa
QAT,Qatar,2080,pes,bws,One,5,4.5,4,Extremely High (>80%),Asia,Middle East & North Africa
SMR,San Marino,2050,opt,bws,One,5,4,4,Extremely High (>80%),Europe,Europe & Central Asia
SMR,San Marino,2080,bau,bws,One,5,5.5,4,Extremely High (>80%),Europe,Europe & Central Asia
SMR,San Marino,2080,pes,bws,One,5,4.5,4,Extremely High (>80%),Europe,Europe & Central Asia
BHR,Bahrain,2030,opt,bws,Liv,5,3.5,4,Extremely High (>80%),Asia,Middle East & North Africa
BHR,Bahrain,2030,bau,bws,Liv,5,3,4,Extremely High (>80%),Asia,Middle East & North Africa
BHR,Bahrain,2030,pes,bws,Liv,5,3.5,4,Extremely High (>80%),Asia,Middle East & North Africa
BHR,Bahrain,2050,opt,bws,Liv,5,3.5,4,Extremely High (>80%),Asia,Middle East & North Africa
BHR,Bahrain,2050,bau,bws,Liv,5,3,4,Extremely High (>80%),Asia,Middle East & North Africa
BHR,Bahrain,2050,pes,bws,Liv,5,3,4,Extremely High (>80%),Asia,Middle East & North Africa
BHR,Bahrain,2080,opt,bws,Liv,5,3.5,4,Extremely High (>80%),Asia,Middle East & North Africa
BHR,Bahrain,2080,bau,bws,Liv,5,6,4,Extremely High (>80%),Asia,Middle East & North Africa
BHR,Bahrain,2080,pes,bws,Liv,5,4.5,4,Extremely High (>80%),Asia,Middle East & North Africa
CYP,Cyprus,2030,opt,bws,Liv,5,3.5,4,Extremely High (>80%),Asia,Europe & Central Asia
CYP,Cyprus,2030,bau,bws,Liv,5,3,4,Extremely High (>80%),Asia,Europe & Central Asia
CYP,Cyprus,2030,pes,bws,Liv,5,3.5,4,Extremely High (>80%),Asia,Europe & Central Asia
CYP,Cyprus,2050,opt,bws,Liv,5,3.5,4,Extremely High (>80%),Asia,Europe & Central Asia
CYP,Cyprus,2050,bau,bws,Liv,5,3,4,Extremely High (>80%),Asia,Europe & Central Asia
CYP,Cyprus,2050,pes,bws,Liv,5,3,4,Extremely High (>80%),Asia,Europe & Central Asia
CYP,Cyprus,2080,opt,bws,Liv,5,3.5,4,Extremely High (>80%),Asia,Europe & Central Asia
CYP,Cyprus,2080,bau,bws,Liv,5,6,4,Extremely High (>80%),Asia,Europe & Central Asia
CYP,Cyprus,2080,pes,bws,Liv,5,4.5,4,Extremely High (>80%),Asia,Europe & Central Asia
ISR,Israel,2080,bau,bws,Liv,5,6,4,Extremely High (>80%),Asia,Middle East & North Africa
ISR,Israel,2080,pes,bws,Liv,5,4.5,4,Extremely High (>80%),Asia,Middle East & North Africa
JOR,Jordan,2080,bau,bws,Liv,5,6,4,Extremely High (>80%),Asia,Middle East & North Africa
LBN,Lebanon,2030,opt,bws,Liv,5,3.5,4,Extremely High (>80%),Asia,Middle East & North Africa
LBN,Lebanon,2030,pes,bws,Liv,5,3.5,4,Extremely High (>80%),Asia,Middle East & North Africa
LBN,Lebanon,2050,opt,bws,Liv,5,3.5,4,Extremely High (>80%),Asia,Middle East & North Africa
LBN,Lebanon,2050,bau,bws,Liv,5,3,4,Extremely High (>80%),Asia,Middle East & North Africa
LBN,Lebanon,2050,pes,bws,Liv,5,3,4,Extremely High (>80%),Asia,Middle East & North Africa
LBN,Lebanon,2080,opt,bws,Liv,5,3.5,4,Extremely High (>80%),Asia,Middle East & North Africa
LBN,Lebanon,2080,bau,bws,Liv,5,6,4,Extremely High (>80%),Asia,Middle East & North Africa
LBN,Lebanon,2080,pes,bws,Liv,5,4.5,4,Extremely High (>80%),Asia,Middle East & North Africa
SMR,San Marino,2050,opt,bws,Liv,5,3.5,4,Extremely High (>80%),Europe,Europe & Central Asia
SMR,San Marino,2080,bau,bws,Liv,5,6,4,Extremely High (>80%),Europe,Europe & Central Asia
SMR,San Marino,2080,pes,bws,Liv,5,4.5,4,Extremely High (>80%),Europe,Europe & Central Asia
ARE,United Arab Emirates,2030,opt,bws,Irr,5,4,4,Extremely High (>80%),Asia,Middle East & North Africa
ARE,United Arab Emirates,2030,bau,bws,Irr,5,3.5,4,Extremely High (>80%),Asia,Middle East & North Africa
ARE,United Arab Emirates,2030,pes,bws,Irr,5,4,4,Extremely High (>80%),Asia,Middle East & North Africa
ARE,United Arab Emirates,2050,opt,bws,Irr,5,4,4,Extremely High (>80%),Asia,Middle East & North Africa
ARE,United Arab Emirates,2050,bau,bws,Irr,5,4,4,Extremely High (>80%),Asia,Middle East & North Africa
ARE,United Arab Emirates,2050,pes,bws,Irr,5,4,4,Extremely High (>80%),Asia,Middle East & North Africa
ARE,United Arab Emirates,2080,opt,bws,Irr,5,4,4,Extremely High (>80%),Asia,Middle East & North Africa
ARE,United Arab Emirates,2080,bau,bws,Irr,5,4.5,4,Extremely High (>80%),Asia,Middle East & North Africa
ARE,United Arab Emirates,2080,pes,bws,Irr,5,4.5,4,Extremely High (>80%),Asia,Middle East & North Africa
BHR,Bahrain,2030,opt,bws,Irr,5,4,4,Extremely High (>80%),Asia,Middle East & North Africa
BHR,Bahrain,2030,bau,bws,Irr,5,3.5,4,Extremely High (>80%),Asia,Middle East & North Africa
BHR,Bahrain,2030,pes,bws,Irr,5,4,4,Extremely High (>80%),Asia,Middle East & North Africa
BHR,Bahrain,2050,opt,bws,Irr,5,4,4,Extremely High (>80%),Asia,Middle East & North Africa
BHR,Bahrain,2050,bau,bws,Irr,5,4,4,Extremely High (>80%),Asia,Middle East & North Africa
BHR,Bahrain,2050,pes,bws,Irr,5,4,4,Extremely High (>80%),Asia,Middle East & North Africa
BHR,Bahrain,2080,opt,bws,Irr,5,4,4,Extremely High (>80%),Asia,Middle East & North Africa
BHR,Bahrain,2080,bau,bws,Irr,5,4.5,4,Extremely High (>80%),Asia,Middle East & North Africa
BHR,Bahrain,2080,pes,bws,Irr,5,4.5,4,Extremely High (>80%),Asia,Middle East & North Africa
CYP,Cyprus,2030,opt,bws,Irr,5,4,4,Extremely High (>80%),Asia,Europe & Central Asia
CYP,Cyprus,2030,bau,bws,Irr,5,3.5,4,Extremely High (>80%),Asia,Europe & Central Asia
CYP,Cyprus,2030,pes,bws,Irr,5,4,4,Extremely High (>80%),Asia,Europe & Central Asia
CYP,Cyprus,2050,opt,bws,Irr,5,4,4,Extremely High (>80%),Asia,Europe & Central Asia
CYP,Cyprus,2050,bau,bws,Irr,5,4,4,Extremely High (>80%),Asia,Europe & Central Asia
CYP,Cyprus,2050,pes,bws,Irr,5,4,4,Extremely High (>80%),Asia,Europe & Central Asia
CYP,Cyprus,2080,opt,bws,Irr,5,4,4,Extremely High (>80%),Asia,Europe & Central Asia
CYP,Cyprus,2080,bau,bws,Irr,5,4.5,4,Extremely High (>80%),Asia,Europe & Central Asia
CYP,Cyprus,2080,pes,bws,Irr,5,4.5,4,Extremely High (>80%),Asia,Europe & Central Asia
ISR,Israel,2080,bau,bws,Irr,5,4.5,4,Extremely High (>80%),Asia,Middle East & North Africa
ISR,Israel,2080,pes,bws,Irr,5,4.5,4,Extremely High (>80%),Asia,Middle East & North Africa
JOR,Jordan,2080,bau,bws,Irr,5,4.5,4,Extremely High (>80%),Asia,Middle East & North Africa
LBN,Lebanon,2030,opt,bws,Irr,5,4,4,Extremely High (>80%),Asia,Middle East & North Africa
LBN,Lebanon,2030,pes,bws,Irr,5,4,4,Extremely High (>80%),Asia,Middle East & North Africa
LBN,Lebanon,2050,opt,bws,Irr,5,4,4,Extremely High (>80%),Asia,Middle East & North Africa
LBN,Lebanon,2050,bau,bws,Irr,5,4,4,Extremely High (>80%),Asia,Middle East & North Africa
LBN,Lebanon,2050,pes,bws,Irr,5,4,4,Extremely High (>80%),Asia,Middle East & North Africa
LBN,Lebanon,2080,opt,bws,Irr,5,4,4,Extremely High (>80%),Asia,Middle East & North Africa
LBN,Lebanon,2080,bau,bws,Irr,5,4.5,4,Extremely High (>80%),Asia,Middle East & North Africa
LBN,Lebanon,2080,pes,bws,Irr,5,4.5,4,Extremely High (>80%),Asia,Middle East & North Africa
QAT,Qatar,2030,opt,bws,Irr,5,4,4,Extremely High (>80%),Asia,Middle East & North Africa
QAT,Qatar,2030,bau,bws,Irr,5,3.5,4,Extremely High (>80%),Asia,Middle East & North Africa
QAT,Qatar,2030,pes,bws,Irr,5,4,4,Extremely High (>80%),Asia,Middle East & North Africa
QAT,Qatar,2050,opt,bws,Irr,5,4,4,Extremely High (>80%),Asia,Middle East & North Africa
QAT,Qatar,2050,bau,bws,Irr,5,4,4,Extremely High (>80%),Asia,Middle East & North Africa
QAT,Qatar,2050,pes,bws,Irr,5,4,4,Extremely High (>80%),Asia,Middle East & North Africa
QAT,Qatar,2080,opt,bws,Irr,5,4,4,Extremely High (>80%),Asia,Middle East & North Africa
QAT,Qatar,2080,bau,bws,Irr,5,4.5,4,Extremely High (>80%),Asia,Middle East & North Africa
QAT,Qatar,2080,pes,bws,Irr,5,4.5,4,Extremely High (>80%),Asia,Middle East & North Africa
BHR,Bahrain,2030,opt,bws,Ind,5,3.5,4,Extremely High (>80%),Asia,Middle East & North Africa
BHR,Bahrain,2030,bau,bws,Ind,5,1,4,Extremely High (>80%),Asia,Middle East & North Africa
BHR,Bahrain,2030,pes,bws,Ind,5,1,4,Extremely High (>80%),Asia,Middle East & North Africa
BHR,Bahrain,2050,opt,bws,Ind,5,3.5,4,Extremely High (>80%),Asia,Middle East & North Africa
BHR,Bahrain,2050,bau,bws,Ind,5,3.5,4,Extremely High (>80%),Asia,Middle East & North Africa
BHR,Bahrain,2050,pes,bws,Ind,5,3.5,4,Extremely High (>80%),Asia,Middle East & North Africa
BHR,Bahrain,2080,bau,bws,Ind,5,5.5,4,Extremely High (>80%),Asia,Middle East & North Africa
BHR,Bahrain,2080,pes,bws,Ind,5,4,4,Extremely High (>80%),Asia,Middle East & North Africa
CYP,Cyprus,2030,opt,bws,Ind,5,3.5,4,Extremely High (>80%),Asia,Europe & Central Asia
CYP,Cyprus,2030,bau,bws,Ind,5,3.5,4,Extremely High (>80%),Asia,Europe & Central Asia
CYP,Cyprus,2030,pes,bws,Ind,5,4,4,Extremely High (>80%),Asia,Europe & Central Asia
CYP,Cyprus,2050,opt,bws,Ind,5,3.5,4,Extremely High (>80%),Asia,Europe & Central Asia
CYP,Cyprus,2050,bau,bws,Ind,5,1,4,Extremely High (>80%),Asia,Europe & Central Asia
CYP,Cyprus,2050,pes,bws,Ind,5,3.5,4,Extremely High (>80%),Asia,Europe & Central Asia
CYP,Cyprus,2080,opt,bws,Ind,5,3,4,Extremely High (>80%),Asia,Europe & Central Asia
CYP,Cyprus,2080,bau,bws,Ind,5,5.5,4,Extremely High (>80%),Asia,Europe & Central Asia
CYP,Cyprus,2080,pes,bws,Ind,5,4,4,Extremely High (>80%),Asia,Europe & Central Asia
ISR,Israel,2080,bau,bws,Ind,5,5.5,4,Extremely High (>80%),Asia,Middle East & North Africa
ISR,Israel,2080,pes,bws,Ind,5,4,4,Extremely High (>80%),Asia,Middle East & North Africa
JOR,Jordan,2080,bau,bws,Ind,5,5.5,4,Extremely High (>80%),Asia,Middle East & North Africa
LBN,Lebanon,2030,opt,bws,Ind,5,3.5,4,Extremely High (>80%),Asia,Middle East & North Africa
LBN,Lebanon,2030,pes,bws,Ind,5,4,4,Extremely High (>80%),Asia,Middle East & North Africa
LBN,Lebanon,2050,opt,bws,Ind,5,3.5,4,Extremely High (>80%),Asia,Middle East & North Africa
LBN,Lebanon,2050,pes,bws,Ind,5,3.5,4,Extremely High (>80%),Asia,Middle East & North Africa
LBN,Lebanon,2080,opt,bws,Ind,5,3,4,Extremely High (>80%),Asia,Middle East & North Africa
LBN,Lebanon,2080,bau,bws,Ind,5,5.5,4,Extremely High (>80%),Asia,Middle East & North Africa
LBN,Lebanon,2080,pes,bws,Ind,5,4,4,Extremely High (>80%),Asia,Middle East & North Africa
QAT,Qatar,2030,opt,bws,Ind,5,3.5,4,Extremely High (>80%),Asia,Middle East & North Africa
QAT,Qatar,2030,bau,bws,Ind,5,3.5,4,Extremely High (>80%),Asia,Middle East & North Africa
QAT,Qatar,2030,pes,bws,Ind,5,4,4,Extremely High (>80%),Asia,Middle East & North Africa
QAT,Qatar,2050,opt,bws,Ind,5,3.5,4,Extremely High (>80%),Asia,Middle East & North Africa
QAT,Qatar,2050,bau,bws,Ind,5,3.5,4,Extremely High (>80%),Asia,Middle East & North Africa
QAT,Qatar,2050,pes,bws,Ind,5,3.5,4,Extremely High (>80%),Asia,Middle East & North Africa
QAT,Qatar,2080,opt,bws,Ind,5,3,4,Extremely High (>80%),Asia,Middle East & North Africa
QAT,Qatar,2080,bau,bws,Ind,5,5.5,4,Extremely High (>80%),Asia,Middle East & North Africa
SMR,San Marino,2050,opt,bws,Ind,5,3.5,4,Extremely High (>80%),Europe,Europe & Central Asia
SMR,San Marino,2080,bau,bws,Ind,5,5.5,4,Extremely High (>80%),Europe,Europe & Central Asia
SMR,San Marino,2080,pes,bws,Ind,5,4,4,Extremely High (>80%),Europe,Europe & Central Asia
ARE,United Arab Emirates,2030,opt,bws,Dom,5,1,4,Extremely High (>80%),Asia,Middle East & North Africa
ARE,United Arab Emirates,2030,bau,bws,Dom,5,1,4,Extremely High (>80%),Asia,Middle East & North Africa
ARE,United Arab Emirates,2030,pes,bws,Dom,5,3.5,4,Extremely High (>80%),Asia,Middle East & North Africa
ARE,United Arab Emirates,2050,opt,bws,Dom,5,4.5,4,Extremely High (>80%),Asia,Middle East & North Africa
ARE,United Arab Emirates,2050,bau,bws,Dom,5,4.5,4,Extremely High (>80%),Asia,Middle East & North Africa
ARE,United Arab Emirates,2050,pes,bws,Dom,5,4,4,Extremely High (>80%),Asia,Middle East & North Africa
ARE,United Arab Emirates,2080,opt,bws,Dom,5,4,4,Extremely High (>80%),Asia,Middle East & North Africa
ARE,United Arab Emirates,2080,bau,bws,Dom,5,6.5,4,Extremely High (>80%),Asia,Middle East & North Africa
ARE,United Arab Emirates,2080,pes,bws,Dom,5,5.5,4,Extremely High (>80%),Asia,Middle East & North Africa
BHR,Bahrain,2030,opt,bws,Dom,5,4,4,Extremely High (>80%),Asia,Middle East & North Africa
BHR,Bahrain,2030,bau,bws,Dom,5,4,4,Extremely High (>80%),Asia,Middle East & North Africa
BHR,Bahrain,2030,pes,bws,Dom,5,3.5,4,Extremely High (>80%),Asia,Middle East & North Africa
BHR,Bahrain,2050,opt,bws,Dom,5,4.5,4,Extremely High (>80%),Asia,Middle East & North Africa
BHR,Bahrain,2050,bau,bws,Dom,5,4.5,4,Extremely High (>80%),Asia,Middle East & North Africa
BHR,Bahrain,2050,pes,bws,Dom,5,4,4,Extremely High (>80%),Asia,Middle East & North Africa
BHR,Bahrain,2080,opt,bws,Dom,5,4,4,Extremely High (>80%),Asia,Middle East & North Africa
BHR,Bahrain,2080,bau,bws,Dom,5,1.5,4,Extremely High (>80%),Asia,Middle East & North Africa
BHR,Bahrain,2080,pes,bws,Dom,5,1,4,Extremely High (>80%),Asia,Middle East & North Africa
CYP,Cyprus,2030,opt,bws,Dom,5,4,4,Extremely High (>80%),Asia,Europe & Central Asia
CYP,Cyprus,2030,bau,bws,Dom,5,4,4,Extremely High (>80%),Asia,Europe & Central Asia
CYP,Cyprus,2030,pes,bws,Dom,5,3.5,4,Extremely High (>80%),Asia,Europe & Central Asia
CYP,Cyprus,2050,opt,bws,Dom,5,4.5,4,Extremely High (>80%),Asia,Europe & Central Asia
CYP,Cyprus,2050,bau,bws,Dom,5,4.5,4,Extremely High (>80%),Asia,Europe & Central Asia
CYP,Cyprus,2050,pes,bws,Dom,5,4,4,Extremely High (>80%),Asia,Europe & Central Asia
CYP,Cyprus,2080,opt,bws,Dom,5,4,4,Extremely High (>80%),Asia,Europe & Central Asia
CYP,Cyprus,2080,bau,bws,Dom,5,6.5,4,Extremely High (>80%),Asia,Europe & Central Asia
CYP,Cyprus,2080,pes,bws,Dom,5,5.5,4,Extremely High (>80%),Asia,Europe & Central Asia
ISR,Israel,2080,bau,bws,Dom,5,1.5,4,Extremely High (>80%),Asia,Middle East & North Africa
ISR,Israel,2080,pes,bws,Dom,5,5.5,4,Extremely High (>80%),Asia,Middle East & North Africa
JOR,Jordan,2080,bau,bws,Dom,5,6.5,4,Extremely High (>80%),Asia,Middle East & North Africa
LBN,Lebanon,2050,opt,bws,Dom,5,4.5,4,Extremely High (>80%),Asia,Middle East & North Africa
LBN,Lebanon,2050,bau,bws,Dom,5,4.5,4,Extremely High (>80%),Asia,Middle East & North Africa
LBN,Lebanon,2050,pes,bws,Dom,5,4,4,Extremely High (>80%),Asia,Middle East & North Africa
LBN,Lebanon,2080,opt,bws,Dom,5,4,4,Extremely High (>80%),Asia,Middle East & North Africa
LBN,Lebanon,2080,pes,bws,Dom,5,5.5,4,Extremely High (>80%),Asia,Middle East & North Africa
OMN,Oman,2050,bau,bws,Dom,5,4.5,4,Extremely High (>80%),Asia,Middle East & North Africa
QAT,Qatar,2030,opt,bws,Dom,5,4,4,Extremely High (>80%),Asia,Middle East & North Africa
QAT,Qatar,2030,bau,bws,Dom,5,4,4,Extremely High (>80%),Asia,Middle East & North Africa
QAT,Qatar,2030,pes,bws,Dom,5,3.5,4,Extremely High (>80%),Asia,Middle East & North Africa
QAT,Qatar,2050,opt,bws,Dom,5,4.5,4,Extremely High (>80%),Asia,Middle East & North Africa
QAT,Qatar,2050,bau,bws,Dom,5,4.5,4,Extremely High (>80%),Asia,Middle East & North Africa
QAT,Qatar,2050,pes,bws,Dom,5,4,4,Extremely High (>80%),Asia,Middle East & North Africa
QAT,Qatar,2080,opt,bws,Dom,5,4,4,Extremely High (>80%),Asia,Middle East & North Africa
QAT,Qatar,2080,bau,bws,Dom,5,6.5,4,Extremely High (>80%),Asia,Middle East & North Africa
QAT,Qatar,2080,pes,bws,Dom,5,5.5,4,Extremely High (>80%),Asia,Middle East & North Africa
SMR,San Marino,2050,opt,bws,Dom,5,4.5,4,Extremely High (>80%),Europe,Europe & Central Asia
SMR,San Marino,2080,bau,bws,Dom,5,6.5,4,Extremely High (>80%),Europe,Europe & Central Asia
SMR,San Marino,2080,pes,bws,Dom,5,5.5,4,Extremely High (>80%),Europe,Europe & Central Asia
BHR,Bahrain,2080,opt,bws,Tot,4.99999999999999,6,4,Extremely High (>80%),Asia,Middle East & North Africa
QAT,Qatar,2030,opt,bws,Liv,4.99999999999999,6,4,Extremely High (>80%),Asia,Middle East & North Africa
QAT,Qatar,2030,bau,bws,Liv,4.99999999999999,5,4,Extremely High (>80%),Asia,Middle East & North Africa
QAT,Qatar,2030,pes,bws,Liv,4.99999999999999,6,4,Extremely High (>80%),Asia,Middle East & North Africa
QAT,Qatar,2050,opt,bws,Liv,4.99999999999999,7,4,Extremely High (>80%),Asia,Middle East & North Africa
QAT,Qatar,2050,bau,bws,Liv,4.99999999999999,6,4,Extremely High (>80%),Asia,Middle East & North Africa
QAT,Qatar,2050,pes,bws,Liv,4.99999999999999,6,4,Extremely High (>80%),Asia,Middle East & North Africa
QAT,Qatar,2080,opt,bws,Liv,4.99999999999999,6,4,Extremely High (>80%),Asia,Middle East & North Africa
QAT,Qatar,2080,bau,bws,Liv,4.99999999999999,11,4,Extremely High (>80%),Asia,Middle East & North Africa
QAT,Qatar,2080,pes,bws,Liv,4.99999999999999,8,4,Extremely High (>80%),Asia,Middle East & North Africa
BHR,Bahrain,2080,opt,bws,Ind,4.99999999999999,6,4,Extremely High (>80%),Asia,Middle East & North Africa
LBN,Lebanon,2050,bau,bws,Ind,4.99999999999999,6,4,Extremely High (>80%),Asia,Middle East & North Africa
QAT,Qatar,2080,pes,bws,Ind,4.99999999999999,8,4,Extremely High (>80%),Asia,Middle East & North Africa
LBN,Lebanon,2030,opt,bws,Dom,4.99999999999999,7,4,Extremely High (>80%),Asia,Middle East & North Africa
LBN,Lebanon,2030,pes,bws,Dom,4.99999999999999,7,4,Extremely High (>80%),Asia,Middle East & North Africa
LBN,Lebanon,2080,bau,bws,Dom,4.99999999999999,11.5,4,Extremely High (>80%),Asia,Middle East & North Africa
ARE,United Arab Emirates,2080,bau,bws,Tot,4.99999334129085,12,4,Extremely High (>80%),Asia,Middle East & North Africa
ARE,United Arab Emirates,2080,pes,bws,Tot,4.9999929816521,9,4,Extremely High (>80%),Asia,Middle East & North Africa
ARE,United Arab Emirates,2080,opt,bws,Tot,4.99999276651504,7,4,Extremely High (>80%),Asia,Middle East & North Africa
ARE,United Arab Emirates,2050,pes,bws,Tot,4.99999272697561,7,4,Extremely High (>80%),Asia,Middle East & North Africa
ARE,United Arab Emirates,2050,opt,bws,Tot,4.9999925034176,8,4,Extremely High (>80%),Asia,Middle East & North Africa
ARE,United Arab Emirates,2050,bau,bws,Tot,4.99999242570137,7,4,Extremely High (>80%),Asia,Middle East & North Africa
ARE,United Arab Emirates,2030,opt,bws,Tot,4.99999175742418,7,4,Extremely High (>80%),Asia,Middle East & North Africa
ARE,United Arab Emirates,2030,pes,bws,Tot,4.99999159297106,7,4,Extremely High (>80%),Asia,Middle East & North Africa
ARE,United Arab Emirates,2030,bau,bws,Tot,4.99999157436606,6,4,Extremely High (>80%),Asia,Middle East & North Africa
OMN,Oman,2030,opt,bws,Dom,4.99988620351516,8,4,Extremely High (>80%),Asia,Middle East & North Africa
OMN,Oman,2050,opt,bws,Dom,4.99985616185507,9,4,Extremely High (>80%),Asia,Middle East & North Africa
ARE,United Arab Emirates,2030,opt,bws,Liv,4.99979382551568,7,4,Extremely High (>80%),Asia,Middle East & North Africa
ARE,United Arab Emirates,2030,bau,bws,Liv,4.99979382551568,6,4,Extremely High (>80%),Asia,Middle East & North Africa
ARE,United Arab Emirates,2030,pes,bws,Liv,4.99979382551568,7,4,Extremely High (>80%),Asia,Middle East & North Africa
ARE,United Arab Emirates,2050,opt,bws,Liv,4.99979382551568,8,4,Extremely High (>80%),Asia,Middle East & North Africa
ARE,United Arab Emirates,2050,bau,bws,Liv,4.99979382551568,7,4,Extremely High (>80%),Asia,Middle East & North Africa
ARE,United Arab Emirates,2050,pes,bws,Liv,4.99979382551568,7,4,Extremely High (>80%),Asia,Middle East & North Africa
ARE,United Arab Emirates,2080,opt,bws,Liv,4.99979382551568,7,4,Extremely High (>80%),Asia,Middle East & North Africa
ARE,United Arab Emirates,2080,bau,bws,Liv,4.99979382551568,12,4,Extremely High (>80%),Asia,Middle East & North Africa
ARE,United Arab Emirates,2080,pes,bws,Liv,4.99979382551568,9,4,Extremely High (>80%),Asia,Middle East & North Africa
ARE,United Arab Emirates,2080,bau,bws,Ind,4.99976113547521,12,4,Extremely High (>80%),Asia,Middle East & North Africa
ARE,United Arab Emirates,2080,pes,bws,Ind,4.99974807413476,9,4,Extremely High (>80%),Asia,Middle East & North Africa
ARE,United Arab Emirates,2080,opt,bws,Ind,4.99972965379231,7,4,Extremely High (>80%),Asia,Middle East & North Africa
ARE,United Arab Emirates,2050,pes,bws,Ind,4.99970488309738,7,4,Extremely High (>80%),Asia,Middle East & North Africa
ARE,United Arab Emirates,2050,opt,bws,Ind,4.99969285513404,8,4,Extremely High (>80%),Asia,Middle East & North Africa
ARE,United Arab Emirates,2050,bau,bws,Ind,4.99968474702279,7,4,Extremely High (>80%),Asia,Middle East & North Africa
OMN,Oman,2050,bau,bws,Liv,4.99963956534395,8,4,Extremely High (>80%),Asia,Middle East & North Africa
ARE,United Arab Emirates,2030,pes,bws,Ind,4.99957633697737,7,4,Extremely High (>80%),Asia,Middle East & North Africa
ARE,United Arab Emirates,2030,opt,bws,Ind,4.99957087713776,7,4,Extremely High (>80%),Asia,Middle East & North Africa
ARE,United Arab Emirates,2030,bau,bws,Ind,4.99956414823835,6,4,Extremely High (>80%),Asia,Middle East & North Africa
OMN,Oman,2030,opt,bws,Irr,4.99948205446421,8,4,Extremely High (>80%),Asia,Middle East & North Africa
OMN,Oman,2050,bau,bws,Ind,4.99930161025741,8,4,Extremely High (>80%),Asia,Middle East & North Africa
JOR,Jordan,2080,pes,bws,Dom,4.99855056610998,10,4,Extremely High (>80%),Asia,Middle East & North Africa
JOR,Jordan,2080,pes,bws,Ind,4.998519516221,10,4,Extremely High (>80%),Asia,Middle East & North Africa
JOR,Jordan,2080,pes,bws,Liv,4.99849454467303,11,4,Extremely High (>80%),Asia,Middle East & North Africa
OMN,Oman,2050,opt,bws,Ind,4.99835672493152,9,4,Extremely High (>80%),Asia,Middle East & North Africa
OMN,Oman,2030,opt,bws,Ind,4.99804111683968,8,4,Extremely High (>80%),Asia,Middle East & North Africa
OMN,Oman,2050,bau,bws,Tot,4.99794043010355,8,4,Extremely High (>80%),Asia,Middle East & North Africa
OMN,Oman,2030,opt,bws,Tot,4.99756565237227,8,4,Extremely High (>80%),Asia,Middle East & North Africa
JOR,Jordan,2080,pes,bws,Tot,4.99750361840464,11,4,Extremely High (>80%),Asia,Middle East & North Africa
OMN,Oman,2080,bau,bws,Dom,4.99653646588991,13,4,Extremely High (>80%),Asia,Middle East & North Africa
OMN,Oman,2030,pes,bws,Irr,4.99639891045469,8,4,Extremely High (>80%),Asia,Middle East & North Africa
JOR,Jordan,2080,pes,bws,Irr,4.99554213974958,9,4,Extremely High (>80%),Asia,Middle East & North Africa
OMN,Oman,2050,bau,bws,Irr,4.99525620241401,8,4,Extremely High (>80%),Asia,Middle East & North Africa
OMN,Oman,2080,bau,bws,Ind,4.99499663583641,14,4,Extremely High (>80%),Asia,Middle East & North Africa
OMN,Oman,2030,pes,bws,Liv,4.99494937189398,9,4,Extremely High (>80%),Asia,Middle East & North Africa
OMN,Oman,2030,opt,bws,Liv,4.99493417359715,9,4,Extremely High (>80%),Asia,Middle East & North Africa
OMN,Oman,2050,opt,bws,Liv,4.99257884757516,10,4,Extremely High (>80%),Asia,Middle East & North Africa
OMN,Oman,2080,bau,bws,Liv,4.99225419450752,14,4,Extremely High (>80%),Asia,Middle East & North Africa
LBN,Lebanon,2030,bau,bws,Ind,4.99217270300886,7,4,Extremely High (>80%),Asia,Middle East & North Africa
LBN,Lebanon,2030,bau,bws,Dom,4.99161015265776,7,4,Extremely High (>80%),Asia,Middle East & North Africa
JOR,Jordan,2080,pes,bws,One,4.990393681615,9,4,Extremely High (>80%),Asia,Middle East & North Africa
OMN,Oman,2050,opt,bws,Tot,4.99033354817078,9,4,Extremely High (>80%),Asia,Middle East & North Africa
OMN,Oman,2030,pes,bws,Tot,4.99033140674629,8,4,Extremely High (>80%),Asia,Middle East & North Africa
OMN,Oman,2080,bau,bws,Tot,4.99030311485467,14,4,Extremely High (>80%),Asia,Middle East & North Africa
LBN,Lebanon,2030,bau,bws,One,4.98894259349724,6,4,Extremely High (>80%),Asia,Middle East & North Africa
ISR,Israel,2050,bau,bws,Irr,4.98809325908388,9,4,Extremely High (>80%),Asia,Middle East & North Africa
LBN,Lebanon,2030,bau,bws,Tot,4.98495058357989,7,4,Extremely High (>80%),Asia,Middle East & North Africa
ISR,Israel,2080,opt,bws,Irr,4.98410582783031,8,4,Extremely High (>80%),Asia,Middle East & North Africa
OMN,Oman,2030,pes,bws,Dom,4.98409302008682,8,4,Extremely High (>80%),Asia,Middle East & North Africa
ISR,Israel,2050,pes,bws,Irr,4.98349201156052,8,4,Extremely High (>80%),Asia,Middle East & North Africa
OMN,Oman,2030,pes,bws,Ind,4.98293719506388,8,4,Extremely High (>80%),Asia,Middle East & North Africa
LBN,Lebanon,2030,bau,bws,Liv,4.98241705498842,7,4,Extremely High (>80%),Asia,Middle East & North Africa
TUN,Tunisia,2080,bau,bws,Irr,4.98197761984715,12,4,Extremely High (>80%),Africa,Middle East & North Africa
OMN,Oman,2050,pes,bws,Dom,4.98132398066475,8,4,Extremely High (>80%),Asia,Middle East & North Africa
OMN,Oman,2050,pes,bws,Ind,4.98041424943836,8,4,Extremely High (>80%),Asia,Middle East & North Africa
ISR,Israel,2030,bau,bws,Irr,4.97957418697812,7,4,Extremely High (>80%),Asia,Middle East & North Africa
ISR,Israel,2030,opt,bws,Irr,4.97953557890429,9,4,Extremely High (>80%),Asia,Middle East & North Africa
OMN,Oman,2050,pes,bws,Tot,4.97936956454854,8,4,Extremely High (>80%),Asia,Middle East & North Africa
LBN,Lebanon,2030,bau,bws,Irr,4.97882153724018,8,4,Extremely High (>80%),Asia,Middle East & North Africa
OMN,Oman,2080,bau,bws,Irr,4.97852556136407,13,4,Extremely High (>80%),Asia,Middle East & North Africa
OMN,Oman,2050,opt,bws,Irr,4.97840106772781,8,4,Extremely High (>80%),Asia,Middle East & North Africa
OMN,Oman,2050,pes,bws,Irr,4.97714948314684,9,4,Extremely High (>80%),Asia,Middle East & North Africa
ISR,Israel,2050,bau,bws,Dom,4.97590356459842,9,4,Extremely High (>80%),Asia,Middle East & North Africa
TUN,Tunisia,2080,bau,bws,Tot,4.97413045597808,15,4,Extremely High (>80%),Africa,Middle East & North Africa
ISR,Israel,2030,pes,bws,Irr,4.97362503288177,9,4,Extremely High (>80%),Asia,Middle East & North Africa
ISR,Israel,2050,pes,bws,Dom,4.97328444117729,9,4,Extremely High (>80%),Asia,Middle East & North Africa
ISR,Israel,2050,opt,bws,Irr,4.9731354045255,9,4,Extremely High (>80%),Asia,Middle East & North Africa
OMN,Oman,2030,bau,bws,Dom,4.97302806435741,8,4,Extremely High (>80%),Asia,Middle East & North Africa
ISR,Israel,2050,bau,bws,Tot,4.97194896477933,9,4,Extremely High (>80%),Asia,Middle East & North Africa
SMR,San Marino,2080,opt,bws,Tot,4.97093621243372,8,4,Extremely High (>80%),Europe,Europe & Central Asia
SMR,San Marino,2080,opt,bws,One,4.97093621243372,7,4,Extremely High (>80%),Europe,Europe & Central Asia
SMR,San Marino,2080,opt,bws,Liv,4.97093621243372,8,4,Extremely High (>80%),Europe,Europe & Central Asia
SMR,San Marino,2080,opt,bws,Ind,4.97093621243372,8,4,Extremely High (>80%),Europe,Europe & Central Asia
SMR,San Marino,2080,opt,bws,Dom,4.97093621243372,8,4,Extremely High (>80%),Europe,Europe & Central Asia
SAU,Saudi Arabia,2050,opt,bws,Dom,4.96781746053544,10,4,Extremely High (>80%),Asia,Middle East & North Africa
ISR,Israel,2080,opt,bws,Dom,4.96756938158179,9,4,Extremely High (>80%),Asia,Middle East & North Africa
ISR,Israel,2050,pes,bws,Tot,4.96672563132727,9,4,Extremely High (>80%),Asia,Middle East & North Africa
OMN,Oman,2030,bau,bws,Ind,4.96636753084123,8,4,Extremely High (>80%),Asia,Middle East & North Africa
TUN,Tunisia,2050,pes,bws,Irr,4.96559756821857,10,4,Extremely High (>80%),Africa,Middle East & North Africa
TUN,Tunisia,2080,pes,bws,Irr,4.96400996221706,11,4,Extremely High (>80%),Africa,Middle East & North Africa
ISR,Israel,2030,bau,bws,Dom,4.96364380729618,9,4,Extremely High (>80%),Asia,Middle East & North Africa
ISR,Israel,2030,opt,bws,Dom,4.96298724375257,9,4,Extremely High (>80%),Asia,Middle East & North Africa
ISR,Israel,2030,bau,bws,Tot,4.95974738476241,8,4,Extremely High (>80%),Asia,Middle East & North Africa
ISR,Israel,2030,opt,bws,Tot,4.95952129759457,9,4,Extremely High (>80%),Asia,Middle East & North Africa
TUN,Tunisia,2050,pes,bws,Tot,4.95786051101355,10,4,Extremely High (>80%),Africa,Middle East & North Africa
ISR,Israel,2080,opt,bws,Tot,4.95776374129042,9,4,Extremely High (>80%),Asia,Middle East & North Africa
OMN,Oman,2030,bau,bws,Tot,4.95715639760897,9,4,Extremely High (>80%),Asia,Middle East & North Africa
TUN,Tunisia,2080,pes,bws,Tot,4.95667523857393,13,4,Extremely High (>80%),Africa,Middle East & North Africa
ISR,Israel,2030,pes,bws,Dom,4.95479940080674,9,4,Extremely High (>80%),Asia,Middle East & North Africa
AND,Andorra,2080,pes,bws,Tot,4.9540177796543,14,4,Extremely High (>80%),Europe,Europe & Central Asia
AND,Andorra,2080,pes,bws,One,4.9540177796543,10,4,Extremely High (>80%),Europe,Europe & Central Asia
AND,Andorra,2080,pes,bws,Liv,4.9540177796543,13,4,Extremely High (>80%),Europe,Europe & Central Asia
AND,Andorra,2080,pes,bws,Irr,4.9540177796543,12,4,Extremely High (>80%),Europe,Europe & Central Asia
AND,Andorra,2080,pes,bws,Ind,4.9540177796543,13,4,Extremely High (>80%),Europe,Europe & Central Asia
AND,Andorra,2080,pes,bws,Dom,4.9540177796543,13,4,Extremely High (>80%),Europe,Europe & Central Asia
SAU,Saudi Arabia,2050,bau,bws,Dom,4.95276393765221,10,4,Extremely High (>80%),Asia,Middle East & North Africa
SAU,Saudi Arabia,2050,pes,bws,Dom,4.95266121309507,10,4,Extremely High (>80%),Asia,Middle East & North Africa
ISR,Israel,2050,opt,bws,Dom,4.95118359745096,11,4,Extremely High (>80%),Asia,Middle East & North Africa
SYR,Syria,2080,bau,bws,Dom,4.94988912536308,15,4,Extremely High (>80%),Asia,Middle East & North Africa
LBY,Libya,2080,bau,bws,Irr,4.94980371879144,14,4,Extremely High (>80%),Africa,Middle East & North Africa
TUN,Tunisia,2080,opt,bws,Irr,4.94978328357484,9,4,Extremely High (>80%),Africa,Middle East & North Africa
ISR,Israel,2030,pes,bws,Tot,4.94815470910573,9,4,Extremely High (>80%),Asia,Middle East & North Africa
OMN,Oman,2080,pes,bws,Dom,4.94743997742087,14,4,Extremely High (>80%),Asia,Middle East & North Africa
IRQ,Iraq,2080,bau,bws,Irr,4.94645612807081,15,4,Extremely High (>80%),Asia,Middle East & North Africa
ISR,Israel,2050,bau,bws,Liv,4.94556007694455,10,4,Extremely High (>80%),Asia,Middle East & North Africa
SAU,Saudi Arabia,2050,opt,bws,Tot,4.94325331440037,10,4,Extremely High (>80%),Asia,Middle East & North Africa
OMN,Oman,2030,bau,bws,Irr,4.94197791186618,9,4,Extremely High (>80%),Asia,Middle East & North Africa
IRQ,Iraq,2080,bau,bws,Ind,4.94176294840879,15,4,Extremely High (>80%),Asia,Middle East & North Africa
OMN,Oman,2030,bau,bws,Liv,4.94086397626112,8,4,Extremely High (>80%),Asia,Middle East & North Africa
LBY,Libya,2050,bau,bws,Irr,4.93824489029763,10,4,Extremely High (>80%),Africa,Middle East & North Africa
ISR,Israel,2050,opt,bws,Tot,4.9380506042316,11,4,Extremely High (>80%),Asia,Middle East & North Africa
LBY,Libya,2080,pes,bws,Irr,4.93663982051523,13,4,Extremely High (>80%),Africa,Middle East & North Africa
IRQ,Iraq,2080,bau,bws,Tot,4.93662411037181,16,4,Extremely High (>80%),Asia,Middle East & North Africa
ISR,Israel,2050,pes,bws,Liv,4.93628858006653,9,4,Extremely High (>80%),Asia,Middle East & North Africa
SAU,Saudi Arabia,2050,opt,bws,Irr,4.93614827280049,10,4,Extremely High (>80%),Asia,Middle East & North Africa
OMN,Oman,2080,pes,bws,Tot,4.93607463506084,15,4,Extremely High (>80%),Asia,Middle East & North Africa
SAU,Saudi Arabia,2030,opt,bws,Dom,4.93492884608655,10,4,Extremely High (>80%),Asia,Middle East & North Africa
TUN,Tunisia,2050,bau,bws,Irr,4.93434138383443,11,4,Extremely High (>80%),Africa,Middle East & North Africa
OMN,Oman,2080,pes,bws,Ind,4.93364500057784,14,4,Extremely High (>80%),Asia,Middle East & North Africa
TUN,Tunisia,2080,opt,bws,Tot,4.93201375127606,10,4,Extremely High (>80%),Africa,Middle East & North Africa
LBY,Libya,2050,pes,bws,Irr,4.9297227255702,11,4,Extremely High (>80%),Africa,Middle East & North Africa
SMR,San Marino,2050,pes,bws,Tot,4.92852553140232,11,4,Extremely High (>80%),Europe,Europe & Central Asia
SMR,San Marino,2050,pes,bws,One,4.92852553140232,7,4,Extremely High (>80%),Europe,Europe & Central Asia
SMR,San Marino,2050,pes,bws,Liv,4.92852553140232,10,4,Extremely High (>80%),Europe,Europe & Central Asia
SMR,San Marino,2050,pes,bws,Ind,4.92852553140232,9,4,Extremely High (>80%),Europe,Europe & Central Asia
SMR,San Marino,2050,pes,bws,Dom,4.92852553140232,12,4,Extremely High (>80%),Europe,Europe & Central Asia
SAU,Saudi Arabia,2050,pes,bws,Tot,4.92751631223092,12,4,Extremely High (>80%),Asia,Middle East & North Africa
LBY,Libya,2080,bau,bws,Tot,4.92727742975871,17,4,Extremely High (>80%),Africa,Middle East & North Africa
TUN,Tunisia,2080,bau,bws,Dom,4.92644497909328,16,4,Extremely High (>80%),Africa,Middle East & North Africa
TUN,Tunisia,2050,bau,bws,Tot,4.92620803402215,10,4,Extremely High (>80%),Africa,Middle East & North Africa
JOR,Jordan,2050,bau,bws,Dom,4.92579376968624,12,4,Extremely High (>80%),Asia,Middle East & North Africa
ISR,Israel,2080,opt,bws,Liv,4.9251319155312,10,4,Extremely High (>80%),Asia,Middle East & North Africa
IRQ,Iraq,2080,pes,bws,Irr,4.92393381821748,14,4,Extremely High (>80%),Asia,Middle East & North Africa
JOR,Jordan,2050,bau,bws,Irr,4.92357381871877,12,4,Extremely High (>80%),Asia,Middle East & North Africa
OMN,Oman,2080,pes,bws,Irr,4.92356372377316,15,4,Extremely High (>80%),Asia,Middle East & North Africa
KWT,Kuwait,2030,opt,bws,Ind,4.92245653562108,9,4,Extremely High (>80%),Asia,Middle East & North Africa
LBY,Libya,2050,bau,bws,Tot,4.92122320395648,11,4,Extremely High (>80%),Africa,Middle East & North Africa
JOR,Jordan,2050,bau,bws,Tot,4.92105183053178,12,4,Extremely High (>80%),Asia,Middle East & North Africa
SAU,Saudi Arabia,2080,bau,bws,Dom,4.92060716569719,17,4,Extremely High (>80%),Asia,Middle East & North Africa
TUN,Tunisia,2050,opt,bws,Irr,4.92036326983061,11,4,Extremely High (>80%),Africa,Middle East & North Africa
SAU,Saudi Arabia,2030,bau,bws,Dom,4.91903021659288,11,4,Extremely High (>80%),Asia,Middle East & North Africa
LSO,Lesotho,2080,pes,bws,Irr,4.91869656958265,16,4,Extremely High (>80%),Africa,Sub-Saharan Africa
SAU,Saudi Arabia,2050,pes,bws,Irr,4.91862735391633,12,4,Extremely High (>80%),Asia,Middle East & North Africa
LBY,Libya,2080,pes,bws,Tot,4.91855810300494,16,4,Extremely High (>80%),Africa,Middle East & North Africa
DZA,Algeria,2080,bau,bws,Irr,4.91660533746495,16,4,Extremely High (>80%),Africa,Middle East & North Africa
IRQ,Iraq,2080,pes,bws,Tot,4.9161485929949,17,4,Extremely High (>80%),Asia,Middle East & North Africa
SYR,Syria,2080,bau,bws,Liv,4.91262490267649,15,4,Extremely High (>80%),Asia,Middle East & North Africa
LBY,Libya,2050,pes,bws,Tot,4.91232086857262,13,4,Extremely High (>80%),Africa,Middle East & North Africa
SAU,Saudi Arabia,2050,opt,bws,Ind,4.91148707310316,10,4,Extremely High (>80%),Asia,Middle East & North Africa
ISR,Israel,2050,bau,bws,One,4.91003185101692,7,4,Extremely High (>80%),Asia,Middle East & North Africa
TUN,Tunisia,2050,opt,bws,Tot,4.90941655411537,12,4,Extremely High (>80%),Africa,Middle East & North Africa
SMR,San Marino,2030,opt,bws,Tot,4.90865090035003,10,4,Extremely High (>80%),Europe,Europe & Central Asia
SMR,San Marino,2030,opt,bws,One,4.90865090035003,7,4,Extremely High (>80%),Europe,Europe & Central Asia
SMR,San Marino,2030,opt,bws,Liv,4.90865090035003,10,4,Extremely High (>80%),Europe,Europe & Central Asia
SMR,San Marino,2030,opt,bws,Irr,4.90865090035003,10,4,Extremely High (>80%),Europe,Europe & Central Asia
SMR,San Marino,2030,opt,bws,Ind,4.90865090035003,10,4,Extremely High (>80%),Europe,Europe & Central Asia
SMR,San Marino,2030,opt,bws,Dom,4.90865090035003,12,4,Extremely High (>80%),Europe,Europe & Central Asia
SAU,Saudi Arabia,2030,pes,bws,Dom,4.90788530539402,10,4,Extremely High (>80%),Asia,Middle East & North Africa
JOR,Jordan,2050,bau,bws,Liv,4.90753755936112,11,4,Extremely High (>80%),Asia,Middle East & North Africa
SAU,Saudi Arabia,2030,pes,bws,Irr,4.90736821827345,10,4,Extremely High (>80%),Asia,Middle East & North Africa
SAU,Saudi Arabia,2080,opt,bws,Dom,4.90588295984265,10,4,Extremely High (>80%),Asia,Middle East & North Africa
SAU,Saudi Arabia,2030,pes,bws,Tot,4.90495904115124,10,4,Extremely High (>80%),Asia,Middle East & North Africa
JOR,Jordan,2050,pes,bws,Irr,4.90466381542529,13,4,Extremely High (>80%),Asia,Middle East & North Africa
ISR,Israel,2030,bau,bws,Liv,4.90367038040163,9,4,Extremely High (>80%),Asia,Middle East & North Africa
SAU,Saudi Arabia,2030,opt,bws,Tot,4.90271544816748,11,4,Extremely High (>80%),Asia,Middle East & North Africa
BWA,Botswana,2080,bau,bws,Dom,4.90112854727297,18,4,Extremely High (>80%),Africa,Sub-Saharan Africa
SAU,Saudi Arabia,2030,opt,bws,Irr,4.901012634928,11,4,Extremely High (>80%),Asia,Middle East & North Africa
JOR,Jordan,2050,pes,bws,Dom,4.9003568486525,13,4,Extremely High (>80%),Asia,Middle East & North Africa
ISR,Israel,2030,opt,bws,Liv,4.89991481023738,11,4,Extremely High (>80%),Asia,Middle East & North Africa
JOR,Jordan,2080,opt,bws,Irr,4.89906877779911,10,4,Extremely High (>80%),Asia,Middle East & North Africa
ISR,Israel,2050,pes,bws,One,4.89844716494049,8,4,Extremely High (>80%),Asia,Middle East & North Africa
IRQ,Iraq,2080,bau,bws,Dom,4.89804477742855,19,4,Extremely High (>80%),Asia,Middle East & North Africa
TUN,Tunisia,2080,bau,bws,Liv,4.89697972112342,16,4,Extremely High (>80%),Africa,Middle East & North Africa
JOR,Jordan,2050,pes,bws,Tot,4.89647688061599,14,4,Extremely High (>80%),Asia,Middle East & North Africa
TUN,Tunisia,2080,pes,bws,Dom,4.89489165076278,15,4,Extremely High (>80%),Africa,Middle East & North Africa
TUN,Tunisia,2050,pes,bws,Dom,4.89467284838939,14,4,Extremely High (>80%),Africa,Middle East & North Africa
JOR,Jordan,2080,opt,bws,Dom,4.89401303156751,12,4,Extremely High (>80%),Asia,Middle East & North Africa
BWA,Botswana,2050,bau,bws,Dom,4.89394445766362,13,4,Extremely High (>80%),Africa,Sub-Saharan Africa
TUN,Tunisia,2080,pes,bws,Liv,4.89179791174678,14,4,Extremely High (>80%),Africa,Middle East & North Africa
KWT,Kuwait,2030,opt,bws,Liv,4.89163316927574,12,4,Extremely High (>80%),Asia,Middle East & North Africa
DZA,Algeria,2080,bau,bws,Ind,4.89162848982171,16,4,Extremely High (>80%),Africa,Middle East & North Africa
SAU,Saudi Arabia,2050,bau,bws,Tot,4.89126763134751,13,4,Extremely High (>80%),Asia,Middle East & North Africa
OMN,Oman,2050,pes,bws,Liv,4.88975220022083,11,4,Extremely High (>80%),Asia,Middle East & North Africa
JOR,Jordan,2080,opt,bws,Tot,4.88839717560565,11,4,Extremely High (>80%),Asia,Middle East & North Africa
LBY,Libya,2050,bau,bws,Ind,4.88658637748695,9,4,Extremely High (>80%),Africa,Middle East & North Africa
TUN,Tunisia,2080,bau,bws,Ind,4.88548965053882,17,4,Extremely High (>80%),Africa,Middle East & North Africa
DZA,Algeria,2080,bau,bws,Tot,4.88483580658923,18,4,Extremely High (>80%),Africa,Middle East & North Africa
BWA,Botswana,2050,pes,bws,Dom,4.88404360798616,15,4,Extremely High (>80%),Africa,Sub-Saharan Africa
IRQ,Iraq,2080,pes,bws,Ind,4.88257884455659,15,4,Extremely High (>80%),Asia,Middle East & North Africa
ISR,Israel,2050,opt,bws,Liv,4.88096803603026,11,4,Extremely High (>80%),Asia,Middle East & North Africa
LBY,Libya,2080,bau,bws,Ind,4.88074048954686,18,4,Extremely High (>80%),Africa,Middle East & North Africa
JOR,Jordan,2050,pes,bws,Liv,4.88006258864226,12,4,Extremely High (>80%),Asia,Middle East & North Africa
ISR,Israel,2030,pes,bws,Liv,4.87800561899885,10,4,Extremely High (>80%),Asia,Middle East & North Africa
MRT,Mauritania,2080,bau,bws,Ind,4.87788259149825,19,4,Extremely High (>80%),Africa,Sub-Saharan Africa
LBY,Libya,2080,pes,bws,Ind,4.87694423668332,16,4,Extremely High (>80%),Africa,Middle East & North Africa
ISR,Israel,2080,opt,bws,One,4.8762719967347,8,4,Extremely High (>80%),Asia,Middle East & North Africa
SAU,Saudi Arabia,2030,bau,bws,Tot,4.87552231211433,10,4,Extremely High (>80%),Asia,Middle East & North Africa
LSO,Lesotho,2050,pes,bws,Irr,4.87508753435841,15,4,Extremely High (>80%),Africa,Sub-Saharan Africa
SAU,Saudi Arabia,2050,bau,bws,Irr,4.8746286309891,14,4,Extremely High (>80%),Asia,Middle East & North Africa
TUN,Tunisia,2080,pes,bws,One,4.87373405453051,12,4,Extremely High (>80%),Africa,Middle East & North Africa
BWA,Botswana,2080,pes,bws,Dom,4.87326535890085,16,4,Extremely High (>80%),Africa,Sub-Saharan Africa
BWA,Botswana,2050,opt,bws,Dom,4.87248763072939,12,4,Extremely High (>80%),Africa,Sub-Saharan Africa
EGY,Egypt,2080,opt,bws,Liv,4.87152656079473,11,4,Extremely High (>80%),Africa,Middle East & North Africa
SAU,Saudi Arabia,2030,bau,bws,Irr,4.86969668131912,10,4,Extremely High (>80%),Asia,Middle East & North Africa
BWA,Botswana,2050,pes,bws,Tot,4.86959004286885,16,4,Extremely High (>80%),Africa,Sub-Saharan Africa
SAU,Saudi Arabia,2050,opt,bws,Liv,4.86903933464952,12,4,Extremely High (>80%),Asia,Middle East & North Africa
JOR,Jordan,2050,bau,bws,Ind,4.86862400279386,10,4,Extremely High (>80%),Asia,Middle East & North Africa
SAU,Saudi Arabia,2050,bau,bws,Ind,4.86821745757466,11,4,Extremely High (>80%),Asia,Middle East & North Africa
JOR,Jordan,2080,opt,bws,Liv,4.8664030905765,12,4,Extremely High (>80%),Asia,Middle East & North Africa
BWA,Botswana,2080,opt,bws,Dom,4.86392689920859,13,4,Extremely High (>80%),Africa,Sub-Saharan Africa
LBY,Libya,2050,pes,bws,Ind,4.86340635197592,10,4,Extremely High (>80%),Africa,Middle East & North Africa
OMN,Oman,2080,opt,bws,Irr,4.86265189460461,12,4,Extremely High (>80%),Asia,Middle East & North Africa
TUN,Tunisia,2050,pes,bws,Liv,4.86264182902554,13,4,Extremely High (>80%),Africa,Middle East & North Africa
KWT,Kuwait,2050,pes,bws,Ind,4.86249171549213,11,4,Extremely High (>80%),Asia,Middle East & North Africa
SYR,Syria,2080,pes,bws,Dom,4.8622410414866,17,4,Extremely High (>80%),Asia,Middle East & North Africa
IRQ,Iraq,2080,pes,bws,Dom,4.86206456079896,18,4,Extremely High (>80%),Asia,Middle East & North Africa
SAU,Saudi Arabia,2050,pes,bws,Ind,4.86144335292436,12,4,Extremely High (>80%),Asia,Middle East & North Africa
TUN,Tunisia,2080,pes,bws,Ind,4.86094051288136,17,4,Extremely High (>80%),Africa,Middle East & North Africa
TUN,Tunisia,2080,bau,bws,One,4.85958418153406,12,4,Extremely High (>80%),Africa,Middle East & North Africa
OMN,Oman,2050,bau,bws,One,4.85915492957746,8,4,Extremely High (>80%),Asia,Middle East & North Africa
SYR,Syria,2080,bau,bws,Tot,4.85840095897029,19,4,Extremely High (>80%),Asia,Middle East & North Africa
LSO,Lesotho,2030,pes,bws,Irr,4.85832752447215,11,4,Extremely High (>80%),Africa,Sub-Saharan Africa
ISR,Israel,2050,bau,bws,Ind,4.85803244639337,12,4,Extremely High (>80%),Asia,Middle East & North Africa
CHL,Chile,2080,pes,bws,Irr,4.85787462886622,17,4,Extremely High (>80%),Americas,Latin America & Caribbean
GRC,Greece,2080,pes,bws,Irr,4.8572547948396,18,4,Extremely High (>80%),Europe,Europe & Central Asia
JOR,Jordan,2050,bau,bws,One,4.85702884005847,9,4,Extremely High (>80%),Asia,Middle East & North Africa
TUN,Tunisia,2050,pes,bws,Ind,4.85556899339022,13,4,Extremely High (>80%),Africa,Middle East & North Africa
BWA,Botswana,2030,bau,bws,Dom,4.85512329321872,12,4,Extremely High (>80%),Africa,Sub-Saharan Africa
OMN,Oman,2080,opt,bws,Liv,4.85432923429015,13,4,Extremely High (>80%),Asia,Middle East & North Africa
GRC,Greece,2080,pes,bws,Dom,4.85417274549125,19,4,Extremely High (>80%),Europe,Europe & Central Asia
DZA,Algeria,2080,pes,bws,Irr,4.85389176259657,19,4,Extremely High (>80%),Africa,Middle East & North Africa
SAU,Saudi Arabia,2080,bau,bws,Tot,4.85262029644612,20,4,Extremely High (>80%),Asia,Middle East & North Africa
SEN,Senegal,2080,bau,bws,Ind,4.85193209211753,20,4,Extremely High (>80%),Africa,Sub-Saharan Africa
BWA,Botswana,2030,opt,bws,Dom,4.85170327032663,13,4,Extremely High (>80%),Africa,Sub-Saharan Africa
TUN,Tunisia,2050,bau,bws,Dom,4.85100086294522,14,4,Extremely High (>80%),Africa,Middle East & North Africa
ISR,Israel,2050,pes,bws,Ind,4.85009176312094,14,4,Extremely High (>80%),Asia,Middle East & North Africa
SYR,Syria,2080,bau,bws,One,4.84991285699451,13,4,Extremely High (>80%),Asia,Middle East & North Africa
LBY,Libya,2080,bau,bws,Dom,4.84761886223179,20,4,Extremely High (>80%),Africa,Middle East & North Africa
LBY,Libya,2080,pes,bws,Dom,4.84712780604644,20,4,Extremely High (>80%),Africa,Middle East & North Africa
LBY,Libya,2050,bau,bws,Dom,4.8469793888654,15,4,Extremely High (>80%),Africa,Middle East & North Africa
JOR,Jordan,2050,pes,bws,One,4.84640196318095,9,4,Extremely High (>80%),Asia,Middle East & North Africa
OMN,Oman,2080,opt,bws,Tot,4.84392632112366,13,4,Extremely High (>80%),Asia,Middle East & North Africa
SAU,Saudi Arabia,2080,pes,bws,Dom,4.8435120431462,21,4,Extremely High (>80%),Asia,Middle East & North Africa
BWA,Botswana,2080,opt,bws,Tot,4.84246039797292,14,4,Extremely High (>80%),Africa,Sub-Saharan Africa
BWA,Botswana,2050,opt,bws,Tot,4.84220909856762,13,4,Extremely High (>80%),Africa,Sub-Saharan Africa
SAU,Saudi Arabia,2050,pes,bws,Liv,4.84129676441382,14,4,Extremely High (>80%),Asia,Middle East & North Africa
NAM,Namibia,2050,opt,bws,Irr,4.84115158243673,12,4,Extremely High (>80%),Africa,Sub-Saharan Africa
SYR,Syria,2080,bau,bws,Ind,4.84081597017141,21,4,Extremely High (>80%),Asia,Middle East & North Africa
ISR,Israel,2030,bau,bws,One,4.84080437515162,7,4,Extremely High (>80%),Asia,Middle East & North Africa
TUN,Tunisia,2050,opt,bws,Dom,4.83945109909439,14,4,Extremely High (>80%),Africa,Middle East & North Africa
SYR,Syria,2080,bau,bws,Irr,4.83642610825182,17,4,Extremely High (>80%),Asia,Middle East & North Africa
JOR,Jordan,2050,opt,bws,Irr,4.83467396252537,13,4,Extremely High (>80%),Asia,Middle East & North Africa
LSO,Lesotho,2030,opt,bws,Irr,4.83460157401095,12,4,Extremely High (>80%),Africa,Sub-Saharan Africa
ISR,Israel,2030,opt,bws,One,4.83459786939096,8,4,Extremely High (>80%),Asia,Middle East & North Africa
OMN,Oman,2080,opt,bws,Dom,4.83388918559872,14,4,Extremely High (>80%),Asia,Middle East & North Africa
BWA,Botswana,2080,opt,bws,Irr,4.83293911216194,13,4,Extremely High (>80%),Africa,Sub-Saharan Africa
LBY,Libya,2050,pes,bws,Dom,4.83280961282448,16,4,Extremely High (>80%),Africa,Middle East & North Africa
JOR,Jordan,2030,bau,bws,Irr,4.83243626160025,11,4,Extremely High (>80%),Asia,Middle East & North Africa
DZA,Algeria,2080,pes,bws,Tot,4.83200421959125,18,4,Extremely High (>80%),Africa,Middle East & North Africa
JOR,Jordan,2050,pes,bws,Ind,4.83123023812774,15,4,Extremely High (>80%),Asia,Middle East & North Africa
JOR,Jordan,2050,opt,bws,Dom,4.83115691681744,15,4,Extremely High (>80%),Asia,Middle East & North Africa
BWA,Botswana,2080,bau,bws,Ind,4.83101209166458,22,4,Extremely High (>80%),Africa,Sub-Saharan Africa
TUN,Tunisia,2050,opt,bws,Liv,4.83092990470858,13,4,Extremely High (>80%),Africa,Middle East & North Africa
SAU,Saudi Arabia,2080,bau,bws,Irr,4.83058798919576,18,4,Extremely High (>80%),Asia,Middle East & North Africa
CHL,Chile,2080,bau,bws,Irr,4.82793008787653,19,4,Extremely High (>80%),Americas,Latin America & Caribbean
TUN,Tunisia,2030,bau,bws,Irr,4.82738275108532,12,4,Extremely High (>80%),Africa,Middle East & North Africa
IRN,Iran,2080,bau,bws,Irr,4.82728362601929,20,4,Extremely High (>80%),Asia,Middle East & North Africa
JOR,Jordan,2050,opt,bws,Tot,4.82585458761526,14,4,Extremely High (>80%),Asia,Middle East & North Africa
TUN,Tunisia,2030,bau,bws,Tot,4.82584193325975,11,4,Extremely High (>80%),Africa,Middle East & North Africa
DZA,Algeria,2080,pes,bws,Ind,4.82473175539412,18,4,Extremely High (>80%),Africa,Middle East & North Africa
SAU,Saudi Arabia,2050,bau,bws,Liv,4.82434549886224,12,4,Extremely High (>80%),Asia,Middle East & North Africa
TUN,Tunisia,2030,bau,bws,Dom,4.82403459989132,13,4,Extremely High (>80%),Africa,Middle East & North Africa
KWT,Kuwait,2030,opt,bws,One,4.82393467434977,9,4,Extremely High (>80%),Asia,Middle East & North Africa
LBY,Libya,2030,opt,bws,Irr,4.82388404828893,13,4,Extremely High (>80%),Africa,Middle East & North Africa
TUN,Tunisia,2050,bau,bws,Liv,4.82235030720585,13,4,Extremely High (>80%),Africa,Middle East & North Africa
SAU,Saudi Arabia,2030,opt,bws,Ind,4.82176551978399,11,4,Extremely High (>80%),Asia,Middle East & North Africa
SAU,Saudi Arabia,2030,pes,bws,Liv,4.81944399253615,11,4,Extremely High (>80%),Asia,Middle East & North Africa
JOR,Jordan,2030,bau,bws,Dom,4.81941630895415,14,4,Extremely High (>80%),Asia,Middle East & North Africa
JOR,Jordan,2030,bau,bws,Tot,4.81922116248493,12,4,Extremely High (>80%),Asia,Middle East & North Africa
BWA,Botswana,2050,bau,bws,Liv,4.81785674460243,14,4,Extremely High (>80%),Africa,Sub-Saharan Africa
LSO,Lesotho,2080,bau,bws,Irr,4.81757380543597,21,4,Extremely High (>80%),Africa,Sub-Saharan Africa
BWA,Botswana,2080,bau,bws,Liv,4.81673375233038,17,4,Extremely High (>80%),Africa,Sub-Saharan Africa
BWA,Botswana,2080,opt,bws,Liv,4.81633605004307,14,4,Extremely High (>80%),Africa,Sub-Saharan Africa
TUN,Tunisia,2080,opt,bws,Dom,4.81577439876776,15,4,Extremely High (>80%),Africa,Middle East & North Africa
LBY,Libya,2030,opt,bws,Tot,4.81498779459808,12,4,Extremely High (>80%),Africa,Middle East & North Africa
JOR,Jordan,2030,opt,bws,Irr,4.81398105476164,14,4,Extremely High (>80%),Asia,Middle East & North Africa
GRC,Greece,2080,pes,bws,Tot,4.81289442852553,19,4,Extremely High (>80%),Europe,Europe & Central Asia
JOR,Jordan,2080,opt,bws,One,4.81272830349563,9,4,Extremely High (>80%),Asia,Middle East & North Africa
JOR,Jordan,2080,opt,bws,Ind,4.81244015125637,9,4,Extremely High (>80%),Asia,Middle East & North Africa
OMN,Oman,2080,opt,bws,Ind,4.81137334240669,10,4,Extremely High (>80%),Asia,Middle East & North Africa
EGY,Egypt,2050,pes,bws,Liv,4.81103659708743,15,4,Extremely High (>80%),Africa,Middle East & North Africa
NAM,Namibia,2080,opt,bws,Irr,4.81008019267402,14,4,Extremely High (>80%),Africa,Sub-Saharan Africa
EGY,Egypt,2080,opt,bws,Irr,4.81000279814817,15,4,Extremely High (>80%),Africa,Middle East & North Africa
BWA,Botswana,2050,pes,bws,Liv,4.80992038022325,16,4,Extremely High (>80%),Africa,Sub-Saharan Africa
IRN,Iran,2080,bau,bws,Tot,4.80968303222163,21,4,Extremely High (>80%),Asia,Middle East & North Africa
ISR,Israel,2080,opt,bws,Ind,4.80778363174508,11,4,Extremely High (>80%),Asia,Middle East & North Africa
JOR,Jordan,2030,pes,bws,Irr,4.8064764401628,12,4,Extremely High (>80%),Asia,Middle East & North Africa
BWA,Botswana,2080,pes,bws,Tot,4.80640865866198,20,4,Extremely High (>80%),Africa,Sub-Saharan Africa
EGY,Egypt,2080,opt,bws,Dom,4.80638116255566,16,4,Extremely High (>80%),Africa,Middle East & North Africa
SAU,Saudi Arabia,2080,opt,bws,Tot,4.80568716776034,15,4,Extremely High (>80%),Asia,Middle East & North Africa
TUN,Tunisia,2050,opt,bws,One,4.80410449249278,8,4,Extremely High (>80%),Africa,Middle East & North Africa
GRC,Greece,2080,pes,bws,Liv,4.80333551640003,15,4,Extremely High (>80%),Europe,Europe & Central Asia
ISR,Israel,2050,opt,bws,One,4.80328617552838,9,4,Extremely High (>80%),Asia,Middle East & North Africa
SAU,Saudi Arabia,2080,opt,bws,Ind,4.80246918223025,12,4,Extremely High (>80%),Asia,Middle East & North Africa
BWA,Botswana,2030,pes,bws,Dom,4.80085416936629,12,4,Extremely High (>80%),Africa,Sub-Saharan Africa
DZA,Algeria,2080,bau,bws,Dom,4.800834649075,21,4,Extremely High (>80%),Africa,Middle East & North Africa
BWA,Botswana,2050,bau,bws,Ind,4.80055860065042,13,4,Extremely High (>80%),Africa,Sub-Saharan Africa
JOR,Jordan,2030,opt,bws,Tot,4.79952269787816,13,4,Extremely High (>80%),Asia,Middle East & North Africa
SYR,Syria,2080,pes,bws,Liv,4.79918320224539,16,4,Extremely High (>80%),Asia,Middle East & North Africa
KWT,Kuwait,2050,pes,bws,Irr,4.79848639053707,16,4,Extremely High (>80%),Asia,Middle East & North Africa
ISR,Israel,2030,pes,bws,One,4.79839044530185,7,4,Extremely High (>80%),Asia,Middle East & North Africa
JOR,Jordan,2030,opt,bws,Dom,4.79838108927702,14,4,Extremely High (>80%),Asia,Middle East & North Africa
SAU,Saudi Arabia,2030,bau,bws,Liv,4.79754526446357,10,4,Extremely High (>80%),Asia,Middle East & North Africa
SAU,Saudi Arabia,2080,opt,bws,Irr,4.79706832971315,16,4,Extremely High (>80%),Asia,Middle East & North Africa
LBY,Libya,2030,bau,bws,Irr,4.79643944339066,13,4,Extremely High (>80%),Africa,Middle East & North Africa
BWA,Botswana,2050,opt,bws,Liv,4.79641813470865,14,4,Extremely High (>80%),Africa,Sub-Saharan Africa
SAU,Saudi Arabia,2030,opt,bws,Liv,4.79525463448978,13,4,Extremely High (>80%),Asia,Middle East & North Africa
TUN,Tunisia,2050,opt,bws,Ind,4.79497103348892,11,4,Extremely High (>80%),Africa,Middle East & North Africa
EGY,Egypt,2080,opt,bws,Tot,4.79437711370386,16,4,Extremely High (>80%),Africa,Middle East & North Africa
JOR,Jordan,2030,pes,bws,Dom,4.79411086792305,13,4,Extremely High (>80%),Asia,Middle East & North Africa
JOR,Jordan,2030,pes,bws,Tot,4.79359706936515,11,4,Extremely High (>80%),Asia,Middle East & North Africa
TUN,Tunisia,2030,bau,bws,Ind,4.79215926561117,9,4,Extremely High (>80%),Africa,Middle East & North Africa
JOR,Jordan,2050,opt,bws,Liv,4.79195252615668,15,4,Extremely High (>80%),Asia,Middle East & North Africa
TUN,Tunisia,2050,pes,bws,One,4.79178515002103,10,4,Extremely High (>80%),Africa,Middle East & North Africa
LBY,Libya,2030,pes,bws,Irr,4.79114699057721,13,4,Extremely High (>80%),Africa,Middle East & North Africa
JOR,Jordan,2030,bau,bws,Liv,4.78996082853005,11,4,Extremely High (>80%),Asia,Middle East & North Africa
BWA,Botswana,2050,pes,bws,Ind,4.789534928803,16,4,Extremely High (>80%),Africa,Sub-Saharan Africa
LBY,Libya,2080,opt,bws,Irr,4.7893662952534,17,4,Extremely High (>80%),Africa,Middle East & North Africa
TUN,Tunisia,2030,bau,bws,Liv,4.78907694380633,12,4,Extremely High (>80%),Africa,Middle East & North Africa
KWT,Kuwait,2050,pes,bws,Tot,4.78818891305566,17,4,Extremely High (>80%),Asia,Middle East & North Africa
IRN,Iran,2080,pes,bws,Irr,4.78646894865331,20,4,Extremely High (>80%),Asia,Middle East & North Africa
IRQ,Iraq,2050,bau,bws,Irr,4.7858868445045,15,4,Extremely High (>80%),Asia,Middle East & North Africa
BWA,Botswana,2080,pes,bws,Ind,4.78377529756896,19,4,Extremely High (>80%),Africa,Sub-Saharan Africa
ARE,United Arab Emirates,2030,opt,bws,One,4.78260869565217,10,4,Extremely High (>80%),Asia,Middle East & North Africa
ARE,United Arab Emirates,2030,bau,bws,One,4.78260869565217,8,4,Extremely High (>80%),Asia,Middle East & North Africa
ARE,United Arab Emirates,2030,pes,bws,One,4.78260869565217,8,4,Extremely High (>80%),Asia,Middle East & North Africa
ARE,United Arab Emirates,2050,opt,bws,One,4.78260869565217,10,4,Extremely High (>80%),Asia,Middle East & North Africa
ARE,United Arab Emirates,2050,bau,bws,One,4.78260869565217,11,4,Extremely High (>80%),Asia,Middle East & North Africa
ARE,United Arab Emirates,2050,pes,bws,One,4.78260869565217,11,4,Extremely High (>80%),Asia,Middle East & North Africa
ARE,United Arab Emirates,2080,opt,bws,One,4.78260869565217,10,4,Extremely High (>80%),Asia,Middle East & North Africa
ARE,United Arab Emirates,2080,bau,bws,One,4.78260869565217,14,4,Extremely High (>80%),Asia,Middle East & North Africa
ARE,United Arab Emirates,2080,pes,bws,One,4.78260869565217,14,4,Extremely High (>80%),Asia,Middle East & North Africa
TUN,Tunisia,2050,bau,bws,Ind,4.77977159280943,14,4,Extremely High (>80%),Africa,Middle East & North Africa
KWT,Kuwait,2080,opt,bws,Ind,4.77828011172689,13,4,Extremely High (>80%),Asia,Middle East & North Africa
BWA,Botswana,2050,opt,bws,Ind,4.77755563370397,12,4,Extremely High (>80%),Africa,Sub-Saharan Africa
TUN,Tunisia,2080,opt,bws,Liv,4.77748827379008,15,4,Extremely High (>80%),Africa,Middle East & North Africa
BWA,Botswana,2080,pes,bws,Liv,4.77745814257027,17,4,Extremely High (>80%),Africa,Sub-Saharan Africa
KWT,Kuwait,2050,pes,bws,Dom,4.77694953794045,17,4,Extremely High (>80%),Asia,Middle East & North Africa
LBY,Libya,2030,pes,bws,Tot,4.77674814533536,12,4,Extremely High (>80%),Africa,Middle East & North Africa
SAU,Saudi Arabia,2030,bau,bws,Ind,4.77631175291704,10,4,Extremely High (>80%),Asia,Middle East & North Africa
LBY,Libya,2030,opt,bws,Ind,4.77531546275788,12,4,Extremely High (>80%),Africa,Middle East & North Africa
EGY,Egypt,2050,opt,bws,Liv,4.77410659105541,16,4,Extremely High (>80%),Africa,Middle East & North Africa
DZA,Algeria,2050,bau,bws,Irr,4.77380728242356,16,4,Extremely High (>80%),Africa,Middle East & North Africa
ESP,Spain,2080,pes,bws,Irr,4.772355805395,21,4,Extremely High (>80%),Europe,Europe & Central Asia
KWT,Kuwait,2030,opt,bws,Irr,4.7704697212504,16,4,Extremely High (>80%),Asia,Middle East & North Africa
BWA,Botswana,2030,opt,bws,Liv,4.76965653551631,14,4,Extremely High (>80%),Africa,Sub-Saharan Africa
LBY,Libya,2050,opt,bws,Irr,4.76853809186262,14,4,Extremely High (>80%),Africa,Middle East & North Africa
TUN,Tunisia,2030,bau,bws,One,4.76835833531184,9,4,Extremely High (>80%),Africa,Middle East & North Africa
ISR,Israel,2030,bau,bws,Ind,4.76740926035342,11,4,Extremely High (>80%),Asia,Middle East & North Africa
JOR,Jordan,2030,opt,bws,Liv,4.76679238847846,15,4,Extremely High (>80%),Asia,Middle East & North Africa
KWT,Kuwait,2050,pes,bws,One,4.76555362111713,12,4,Extremely High (>80%),Asia,Middle East & North Africa
IRN,Iran,2080,pes,bws,Tot,4.76515996789084,21,4,Extremely High (>80%),Asia,Middle East & North Africa
IRN,Iran,2080,bau,bws,Dom,4.76451385721352,22,4,Extremely High (>80%),Asia,Middle East & North Africa
SAU,Saudi Arabia,2030,pes,bws,Ind,4.76096166550645,9,4,Extremely High (>80%),Asia,Middle East & North Africa
MRT,Mauritania,2080,pes,bws,Ind,4.7603203133131,20,4,Extremely High (>80%),Africa,Sub-Saharan Africa
JOR,Jordan,2030,pes,bws,Liv,4.76016811998796,12,4,Extremely High (>80%),Asia,Middle East & North Africa
BWA,Botswana,2080,opt,bws,Ind,4.76003409004232,14,4,Extremely High (>80%),Africa,Sub-Saharan Africa
ISR,Israel,2030,opt,bws,Ind,4.75948387840263,13,4,Extremely High (>80%),Asia,Middle East & North Africa
LBY,Libya,2030,opt,bws,Dom,4.75861573436312,15,4,Extremely High (>80%),Africa,Middle East & North Africa
IRQ,Iraq,2050,pes,bws,Irr,4.75745081023986,17,4,Extremely High (>80%),Asia,Middle East & North Africa
LBY,Libya,2030,bau,bws,Tot,4.75634502452873,14,4,Extremely High (>80%),Africa,Middle East & North Africa
DZA,Algeria,2080,pes,bws,Dom,4.75594278701423,22,4,Extremely High (>80%),Africa,Middle East & North Africa
MRT,Mauritania,2050,bau,bws,Ind,4.75468102607373,15,4,Extremely High (>80%),Africa,Sub-Saharan Africa
ZAF,South Africa,2080,bau,bws,Irr,4.7534665066507,22,4,Extremely High (>80%),Africa,Sub-Saharan Africa
BWA,Botswana,2030,opt,bws,Tot,4.75316570527154,15,4,Extremely High (>80%),Africa,Sub-Saharan Africa
LBY,Libya,2080,opt,bws,Tot,4.75309467433734,17,4,Extremely High (>80%),Africa,Middle East & North Africa
BWA,Botswana,2050,pes,bws,Irr,4.75274540611928,18,4,Extremely High (>80%),Africa,Sub-Saharan Africa
CHL,Chile,2080,pes,bws,Tot,4.75064294275649,22,4,Extremely High (>80%),Americas,Latin America & Caribbean
ZAF,South Africa,2080,opt,bws,Irr,4.74973521014352,18,4,Extremely High (>80%),Africa,Sub-Saharan Africa
DZA,Algeria,2050,pes,bws,Irr,4.74878800131067,19,4,Extremely High (>80%),Africa,Middle East & North Africa
MRT,Mauritania,2080,opt,bws,Ind,4.74833673191345,15,4,Extremely High (>80%),Africa,Sub-Saharan Africa
DZA,Algeria,2050,bau,bws,Ind,4.7467797908968,16,4,Extremely High (>80%),Africa,Middle East & North Africa
ZAF,South Africa,2080,pes,bws,Irr,4.74673216241434,22,4,Extremely High (>80%),Africa,Sub-Saharan Africa
ZAF,South Africa,2050,pes,bws,Irr,4.74603011622204,20,4,Extremely High (>80%),Africa,Sub-Saharan Africa
KWT,Kuwait,2050,opt,bws,Ind,4.7459201686795,13,4,Extremely High (>80%),Asia,Middle East & North Africa
TUN,Tunisia,2030,pes,bws,Irr,4.7455878011986,14,4,Extremely High (>80%),Africa,Middle East & North Africa
DZA,Algeria,2050,pes,bws,Ind,4.74442413470164,17,4,Extremely High (>80%),Africa,Middle East & North Africa
LBY,Libya,2050,opt,bws,Tot,4.7443769297822,16,4,Extremely High (>80%),Africa,Middle East & North Africa
BWA,Botswana,2030,bau,bws,Liv,4.74424059480056,13,4,Extremely High (>80%),Africa,Sub-Saharan Africa
TUN,Tunisia,2050,bau,bws,One,4.74315485287985,12,4,Extremely High (>80%),Africa,Middle East & North Africa
DZA,Algeria,2050,bau,bws,Tot,4.74271659617663,15,4,Extremely High (>80%),Africa,Middle East & North Africa
TUN,Tunisia,2080,opt,bws,Ind,4.74265798057853,16,4,Extremely High (>80%),Africa,Middle East & North Africa
LSO,Lesotho,2050,bau,bws,Irr,4.74259745062341,17,4,Extremely High (>80%),Africa,Sub-Saharan Africa
EGY,Egypt,2030,opt,bws,Liv,4.7424265074382,16,4,Extremely High (>80%),Africa,Middle East & North Africa
GRC,Greece,2050,pes,bws,Irr,4.74006635365991,21,4,Extremely High (>80%),Europe,Europe & Central Asia
EGY,Egypt,2080,opt,bws,One,4.73862879439279,11,4,Extremely High (>80%),Africa,Middle East & North Africa
IRQ,Iraq,2050,bau,bws,Tot,4.73710892656899,16,4,Extremely High (>80%),Asia,Middle East & North Africa
LBY,Libya,2080,bau,bws,One,4.73602511476232,15,4,Extremely High (>80%),Africa,Middle East & North Africa
SMR,San Marino,2030,pes,bws,Tot,4.73492351826319,14,4,Extremely High (>80%),Europe,Europe & Central Asia
SMR,San Marino,2030,pes,bws,One,4.73492351826319,9,4,Extremely High (>80%),Europe,Europe & Central Asia
SMR,San Marino,2030,pes,bws,Liv,4.73492351826319,13,4,Extremely High (>80%),Europe,Europe & Central Asia
SMR,San Marino,2030,pes,bws,Ind,4.73492351826319,10,4,Extremely High (>80%),Europe,Europe & Central Asia
SMR,San Marino,2030,pes,bws,Dom,4.73492351826319,14,4,Extremely High (>80%),Europe,Europe & Central Asia
GRC,Greece,2080,bau,bws,Dom,4.73439047159666,23,4,Extremely High (>80%),Europe,Europe & Central Asia
SYR,Syria,2080,pes,bws,Ind,4.73270986333475,21,4,Extremely High (>80%),Asia,Middle East & North Africa
ESP,Spain,2080,bau,bws,Irr,4.73213064254794,23,4,Extremely High (>80%),Europe,Europe & Central Asia
TUN,Tunisia,2030,pes,bws,Tot,4.73058932556019,15,4,Extremely High (>80%),Africa,Middle East & North Africa
GRC,Greece,2080,bau,bws,Irr,4.72995619190929,24,4,Extremely High (>80%),Europe,Europe & Central Asia
MRT,Mauritania,2050,opt,bws,Ind,4.72989966246,14,4,Extremely High (>80%),Africa,Sub-Saharan Africa
DZA,Algeria,2080,bau,bws,Liv,4.72903888853628,18,4,Extremely High (>80%),Africa,Middle East & North Africa
CHL,Chile,2050,pes,bws,Irr,4.72844590602983,22,4,Extremely High (>80%),Americas,Latin America & Caribbean
SAU,Saudi Arabia,2080,pes,bws,Tot,4.72641989742778,23,4,Extremely High (>80%),Asia,Middle East & North Africa
LBY,Libya,2050,bau,bws,One,4.72396933637452,13,4,Extremely High (>80%),Africa,Middle East & North Africa
GRC,Greece,2050,pes,bws,Dom,4.72390314901573,18,4,Extremely High (>80%),Europe,Europe & Central Asia
IRN,Iran,2050,bau,bws,Irr,4.72374489718324,18,4,Extremely High (>80%),Asia,Middle East & North Africa
EGY,Egypt,2050,pes,bws,Irr,4.72280981750658,23,4,Extremely High (>80%),Africa,Middle East & North Africa
IRQ,Iraq,2080,opt,bws,Irr,4.72244418040276,19,4,Extremely High (>80%),Asia,Middle East & North Africa
IRQ,Iraq,2050,pes,bws,Tot,4.72229631632162,18,4,Extremely High (>80%),Asia,Middle East & North Africa
SYR,Syria,2080,pes,bws,One,4.72214785392716,15,4,Extremely High (>80%),Asia,Middle East & North Africa
EGY,Egypt,2050,pes,bws,Dom,4.72194152581656,19,4,Extremely High (>80%),Africa,Middle East & North Africa
LBY,Libya,2030,pes,bws,Ind,4.7216661773321,11,4,Extremely High (>80%),Africa,Middle East & North Africa
IRN,Iran,2050,pes,bws,Irr,4.7199197513528,24,4,Extremely High (>80%),Asia,Middle East & North Africa
IRN,Iran,2080,opt,bws,Irr,4.71881009382453,20,4,Extremely High (>80%),Asia,Middle East & North Africa
EGY,Egypt,2050,opt,bws,Irr,4.71776304515934,16,4,Extremely High (>80%),Africa,Middle East & North Africa
EGY,Egypt,2050,pes,bws,One,4.71737350588412,13,4,Extremely High (>80%),Africa,Middle East & North Africa
DZA,Algeria,2050,pes,bws,Tot,4.7173318380732,19,4,Extremely High (>80%),Africa,Middle East & North Africa
EGY,Egypt,2080,opt,bws,Ind,4.71620998789454,17,4,Extremely High (>80%),Africa,Middle East & North Africa
BWA,Botswana,2030,opt,bws,Ind,4.71537887984011,14,4,Extremely High (>80%),Africa,Sub-Saharan Africa
OMN,Oman,2080,pes,bws,Liv,4.71468747621638,18,4,Extremely High (>80%),Asia,Middle East & North Africa
SAU,Saudi Arabia,2080,opt,bws,Liv,4.71373498914342,17,4,Extremely High (>80%),Asia,Middle East & North Africa
LBY,Libya,2080,pes,bws,One,4.71319160311317,16,4,Extremely High (>80%),Africa,Middle East & North Africa
JOR,Jordan,2030,bau,bws,Ind,4.7128034783407,12,4,Extremely High (>80%),Asia,Middle East & North Africa
SAU,Saudi Arabia,2080,pes,bws,Irr,4.71220075248705,23,4,Extremely High (>80%),Asia,Middle East & North Africa
ZAF,South Africa,2030,opt,bws,Irr,4.70973016737694,17,4,Extremely High (>80%),Africa,Sub-Saharan Africa
SMR,San Marino,2050,bau,bws,Tot,4.70848903524648,17,4,Extremely High (>80%),Europe,Europe & Central Asia
SMR,San Marino,2050,bau,bws,One,4.70848903524648,14,4,Extremely High (>80%),Europe,Europe & Central Asia
SMR,San Marino,2050,bau,bws,Liv,4.70848903524648,16,4,Extremely High (>80%),Europe,Europe & Central Asia
SMR,San Marino,2050,bau,bws,Ind,4.70848903524648,17,4,Extremely High (>80%),Europe,Europe & Central Asia
SMR,San Marino,2050,bau,bws,Dom,4.70848903524648,16,4,Extremely High (>80%),Europe,Europe & Central Asia
JOR,Jordan,2050,opt,bws,One,4.70817836375117,11,4,Extremely High (>80%),Asia,Middle East & North Africa
LSO,Lesotho,2080,bau,bws,Ind,4.70704635422255,23,4,Extremely High (>80%),Africa,Sub-Saharan Africa
EGY,Egypt,2050,opt,bws,One,4.70690698255638,12,4,Extremely High (>80%),Africa,Middle East & North Africa
ISR,Israel,2030,pes,bws,Ind,4.7068111337637,12,4,Extremely High (>80%),Asia,Middle East & North Africa
EGY,Egypt,2050,pes,bws,Tot,4.70673415446149,20,4,Extremely High (>80%),Africa,Middle East & North Africa
JOR,Jordan,2030,bau,bws,One,4.70640396789072,10,4,Extremely High (>80%),Asia,Middle East & North Africa
LSO,Lesotho,2030,bau,bws,Irr,4.70607935945488,15,4,Extremely High (>80%),Africa,Sub-Saharan Africa
BWA,Botswana,2030,bau,bws,Ind,4.7050180243592,13,4,Extremely High (>80%),Africa,Sub-Saharan Africa
SEN,Senegal,2080,pes,bws,Ind,4.7048978283494,22,4,Extremely High (>80%),Africa,Sub-Saharan Africa
SMR,San Marino,2030,bau,bws,Tot,4.70292419230577,15,4,Extremely High (>80%),Europe,Europe & Central Asia
SMR,San Marino,2030,bau,bws,One,4.70292419230577,11,4,Extremely High (>80%),Europe,Europe & Central Asia
SMR,San Marino,2030,bau,bws,Liv,4.70292419230577,14,4,Extremely High (>80%),Europe,Europe & Central Asia
SMR,San Marino,2030,bau,bws,Irr,4.70292419230577,16,4,Extremely High (>80%),Europe,Europe & Central Asia
SMR,San Marino,2030,bau,bws,Ind,4.70292419230577,14,4,Extremely High (>80%),Europe,Europe & Central Asia
SMR,San Marino,2030,bau,bws,Dom,4.70292419230577,15,4,Extremely High (>80%),Europe,Europe & Central Asia
ZAF,South Africa,2030,bau,bws,Irr,4.70281716435541,17,4,Extremely High (>80%),Africa,Sub-Saharan Africa
JOR,Jordan,2050,opt,bws,Ind,4.70274142114447,15,4,Extremely High (>80%),Asia,Middle East & North Africa
IRN,Iran,2050,bau,bws,Tot,4.70226778778551,18,4,Extremely High (>80%),Asia,Middle East & North Africa
NAM,Namibia,2080,opt,bws,Tot,4.70107834169587,18,4,Extremely High (>80%),Africa,Sub-Saharan Africa
KWT,Kuwait,2030,opt,bws,Tot,4.70097539677479,16,4,Extremely High (>80%),Asia,Middle East & North Africa
BWA,Botswana,2030,pes,bws,Ind,4.70088815225327,13,4,Extremely High (>80%),Africa,Sub-Saharan Africa
EGY,Egypt,2050,opt,bws,Tot,4.70082916743563,17,4,Extremely High (>80%),Africa,Middle East & North Africa
DZA,Algeria,2080,bau,bws,One,4.69942528755871,16,4,Extremely High (>80%),Africa,Middle East & North Africa
ZAF,South Africa,2050,bau,bws,Irr,4.69771837407889,19,4,Extremely High (>80%),Africa,Sub-Saharan Africa
ESP,Spain,2050,pes,bws,Irr,4.6963773726813,25,4,Extremely High (>80%),Europe,Europe & Central Asia
MRT,Mauritania,2030,opt,bws,Ind,4.69622051161512,15,4,Extremely High (>80%),Africa,Sub-Saharan Africa
CHL,Chile,2080,bau,bws,Tot,4.69590590586498,22,4,Extremely High (>80%),Americas,Latin America & Caribbean
EGY,Egypt,2050,opt,bws,Dom,4.69393291797033,16,4,Extremely High (>80%),Africa,Middle East & North Africa
GRC,Greece,2080,opt,bws,Irr,4.69303743358257,21,4,Extremely High (>80%),Europe,Europe & Central Asia
ISR,Israel,2050,opt,bws,Ind,4.691620120152,16,4,Extremely High (>80%),Asia,Middle East & North Africa
SAU,Saudi Arabia,2080,bau,bws,Liv,4.69127565371708,19,4,Extremely High (>80%),Asia,Middle East & North Africa
IRN,Iran,2080,opt,bws,Tot,4.69087657633848,19,4,Extremely High (>80%),Asia,Middle East & North Africa
NAM,Namibia,2050,opt,bws,Tot,4.69062010187566,18,4,Extremely High (>80%),Africa,Sub-Saharan Africa
LBY,Libya,2030,pes,bws,Dom,4.6897317182467,15,4,Extremely High (>80%),Africa,Middle East & North Africa
TUN,Tunisia,2030,opt,bws,Irr,4.68922783569342,18,4,Extremely High (>80%),Africa,Middle East & North Africa
MRT,Mauritania,2050,pes,bws,Ind,4.68904360356878,19,4,Extremely High (>80%),Africa,Sub-Saharan Africa
IRN,Iran,2050,pes,bws,Tot,4.68829678999852,21,4,Extremely High (>80%),Asia,Middle East & North Africa
DZA,Algeria,2080,opt,bws,Ind,4.68707197883029,18,4,Extremely High (>80%),Africa,Middle East & North Africa
EGY,Egypt,2080,bau,bws,Liv,4.68697092201563,20,4,Extremely High (>80%),Africa,Middle East & North Africa
IRN,Iran,2030,opt,bws,Irr,4.6862315824616,19,4,Extremely High (>80%),Asia,Middle East & North Africa
EGY,Egypt,2030,opt,bws,One,4.68412564463352,11,4,Extremely High (>80%),Africa,Middle East & North Africa
KWT,Kuwait,2080,opt,bws,Tot,4.68390424524716,20,4,Extremely High (>80%),Asia,Middle East & North Africa
JOR,Jordan,2030,opt,bws,Ind,4.68333041054586,16,4,Extremely High (>80%),Asia,Middle East & North Africa
DZA,Algeria,2080,pes,bws,One,4.68171155009841,17,4,Extremely High (>80%),Africa,Middle East & North Africa
LBY,Libya,2030,opt,bws,One,4.67955543861069,12,4,Extremely High (>80%),Africa,Middle East & North Africa
JOR,Jordan,2030,pes,bws,Ind,4.67931318742095,14,4,Extremely High (>80%),Asia,Middle East & North Africa
JOR,Jordan,2030,opt,bws,One,4.67881574456116,13,4,Extremely High (>80%),Asia,Middle East & North Africa
BWA,Botswana,2050,opt,bws,Irr,4.67705041084378,17,4,Extremely High (>80%),Africa,Sub-Saharan Africa
SEN,Senegal,2050,bau,bws,Ind,4.67630843448761,18,4,Extremely High (>80%),Africa,Sub-Saharan Africa
KWT,Kuwait,2080,opt,bws,Irr,4.67543547229745,22,4,Extremely High (>80%),Asia,Middle East & North Africa
CHL,Chile,2050,bau,bws,Irr,4.67519348652271,20,4,Extremely High (>80%),Americas,Latin America & Caribbean
ESP,Spain,2080,pes,bws,Tot,4.67488705536864,24,4,Extremely High (>80%),Europe,Europe & Central Asia
SYR,Syria,2080,opt,bws,Dom,4.67485173575246,17,4,Extremely High (>80%),Asia,Middle East & North Africa
SYR,Syria,2050,pes,bws,Dom,4.67424863415561,20,4,Extremely High (>80%),Asia,Middle East & North Africa
KWT,Kuwait,2080,opt,bws,Dom,4.67237330635084,18,4,Extremely High (>80%),Asia,Middle East & North Africa
NAM,Namibia,2030,opt,bws,Irr,4.67126855677332,20,4,Extremely High (>80%),Africa,Sub-Saharan Africa
TUN,Tunisia,2030,opt,bws,Tot,4.67115173235277,17,4,Extremely High (>80%),Africa,Middle East & North Africa
SAU,Saudi Arabia,2080,pes,bws,Ind,4.67032061551625,23,4,Extremely High (>80%),Asia,Middle East & North Africa
GRC,Greece,2050,pes,bws,Tot,4.67006157383054,22,4,Extremely High (>80%),Europe,Europe & Central Asia
GRC,Greece,2080,opt,bws,Dom,4.66956599619581,19,4,Extremely High (>80%),Europe,Europe & Central Asia
SYR,Syria,2050,bau,bws,Dom,4.66837085015637,17,4,Extremely High (>80%),Asia,Middle East & North Africa
LBY,Libya,2080,opt,bws,Ind,4.66809012520074,20,4,Extremely High (>80%),Africa,Middle East & North Africa
MRT,Mauritania,2030,bau,bws,Ind,4.66793023323125,15,4,Extremely High (>80%),Africa,Sub-Saharan Africa
JOR,Jordan,2030,pes,bws,One,4.66743329355386,10,4,Extremely High (>80%),Asia,Middle East & North Africa
LBY,Libya,2050,pes,bws,One,4.66704762119587,14,4,Extremely High (>80%),Africa,Middle East & North Africa
SAU,Saudi Arabia,2080,bau,bws,Ind,4.66687326641898,24,4,Extremely High (>80%),Asia,Middle East & North Africa
IRN,Iran,2080,pes,bws,Dom,4.66655974256002,23,4,Extremely High (>80%),Asia,Middle East & North Africa
ZAF,South Africa,2050,opt,bws,Irr,4.66616151458608,18,4,Extremely High (>80%),Africa,Sub-Saharan Africa
TUN,Tunisia,2080,opt,bws,One,4.66511492647939,12,4,Extremely High (>80%),Africa,Middle East & North Africa
IRQ,Iraq,2080,opt,bws,Tot,4.6636150047553,21,4,Extremely High (>80%),Asia,Middle East & North Africa
EGY,Egypt,2080,bau,bws,One,4.66190503592089,18,4,Extremely High (>80%),Africa,Middle East & North Africa
ESP,Spain,2080,opt,bws,Irr,4.66098084804014,23,4,Extremely High (>80%),Europe,Europe & Central Asia
NAM,Namibia,2050,bau,bws,Liv,4.66046980726529,17,4,Extremely High (>80%),Africa,Sub-Saharan Africa
MRT,Mauritania,2030,pes,bws,Ind,4.66026317786989,15,4,Extremely High (>80%),Africa,Sub-Saharan Africa
IRN,Iran,2030,opt,bws,Tot,4.66013090192844,18,4,Extremely High (>80%),Asia,Middle East & North Africa
IRN,Iran,2030,bau,bws,Irr,4.65801047539698,18,4,Extremely High (>80%),Asia,Middle East & North Africa
GRC,Greece,2080,bau,bws,Tot,4.65792266317698,23,4,Extremely High (>80%),Europe,Europe & Central Asia
KWT,Kuwait,2030,pes,bws,Ind,4.65791226541278,16,4,Extremely High (>80%),Asia,Middle East & North Africa
BWA,Botswana,2030,pes,bws,Liv,4.6575778921947,14,4,Extremely High (>80%),Africa,Sub-Saharan Africa
KWT,Kuwait,2030,opt,bws,Dom,4.65754220749746,17,4,Extremely High (>80%),Asia,Middle East & North Africa
GRC,Greece,2080,bau,bws,Liv,4.65598133448056,21,4,Extremely High (>80%),Europe,Europe & Central Asia
AND,Andorra,2080,bau,bws,Tot,4.65500418349636,24,4,Extremely High (>80%),Europe,Europe & Central Asia
AND,Andorra,2080,bau,bws,One,4.65500418349636,19,4,Extremely High (>80%),Europe,Europe & Central Asia
AND,Andorra,2080,bau,bws,Liv,4.65500418349636,22,4,Extremely High (>80%),Europe,Europe & Central Asia
AND,Andorra,2080,bau,bws,Irr,4.65500418349636,25,4,Extremely High (>80%),Europe,Europe & Central Asia
AND,Andorra,2080,bau,bws,Ind,4.65500418349636,25,4,Extremely High (>80%),Europe,Europe & Central Asia
AND,Andorra,2080,bau,bws,Dom,4.65500418349636,24,4,Extremely High (>80%),Europe,Europe & Central Asia
DZA,Algeria,2080,opt,bws,Irr,4.65402952907364,24,4,Extremely High (>80%),Africa,Middle East & North Africa
DZA,Algeria,2080,pes,bws,Liv,4.65091849447006,19,4,Extremely High (>80%),Africa,Middle East & North Africa
GRC,Greece,2050,pes,bws,Liv,4.65036791064206,18,4,Extremely High (>80%),Europe,Europe & Central Asia
BWA,Botswana,2030,pes,bws,Tot,4.64822836021732,16,4,Extremely High (>80%),Africa,Sub-Saharan Africa
OMN,Oman,2030,opt,bws,One,4.64788732394366,14,4,Extremely High (>80%),Asia,Middle East & North Africa
NAM,Namibia,2050,pes,bws,Liv,4.64706811238141,19,4,Extremely High (>80%),Africa,Sub-Saharan Africa
ESP,Spain,2080,bau,bws,Tot,4.64555677869403,25,4,Extremely High (>80%),Europe,Europe & Central Asia
GRC,Greece,2050,bau,bws,Irr,4.6453968900274,21,4,Extremely High (>80%),Europe,Europe & Central Asia
ZAF,South Africa,2030,pes,bws,Irr,4.64523775461433,16,4,Extremely High (>80%),Africa,Sub-Saharan Africa
TUN,Tunisia,2030,pes,bws,Dom,4.64523178798061,16,4,Extremely High (>80%),Africa,Middle East & North Africa
CHL,Chile,2080,opt,bws,Irr,4.64436928322157,25,4,Extremely High (>80%),Americas,Latin America & Caribbean
IRQ,Iraq,2080,bau,bws,Liv,4.64380238210471,23,4,Extremely High (>80%),Asia,Middle East & North Africa
YEM,Yemen,2030,pes,bws,Liv,4.64299272494623,15,4,Extremely High (>80%),Asia,Middle East & North Africa
KWT,Kuwait,2080,opt,bws,One,4.64261588038764,13,4,Extremely High (>80%),Asia,Middle East & North Africa
EGY,Egypt,2030,pes,bws,One,4.64257143301751,11,4,Extremely High (>80%),Africa,Middle East & North Africa
IRN,Iran,2050,bau,bws,Dom,4.6423341412783,18,4,Extremely High (>80%),Asia,Middle East & North Africa
YEM,Yemen,2030,opt,bws,Liv,4.64226048601232,17,4,Extremely High (>80%),Asia,Middle East & North Africa
BEL,Belgium,2080,pes,bws,Ind,4.64000985145187,24,4,Extremely High (>80%),Europe,Europe & Central Asia
OMN,Oman,2080,opt,bws,One,4.63995435704211,14,4,Extremely High (>80%),Asia,Middle East & North Africa
BWA,Botswana,2080,bau,bws,One,4.63994602502655,20,4,Extremely High (>80%),Africa,Sub-Saharan Africa
SYR,Syria,2080,pes,bws,Tot,4.63901047107703,25,4,Extremely High (>80%),Asia,Middle East & North Africa
BEL,Belgium,2080,pes,bws,Tot,4.6385766013754,26,4,Extremely High (>80%),Europe,Europe & Central Asia
OMN,Oman,2030,pes,bws,One,4.63737207753174,12,4,Extremely High (>80%),Asia,Middle East & North Africa
LBY,Libya,2050,opt,bws,Ind,4.63693685062321,17,4,Extremely High (>80%),Africa,Middle East & North Africa
BWA,Botswana,2080,pes,bws,Irr,4.63289464523074,24,4,Extremely High (>80%),Africa,Sub-Saharan Africa
IRN,Iran,2030,bau,bws,Tot,4.63276483595797,16,4,Extremely High (>80%),Asia,Middle East & North Africa
SEN,Senegal,2080,opt,bws,Ind,4.63260651027227,21,4,Extremely High (>80%),Africa,Sub-Saharan Africa
YEM,Yemen,2050,bau,bws,Liv,4.63209200460458,18,4,Extremely High (>80%),Asia,Middle East & North Africa
YEM,Yemen,2030,pes,bws,One,4.63194924206976,13,4,Extremely High (>80%),Asia,Middle East & North Africa
NAM,Namibia,2080,bau,bws,Liv,4.63150829654004,24,4,Extremely High (>80%),Africa,Sub-Saharan Africa
YEM,Yemen,2030,opt,bws,Ind,4.63040257851237,18,4,Extremely High (>80%),Asia,Middle East & North Africa
YEM,Yemen,2030,pes,bws,Ind,4.62781696480409,17,4,Extremely High (>80%),Asia,Middle East & North Africa
SAU,Saudi Arabia,2050,opt,bws,One,4.62775882828919,13,4,Extremely High (>80%),Asia,Middle East & North Africa
IRN,Iran,2050,opt,bws,Irr,4.62747194425461,19,4,Extremely High (>80%),Asia,Middle East & North Africa
LBY,Libya,2080,opt,bws,Dom,4.62717641032396,20,4,Extremely High (>80%),Africa,Middle East & North Africa
EGY,Egypt,2050,bau,bws,One,4.62717465352826,15,4,Extremely High (>80%),Africa,Middle East & North Africa
EGY,Egypt,2030,opt,bws,Irr,4.62639095859548,21,4,Extremely High (>80%),Africa,Middle East & North Africa
EGY,Egypt,2050,bau,bws,Liv,4.62635646039878,19,4,Extremely High (>80%),Africa,Middle East & North Africa
EGY,Egypt,2050,opt,bws,Ind,4.6260374916458,18,4,Extremely High (>80%),Africa,Middle East & North Africa
YEM,Yemen,2030,opt,bws,One,4.62592029991945,15,4,Extremely High (>80%),Asia,Middle East & North Africa
IRQ,Iraq,2050,pes,bws,Dom,4.6255069402494,21,4,Extremely High (>80%),Asia,Middle East & North Africa
GRC,Greece,2080,opt,bws,Tot,4.6253762982167,22,4,Extremely High (>80%),Europe,Europe & Central Asia
SYR,Syria,2050,opt,bws,Dom,4.62479011975961,17,4,Extremely High (>80%),Asia,Middle East & North Africa
BEL,Belgium,2080,pes,bws,Dom,4.62465274959128,24,4,Extremely High (>80%),Europe,Europe & Central Asia
IRN,Iran,2080,bau,bws,Liv,4.62445109523686,25,4,Extremely High (>80%),Asia,Middle East & North Africa
CHL,Chile,2030,bau,bws,Irr,4.62439839500923,19,4,Extremely High (>80%),Americas,Latin America & Caribbean
LBY,Libya,2030,pes,bws,One,4.6234316580062,14,4,Extremely High (>80%),Africa,Middle East & North Africa
EGY,Egypt,2030,bau,bws,One,4.6232371193622,12,4,Extremely High (>80%),Africa,Middle East & North Africa
CHL,Chile,2050,pes,bws,Tot,4.62182691420822,23,4,Extremely High (>80%),Americas,Latin America & Caribbean
IRN,Iran,2030,pes,bws,Irr,4.62065505601301,17,4,Extremely High (>80%),Asia,Middle East & North Africa
ESP,Spain,2050,bau,bws,Irr,4.61988817217145,22,4,Extremely High (>80%),Europe,Europe & Central Asia
BWA,Botswana,2050,pes,bws,One,4.61986757818303,16,4,Extremely High (>80%),Africa,Sub-Saharan Africa
EGY,Egypt,2030,opt,bws,Dom,4.61917291833794,18,4,Extremely High (>80%),Africa,Middle East & North Africa
DZA,Algeria,2080,opt,bws,Tot,4.61778257830874,23,4,Extremely High (>80%),Africa,Middle East & North Africa
BWA,Botswana,2050,bau,bws,One,4.61734676422734,16,4,Extremely High (>80%),Africa,Sub-Saharan Africa
IRQ,Iraq,2050,bau,bws,Dom,4.61727844460464,19,4,Extremely High (>80%),Asia,Middle East & North Africa
YEM,Yemen,2050,bau,bws,Ind,4.61207989994143,20,4,Extremely High (>80%),Asia,Middle East & North Africa
EGY,Egypt,2030,opt,bws,Tot,4.60988320791317,20,4,Extremely High (>80%),Africa,Middle East & North Africa
BEL,Belgium,2080,pes,bws,Liv,4.60963951624262,20,4,Extremely High (>80%),Europe,Europe & Central Asia
KWT,Kuwait,2080,pes,bws,Irr,4.60876228298702,25,4,Extremely High (>80%),Asia,Middle East & North Africa
DZA,Algeria,2050,bau,bws,Dom,4.60847849734282,20,4,Extremely High (>80%),Africa,Middle East & North Africa
GRC,Greece,2080,opt,bws,Liv,4.60810415576061,18,4,Extremely High (>80%),Europe,Europe & Central Asia
GRC,Greece,2050,opt,bws,Irr,4.60802377705435,20,4,Extremely High (>80%),Europe,Europe & Central Asia
GRC,Greece,2050,bau,bws,Dom,4.60651107767654,21,4,Extremely High (>80%),Europe,Europe & Central Asia
DZA,Algeria,2050,pes,bws,Dom,4.60547987739331,22,4,Extremely High (>80%),Africa,Middle East & North Africa
BEL,Belgium,2050,opt,bws,Ind,4.60515803720076,19,4,Extremely High (>80%),Europe,Europe & Central Asia
DZA,Algeria,2050,bau,bws,One,4.60495092850081,17,4,Extremely High (>80%),Africa,Middle East & North Africa
SYR,Syria,2080,pes,bws,Irr,4.60467518597763,26,4,Extremely High (>80%),Asia,Middle East & North Africa
BEL,Belgium,2050,opt,bws,Tot,4.60388519014777,19,4,Extremely High (>80%),Europe,Europe & Central Asia
EGY,Egypt,2050,pes,bws,Ind,4.60258773896118,20,4,Extremely High (>80%),Africa,Middle East & North Africa
KWT,Kuwait,2050,opt,bws,Irr,4.6010429341937,21,4,Extremely High (>80%),Asia,Middle East & North Africa
KWT,Kuwait,2050,opt,bws,Tot,4.59856925372914,20,4,Extremely High (>80%),Asia,Middle East & North Africa
IRN,Iran,2050,opt,bws,Tot,4.59746111953129,21,4,Extremely High (>80%),Asia,Middle East & North Africa
SAU,Saudi Arabia,2030,bau,bws,One,4.59506580790093,13,4,Extremely High (>80%),Asia,Middle East & North Africa
LBY,Libya,2050,opt,bws,Dom,4.59480247441451,18,4,Extremely High (>80%),Africa,Middle East & North Africa
IRN,Iran,2030,pes,bws,Tot,4.59154164759255,17,4,Extremely High (>80%),Asia,Middle East & North Africa
BEL,Belgium,2050,opt,bws,Dom,4.59120927822684,20,4,Extremely High (>80%),Europe,Europe & Central Asia
AND,Andorra,2050,bau,bws,Tot,4.59073813367124,19,4,Extremely High (>80%),Europe,Europe & Central Asia
AND,Andorra,2050,bau,bws,One,4.59073813367124,18,4,Extremely High (>80%),Europe,Europe & Central Asia
AND,Andorra,2050,bau,bws,Liv,4.59073813367124,20,4,Extremely High (>80%),Europe,Europe & Central Asia
AND,Andorra,2050,bau,bws,Irr,4.59073813367124,23,4,Extremely High (>80%),Europe,Europe & Central Asia
AND,Andorra,2050,bau,bws,Ind,4.59073813367124,21,4,Extremely High (>80%),Europe,Europe & Central Asia
AND,Andorra,2050,bau,bws,Dom,4.59073813367124,23,4,Extremely High (>80%),Europe,Europe & Central Asia
TUN,Tunisia,2030,pes,bws,Ind,4.59042405447447,18,4,Extremely High (>80%),Africa,Middle East & North Africa
LSO,Lesotho,2050,opt,bws,Irr,4.58607805532293,22,4,Extremely High (>80%),Africa,Sub-Saharan Africa
TUN,Tunisia,2030,opt,bws,Dom,4.58549396612316,19,4,Extremely High (>80%),Africa,Middle East & North Africa
BEL,Belgium,2050,pes,bws,Ind,4.58539268471126,21,4,Extremely High (>80%),Europe,Europe & Central Asia
KWT,Kuwait,2080,pes,bws,Ind,4.58493271604957,25,4,Extremely High (>80%),Asia,Middle East & North Africa
BEL,Belgium,2050,pes,bws,Tot,4.58449466718743,24,4,Extremely High (>80%),Europe,Europe & Central Asia
BWA,Botswana,2080,pes,bws,One,4.58440750481481,18,4,Extremely High (>80%),Africa,Sub-Saharan Africa
MRT,Mauritania,2080,bau,bws,One,4.58347050814162,21,4,Extremely High (>80%),Africa,Sub-Saharan Africa
CHL,Chile,2050,opt,bws,Irr,4.58127120639813,23,4,Extremely High (>80%),Americas,Latin America & Caribbean
SAU,Saudi Arabia,2030,opt,bws,One,4.58024304993619,16,4,Extremely High (>80%),Asia,Middle East & North Africa
TUN,Tunisia,2030,pes,bws,Liv,4.58000724574947,16,4,Extremely High (>80%),Africa,Middle East & North Africa
KWT,Kuwait,2050,bau,bws,Ind,4.57950634888933,22,4,Extremely High (>80%),Asia,Middle East & North Africa
KWT,Kuwait,2050,opt,bws,Dom,4.57827250935073,21,4,Extremely High (>80%),Asia,Middle East & North Africa
OMN,Oman,2050,opt,bws,One,4.57746478873239,14,4,Extremely High (>80%),Asia,Middle East & North Africa
YEM,Yemen,2080,bau,bws,Ind,4.57696729755797,26,4,Extremely High (>80%),Asia,Middle East & North Africa
LBY,Libya,2030,bau,bws,Ind,4.57639829547393,16,4,Extremely High (>80%),Africa,Middle East & North Africa
BWA,Botswana,2080,bau,bws,Tot,4.57570021825527,26,4,Extremely High (>80%),Africa,Sub-Saharan Africa
BEL,Belgium,2080,opt,bws,Ind,4.57564539553128,22,4,Extremely High (>80%),Europe,Europe & Central Asia
BEL,Belgium,2050,pes,bws,Dom,4.57549784435211,23,4,Extremely High (>80%),Europe,Europe & Central Asia
BEL,Belgium,2080,opt,bws,Tot,4.57506349642591,24,4,Extremely High (>80%),Europe,Europe & Central Asia
BEL,Belgium,2080,pes,bws,Irr,4.57490811411381,27,4,Extremely High (>80%),Europe,Europe & Central Asia
IRN,Iran,2080,opt,bws,Dom,4.57284008758639,21,4,Extremely High (>80%),Asia,Middle East & North Africa
LSO,Lesotho,2080,pes,bws,Ind,4.57010144790952,26,4,Extremely High (>80%),Africa,Sub-Saharan Africa
IRN,Iran,2050,pes,bws,Dom,4.56968994090172,24,4,Extremely High (>80%),Asia,Middle East & North Africa
DZA,Algeria,2050,pes,bws,One,4.56958924934668,17,4,Extremely High (>80%),Africa,Middle East & North Africa
BEL,Belgium,2080,opt,bws,Dom,4.56933076171225,22,4,Extremely High (>80%),Europe,Europe & Central Asia
GRC,Greece,2050,bau,bws,Tot,4.56926228637816,20,4,Extremely High (>80%),Europe,Europe & Central Asia
YEM,Yemen,2050,pes,bws,Liv,4.56880256914607,20,4,Extremely High (>80%),Asia,Middle East & North Africa
BEL,Belgium,2050,opt,bws,Liv,4.56598863610372,17,4,Extremely High (>80%),Europe,Europe & Central Asia
YEM,Yemen,2080,opt,bws,Ind,4.56590615570104,23,4,Extremely High (>80%),Asia,Middle East & North Africa
KWT,Kuwait,2050,opt,bws,One,4.56379471056419,15,4,Extremely High (>80%),Asia,Middle East & North Africa
NAM,Namibia,2080,opt,bws,Liv,4.56315623861124,19,4,Extremely High (>80%),Africa,Sub-Saharan Africa
NAM,Namibia,2050,opt,bws,Liv,4.56271733813809,18,4,Extremely High (>80%),Africa,Sub-Saharan Africa
IRQ,Iraq,2080,bau,bws,One,4.56201660817219,22,4,Extremely High (>80%),Asia,Middle East & North Africa
LSO,Lesotho,2080,opt,bws,Ind,4.56182104955881,24,4,Extremely High (>80%),Africa,Sub-Saharan Africa
IRQ,Iraq,2050,bau,bws,Ind,4.56142109697605,23,4,Extremely High (>80%),Asia,Middle East & North Africa
EGY,Egypt,2080,bau,bws,Irr,4.56072987398154,26,4,Extremely High (>80%),Africa,Middle East & North Africa
SYR,Syria,2080,opt,bws,Liv,4.56014136518908,20,4,Extremely High (>80%),Asia,Middle East & North Africa
IRN,Iran,2080,pes,bws,Liv,4.56009112967728,21,4,Extremely High (>80%),Asia,Middle East & North Africa
GRC,Greece,2050,bau,bws,Liv,4.559670452309,21,4,Extremely High (>80%),Europe,Europe & Central Asia
ESP,Spain,2050,pes,bws,Tot,4.55908129668318,25,4,Extremely High (>80%),Europe,Europe & Central Asia
LSO,Lesotho,2080,opt,bws,Irr,4.55843332561015,26,4,Extremely High (>80%),Africa,Sub-Saharan Africa
YEM,Yemen,2050,pes,bws,Ind,4.55781406486574,22,4,Extremely High (>80%),Asia,Middle East & North Africa
EGY,Egypt,2030,bau,bws,Liv,4.55739270182579,15,4,Extremely High (>80%),Africa,Middle East & North Africa
SYR,Syria,2030,opt,bws,Dom,4.55675231350299,20,4,Extremely High (>80%),Asia,Middle East & North Africa
KWT,Kuwait,2030,bau,bws,Ind,4.55557105154356,17,4,Extremely High (>80%),Asia,Middle East & North Africa
CHL,Chile,2050,bau,bws,Tot,4.55344241435574,21,4,Extremely High (>80%),Americas,Latin America & Caribbean
YEM,Yemen,2050,opt,bws,One,4.55226753311506,16,4,Extremely High (>80%),Asia,Middle East & North Africa
CHL,Chile,2030,pes,bws,Irr,4.5512164183069,18,4,Extremely High (>80%),Americas,Latin America & Caribbean
LBY,Libya,2030,bau,bws,One,4.55091760646537,14,4,Extremely High (>80%),Africa,Middle East & North Africa
YEM,Yemen,2080,opt,bws,Liv,4.55032927833517,21,4,Extremely High (>80%),Asia,Middle East & North Africa
GRC,Greece,2030,opt,bws,Irr,4.55025265317386,22,4,Extremely High (>80%),Europe,Europe & Central Asia
YEM,Yemen,2030,opt,bws,Irr,4.55022953790766,23,4,Extremely High (>80%),Asia,Middle East & North Africa
SYR,Syria,2050,bau,bws,Liv,4.54881848528065,22,4,Extremely High (>80%),Asia,Middle East & North Africa
LBY,Libya,2080,opt,bws,One,4.54871328593231,15,4,Extremely High (>80%),Africa,Middle East & North Africa
SYR,Syria,2050,pes,bws,Liv,4.54740075383594,21,4,Extremely High (>80%),Asia,Middle East & North Africa
IRN,Iran,2030,opt,bws,Dom,4.54626901024105,21,4,Extremely High (>80%),Asia,Middle East & North Africa
YEM,Yemen,2030,pes,bws,Irr,4.54598096429549,19,4,Extremely High (>80%),Asia,Middle East & North Africa
BWA,Botswana,2030,opt,bws,One,4.54580830505803,18,4,Extremely High (>80%),Africa,Sub-Saharan Africa
LBY,Libya,2050,opt,bws,One,4.54460001136859,17,4,Extremely High (>80%),Africa,Middle East & North Africa
GRC,Greece,2030,bau,bws,Irr,4.54449905240777,20,4,Extremely High (>80%),Europe,Europe & Central Asia
BEL,Belgium,2050,pes,bws,Irr,4.5441202806093,26,4,Extremely High (>80%),Europe,Europe & Central Asia
GRC,Greece,2030,pes,bws,Irr,4.54402858147024,20,4,Extremely High (>80%),Europe,Europe & Central Asia
LBY,Libya,2030,bau,bws,Dom,4.54239496898566,16,4,Extremely High (>80%),Africa,Middle East & North Africa
YEM,Yemen,2080,bau,bws,Liv,4.54216106859607,26,4,Extremely High (>80%),Asia,Middle East & North Africa
BEL,Belgium,2050,pes,bws,Liv,4.54136591185631,22,4,Extremely High (>80%),Europe,Europe & Central Asia
SYR,Syria,2030,pes,bws,Dom,4.54059146166009,18,4,Extremely High (>80%),Asia,Middle East & North Africa
KWT,Kuwait,2080,bau,bws,Irr,4.54028440742414,27,4,Extremely High (>80%),Asia,Middle East & North Africa
BEL,Belgium,2080,opt,bws,Irr,4.54028043151262,27,4,Extremely High (>80%),Europe,Europe & Central Asia
SAU,Saudi Arabia,2050,pes,bws,One,4.53846890770544,18,4,Extremely High (>80%),Asia,Middle East & North Africa
TUN,Tunisia,2030,opt,bws,Ind,4.53837256246874,19,4,Extremely High (>80%),Africa,Middle East & North Africa
ESP,Spain,2080,pes,bws,Dom,4.53826439444831,25,4,Extremely High (>80%),Europe,Europe & Central Asia
EGY,Egypt,2080,bau,bws,Dom,4.53802315293485,25,4,Extremely High (>80%),Africa,Middle East & North Africa
DZA,Algeria,2050,bau,bws,Liv,4.53778291364976,23,4,Extremely High (>80%),Africa,Middle East & North Africa
CHL,Chile,2080,opt,bws,Tot,4.53478456731185,25,4,Extremely High (>80%),Americas,Latin America & Caribbean
YEM,Yemen,2050,bau,bws,One,4.53355964017378,19,4,Extremely High (>80%),Asia,Middle East & North Africa
ESP,Spain,2080,opt,bws,Tot,4.53236591294789,26,4,Extremely High (>80%),Europe,Europe & Central Asia
IRN,Iran,2030,bau,bws,Dom,4.53206310239947,17,4,Extremely High (>80%),Asia,Middle East & North Africa
YEM,Yemen,2080,opt,bws,One,4.53099417766847,16,4,Extremely High (>80%),Asia,Middle East & North Africa
BEL,Belgium,2050,opt,bws,Irr,4.52903088821345,24,4,Extremely High (>80%),Europe,Europe & Central Asia
YEM,Yemen,2030,opt,bws,Tot,4.52857249566581,21,4,Extremely High (>80%),Asia,Middle East & North Africa
BEL,Belgium,2080,opt,bws,Liv,4.52769200428617,22,4,Extremely High (>80%),Europe,Europe & Central Asia
GRC,Greece,2050,opt,bws,Dom,4.52719265388193,22,4,Extremely High (>80%),Europe,Europe & Central Asia
YEM,Yemen,2030,pes,bws,Tot,4.52672695172345,18,4,Extremely High (>80%),Asia,Middle East & North Africa
IRQ,Iraq,2080,opt,bws,Dom,4.52530677679434,23,4,Extremely High (>80%),Asia,Middle East & North Africa
KWT,Kuwait,2050,pes,bws,Liv,4.52308988555687,23,4,Extremely High (>80%),Asia,Middle East & North Africa
DZA,Algeria,2030,pes,bws,Ind,4.52303675358273,19,4,Extremely High (>80%),Africa,Middle East & North Africa
EGY,Egypt,2080,bau,bws,Tot,4.52224524291319,27,4,Extremely High (>80%),Africa,Middle East & North Africa
BEL,Belgium,2030,bau,bws,Ind,4.52119471674835,19,4,Extremely High (>80%),Europe,Europe & Central Asia
BEL,Belgium,2030,bau,bws,Tot,4.52081240941515,17,4,Extremely High (>80%),Europe,Europe & Central Asia
YEM,Yemen,2050,bau,bws,Irr,4.51849891251593,24,4,Extremely High (>80%),Asia,Middle East & North Africa
BWA,Botswana,2080,opt,bws,One,4.51806935623896,17,4,Extremely High (>80%),Africa,Sub-Saharan Africa
BEL,Belgium,2030,bau,bws,Dom,4.51803176797574,18,4,Extremely High (>80%),Europe,Europe & Central Asia
IRQ,Iraq,2050,pes,bws,Ind,4.5163702237032,23,4,Extremely High (>80%),Asia,Middle East & North Africa
CHL,Chile,2030,bau,bws,Tot,4.51617521563638,18,4,Extremely High (>80%),Americas,Latin America & Caribbean
NAM,Namibia,2050,bau,bws,Dom,4.51611727260977,24,4,Extremely High (>80%),Africa,Sub-Saharan Africa
GRC,Greece,2080,pes,bws,Ind,4.51387818793239,27,4,Extremely High (>80%),Europe,Europe & Central Asia
TKM,Turkmenistan,2080,bau,bws,Liv,4.51291540074045,27,4,Extremely High (>80%),Asia,Europe & Central Asia
CHL,Chile,2030,opt,bws,Irr,4.51223249038436,24,4,Extremely High (>80%),Americas,Latin America & Caribbean
EGY,Egypt,2030,opt,bws,Ind,4.51130522545986,20,4,Extremely High (>80%),Africa,Middle East & North Africa
OMN,Oman,2080,bau,bws,One,4.51081755332509,23,4,Extremely High (>80%),Asia,Middle East & North Africa
SEN,Senegal,2030,opt,bws,Ind,4.51040479844754,21,4,Extremely High (>80%),Africa,Sub-Saharan Africa
IRN,Iran,2080,bau,bws,Ind,4.50829338747852,27,4,Extremely High (>80%),Asia,Middle East & North Africa
SAU,Saudi Arabia,2080,pes,bws,Liv,4.50817849823099,22,4,Extremely High (>80%),Asia,Middle East & North Africa
BWA,Botswana,2030,bau,bws,One,4.50493124435426,15,4,Extremely High (>80%),Africa,Sub-Saharan Africa
GRC,Greece,2050,opt,bws,Tot,4.50441088194394,22,4,Extremely High (>80%),Europe,Europe & Central Asia
IRQ,Iraq,2080,pes,bws,Liv,4.5039931214624,23,4,Extremely High (>80%),Asia,Middle East & North Africa
SEN,Senegal,2050,pes,bws,Ind,4.50334739048364,24,4,Extremely High (>80%),Africa,Sub-Saharan Africa
NAM,Namibia,2030,opt,bws,Tot,4.50270739796569,22,4,Extremely High (>80%),Africa,Sub-Saharan Africa
BWA,Botswana,2050,opt,bws,One,4.50165630302837,18,4,Extremely High (>80%),Africa,Sub-Saharan Africa
TUN,Tunisia,2030,pes,bws,One,4.50150333755128,16,4,Extremely High (>80%),Africa,Middle East & North Africa
SYR,Syria,2030,bau,bws,Dom,4.50119295433718,19,4,Extremely High (>80%),Asia,Middle East & North Africa
DZA,Algeria,2080,opt,bws,Dom,4.50092523200059,24,4,Extremely High (>80%),Africa,Middle East & North Africa
TUN,Tunisia,2030,opt,bws,Liv,4.49961951785742,19,4,Extremely High (>80%),Africa,Middle East & North Africa
SYR,Syria,2050,opt,bws,Liv,4.49957794846491,19,4,Extremely High (>80%),Asia,Middle East & North Africa
LSO,Lesotho,2050,opt,bws,Ind,4.49947508964718,21,4,Extremely High (>80%),Africa,Sub-Saharan Africa
DZA,Algeria,2050,opt,bws,Irr,4.49838774222313,25,4,Extremely High (>80%),Africa,Middle East & North Africa
DZA,Algeria,2050,opt,bws,Ind,4.49731979330441,22,4,Extremely High (>80%),Africa,Middle East & North Africa
DZA,Algeria,2080,opt,bws,One,4.49626127484147,18,4,Extremely High (>80%),Africa,Middle East & North Africa
ESP,Spain,2050,opt,bws,Irr,4.49618643795564,26,4,Extremely High (>80%),Europe,Europe & Central Asia
GRC,Greece,2030,opt,bws,Dom,4.49605135668465,22,4,Extremely High (>80%),Europe,Europe & Central Asia
KWT,Kuwait,2080,bau,bws,Ind,4.49538763515032,28,4,Extremely High (>80%),Asia,Middle East & North Africa
YEM,Yemen,2050,bau,bws,Tot,4.49468249273583,22,4,Extremely High (>80%),Asia,Middle East & North Africa
NAM,Namibia,2030,bau,bws,Liv,4.49168971022229,17,4,Extremely High (>80%),Africa,Sub-Saharan Africa
ESP,Spain,2050,bau,bws,Tot,4.49078148086206,23,4,Extremely High (>80%),Europe,Europe & Central Asia
DJI,Djibouti,2030,pes,bws,Liv,4.48942261829604,17,4,Extremely High (>80%),Africa,Middle East & North Africa
NAM,Namibia,2050,pes,bws,Dom,4.48726674169754,25,4,Extremely High (>80%),Africa,Sub-Saharan Africa
SAU,Saudi Arabia,2030,pes,bws,One,4.48703149351454,17,4,Extremely High (>80%),Asia,Middle East & North Africa
IRN,Iran,2050,bau,bws,Liv,4.48623310715424,24,4,Extremely High (>80%),Asia,Middle East & North Africa
YEM,Yemen,2030,bau,bws,One,4.486165688833,16,4,Extremely High (>80%),Asia,Middle East & North Africa
DJI,Djibouti,2030,opt,bws,Liv,4.48508120209592,20,4,Extremely High (>80%),Africa,Middle East & North Africa
NAM,Namibia,2080,bau,bws,Dom,4.48375829814964,26,4,Extremely High (>80%),Africa,Sub-Saharan Africa
IRN,Iran,2050,opt,bws,Dom,4.48217361809541,23,4,Extremely High (>80%),Asia,Middle East & North Africa
GRC,Greece,2050,opt,bws,Liv,4.48152595240616,21,4,Extremely High (>80%),Europe,Europe & Central Asia
YEM,Yemen,2030,bau,bws,Liv,4.47981205881869,18,4,Extremely High (>80%),Asia,Middle East & North Africa
YEM,Yemen,2030,bau,bws,Ind,4.47973469740698,20,4,Extremely High (>80%),Asia,Middle East & North Africa
IRN,Iran,2030,pes,bws,Dom,4.47765656519014,19,4,Extremely High (>80%),Asia,Middle East & North Africa
EGY,Egypt,2050,bau,bws,Irr,4.47725709633275,25,4,Extremely High (>80%),Africa,Middle East & North Africa
SAU,Saudi Arabia,2050,bau,bws,One,4.47639321953662,20,4,Extremely High (>80%),Asia,Middle East & North Africa
EGY,Egypt,2030,pes,bws,Liv,4.47582694500591,18,4,Extremely High (>80%),Africa,Middle East & North Africa
BEL,Belgium,2030,pes,bws,Dom,4.47362906184298,20,4,Extremely High (>80%),Europe,Europe & Central Asia
GRC,Greece,2030,opt,bws,Tot,4.47268523031271,23,4,Extremely High (>80%),Europe,Europe & Central Asia
MRT,Mauritania,2080,opt,bws,One,4.47256246916441,19,4,Extremely High (>80%),Africa,Sub-Saharan Africa
NAM,Namibia,2030,pes,bws,Liv,4.47136734461628,19,4,Extremely High (>80%),Africa,Sub-Saharan Africa
TUN,Tunisia,2030,opt,bws,One,4.4711805099521,19,4,Extremely High (>80%),Africa,Middle East & North Africa
CHL,Chile,2050,opt,bws,Tot,4.47101794615668,23,4,Extremely High (>80%),Americas,Latin America & Caribbean
MRT,Mauritania,2080,pes,bws,One,4.46932325433035,19,4,Extremely High (>80%),Africa,Sub-Saharan Africa
BEL,Belgium,2030,pes,bws,Tot,4.46912378560398,19,4,Extremely High (>80%),Europe,Europe & Central Asia
GRC,Greece,2030,bau,bws,Dom,4.46908922144629,20,4,Extremely High (>80%),Europe,Europe & Central Asia
BEL,Belgium,2030,pes,bws,Ind,4.46880480885678,20,4,Extremely High (>80%),Europe,Europe & Central Asia
YEM,Yemen,2050,opt,bws,Liv,4.46715388539082,22,4,Extremely High (>80%),Asia,Middle East & North Africa
BEL,Belgium,2050,bau,bws,Ind,4.4663792597991,24,4,Extremely High (>80%),Europe,Europe & Central Asia
BEL,Belgium,2050,bau,bws,Tot,4.46614019322556,24,4,Extremely High (>80%),Europe,Europe & Central Asia
YEM,Yemen,2050,pes,bws,Irr,4.46463031828872,27,4,Extremely High (>80%),Asia,Middle East & North Africa
BEL,Belgium,2050,bau,bws,Dom,4.46459265315025,25,4,Extremely High (>80%),Europe,Europe & Central Asia
ESP,Spain,2080,pes,bws,Ind,4.46369763910256,28,4,Extremely High (>80%),Europe,Europe & Central Asia
EGY,Egypt,2030,bau,bws,Dom,4.46363798620311,21,4,Extremely High (>80%),Africa,Middle East & North Africa
GRC,Greece,2030,pes,bws,Dom,4.46337465876463,21,4,Extremely High (>80%),Europe,Europe & Central Asia
YEM,Yemen,2050,opt,bws,Ind,4.46181660894612,23,4,Extremely High (>80%),Asia,Middle East & North Africa
DZA,Algeria,2030,opt,bws,Ind,4.4606871826877,23,4,Extremely High (>80%),Africa,Middle East & North Africa
MRT,Mauritania,2050,bau,bws,One,4.46031858853925,21,4,Extremely High (>80%),Africa,Sub-Saharan Africa
GRC,Greece,2080,pes,bws,One,4.4600613956775,20,4,Extremely High (>80%),Europe,Europe & Central Asia
GRC,Greece,2030,opt,bws,Liv,4.45898665385562,21,4,Extremely High (>80%),Europe,Europe & Central Asia
NAM,Namibia,2080,pes,bws,Liv,4.45878814413317,24,4,Extremely High (>80%),Africa,Sub-Saharan Africa
EGY,Egypt,2050,bau,bws,Tot,4.45859659576174,25,4,Extremely High (>80%),Africa,Middle East & North Africa
EGY,Egypt,2030,bau,bws,Irr,4.45848403258452,21,4,Extremely High (>80%),Africa,Middle East & North Africa
NAM,Namibia,2030,opt,bws,Liv,4.45820576311667,22,4,Extremely High (>80%),Africa,Sub-Saharan Africa
GRC,Greece,2030,bau,bws,Liv,4.45528079104978,19,4,Extremely High (>80%),Europe,Europe & Central Asia
IRN,Iran,2050,pes,bws,Liv,4.45296333328175,24,4,Extremely High (>80%),Asia,Middle East & North Africa
EGY,Egypt,2050,bau,bws,Dom,4.45235277874601,26,4,Extremely High (>80%),Africa,Middle East & North Africa
YEM,Yemen,2080,pes,bws,Ind,4.45222324674674,29,4,Extremely High (>80%),Asia,Middle East & North Africa
YEM,Yemen,2080,opt,bws,Irr,4.45220749928868,28,4,Extremely High (>80%),Asia,Middle East & North Africa
DZA,Algeria,2030,bau,bws,Ind,4.45174406425966,21,4,Extremely High (>80%),Africa,Middle East & North Africa
GRC,Greece,2030,bau,bws,Tot,4.45172272507136,19,4,Extremely High (>80%),Europe,Europe & Central Asia
DZA,Algeria,2050,opt,bws,Tot,4.45069615421441,24,4,Extremely High (>80%),Africa,Middle East & North Africa
CHL,Chile,2030,pes,bws,Tot,4.44780728168135,20,4,Extremely High (>80%),Americas,Latin America & Caribbean
EGY,Egypt,2030,bau,bws,Tot,4.44183452575531,20,4,Extremely High (>80%),Africa,Middle East & North Africa
ZAF,South Africa,2080,pes,bws,Tot,4.44008530683742,27,4,Extremely High (>80%),Africa,Sub-Saharan Africa
EGY,Egypt,2080,pes,bws,One,4.44007144453485,21,4,Extremely High (>80%),Africa,Middle East & North Africa
GRC,Greece,2030,pes,bws,Tot,4.43952018402924,21,4,Extremely High (>80%),Europe,Europe & Central Asia
BEL,Belgium,2030,bau,bws,Liv,4.43865761784635,20,4,Extremely High (>80%),Europe,Europe & Central Asia
GRC,Greece,2030,pes,bws,Liv,4.43567515934287,20,4,Extremely High (>80%),Europe,Europe & Central Asia
YEM,Yemen,2050,pes,bws,Tot,4.43500051526972,26,4,Extremely High (>80%),Asia,Middle East & North Africa
BEL,Belgium,2080,bau,bws,Ind,4.43299691221805,30,4,Extremely High (>80%),Europe,Europe & Central Asia
BEL,Belgium,2080,bau,bws,Tot,4.43188135155931,29,4,Extremely High (>80%),Europe,Europe & Central Asia
NAM,Namibia,2080,opt,bws,Dom,4.43002205182002,25,4,Extremely High (>80%),Africa,Sub-Saharan Africa
BEL,Belgium,2030,bau,bws,Irr,4.42938306912963,22,4,Extremely High (>80%),Europe,Europe & Central Asia
IRQ,Iraq,2080,opt,bws,Ind,4.4279792934656,25,4,Extremely High (>80%),Asia,Middle East & North Africa
BEL,Belgium,2030,opt,bws,Dom,4.42666266741627,23,4,Extremely High (>80%),Europe,Europe & Central Asia
DZA,Algeria,2030,pes,bws,One,4.42622453356789,18,4,Extremely High (>80%),Africa,Middle East & North Africa
ZAF,South Africa,2080,bau,bws,Tot,4.42603442997492,30,4,Extremely High (>80%),Africa,Sub-Saharan Africa
MAR,Morocco,2080,bau,bws,Irr,4.42229542619526,29,4,Extremely High (>80%),Africa,Middle East & North Africa
BEL,Belgium,2080,bau,bws,Dom,4.4218538855443,27,4,Extremely High (>80%),Europe,Europe & Central Asia
ESP,Spain,2080,bau,bws,Dom,4.42043615909724,28,4,Extremely High (>80%),Europe,Europe & Central Asia
BWA,Botswana,2030,pes,bws,One,4.41962932194018,19,4,Extremely High (>80%),Africa,Sub-Saharan Africa
MAR,Morocco,2080,pes,bws,Irr,4.41583732331953,28,4,Extremely High (>80%),Africa,Middle East & North Africa
YEM,Yemen,2080,bau,bws,Irr,4.4154070748666,30,4,Extremely High (>80%),Asia,Middle East & North Africa
CHL,Chile,2030,opt,bws,Tot,4.41502157281254,24,4,Extremely High (>80%),Americas,Latin America & Caribbean
SYR,Syria,2030,opt,bws,Liv,4.41495579060191,23,4,Extremely High (>80%),Asia,Middle East & North Africa
BEL,Belgium,2030,opt,bws,Tot,4.41484294373896,25,4,Extremely High (>80%),Europe,Europe & Central Asia
YEM,Yemen,2080,opt,bws,Tot,4.41482806348232,27,4,Extremely High (>80%),Asia,Middle East & North Africa
BEL,Belgium,2030,opt,bws,Ind,4.41381506347298,24,4,Extremely High (>80%),Europe,Europe & Central Asia
DZA,Algeria,2050,pes,bws,Liv,4.41328335707994,25,4,Extremely High (>80%),Africa,Middle East & North Africa
BWA,Botswana,2050,bau,bws,Tot,4.4113059262306,26,4,Extremely High (>80%),Africa,Sub-Saharan Africa
YEM,Yemen,2050,bau,bws,Dom,4.41100937218544,27,4,Extremely High (>80%),Asia,Middle East & North Africa
YEM,Yemen,2050,pes,bws,One,4.40997805275099,20,4,Extremely High (>80%),Asia,Middle East & North Africa
EGY,Egypt,2030,pes,bws,Irr,4.40852510222814,21,4,Extremely High (>80%),Africa,Middle East & North Africa
OMN,Oman,2030,bau,bws,One,4.40412968473915,17,4,Extremely High (>80%),Asia,Middle East & North Africa
EGY,Egypt,2050,bau,bws,Ind,4.40363506674246,25,4,Extremely High (>80%),Africa,Middle East & North Africa
BEL,Belgium,2050,bau,bws,Irr,4.40149050185119,26,4,Extremely High (>80%),Europe,Europe & Central Asia
EGY,Egypt,2030,pes,bws,Tot,4.39496092736826,23,4,Extremely High (>80%),Africa,Middle East & North Africa
LSO,Lesotho,2050,bau,bws,Ind,4.3939877665283,26,4,Extremely High (>80%),Africa,Sub-Saharan Africa
NAM,Namibia,2050,opt,bws,One,4.39392633585899,20,4,Extremely High (>80%),Africa,Sub-Saharan Africa
BFA,Burkina Faso,2080,bau,bws,Ind,4.3939174280223,31,4,Extremely High (>80%),Africa,Sub-Saharan Africa
YEM,Yemen,2030,opt,bws,Dom,4.39305773140133,24,4,Extremely High (>80%),Asia,Middle East & North Africa
EGY,Egypt,2080,bau,bws,Ind,4.3925870190044,32,4,Extremely High (>80%),Africa,Middle East & North Africa
NAM,Namibia,2080,opt,bws,Ind,4.39252576714593,26,4,Extremely High (>80%),Africa,Sub-Saharan Africa
BWA,Botswana,2030,opt,bws,Irr,4.39184053092688,25,4,Extremely High (>80%),Africa,Sub-Saharan Africa
ZAF,South Africa,2050,pes,bws,Tot,4.39079808022392,27,4,Extremely High (>80%),Africa,Sub-Saharan Africa
YEM,Yemen,2080,bau,bws,Tot,4.39045626564861,31,4,Extremely High (>80%),Asia,Middle East & North Africa
YEM,Yemen,2030,pes,bws,Dom,4.38956434156248,22,4,Extremely High (>80%),Asia,Middle East & North Africa
ZAF,South Africa,2080,opt,bws,Tot,4.38950268735118,28,4,Extremely High (>80%),Africa,Sub-Saharan Africa
YEM,Yemen,2080,pes,bws,Liv,4.38936704215451,25,4,Extremely High (>80%),Asia,Middle East & North Africa
SAU,Saudi Arabia,2080,opt,bws,One,4.38935409025001,20,4,Extremely High (>80%),Asia,Middle East & North Africa
NAM,Namibia,2050,pes,bws,Ind,4.38820980084681,25,4,Extremely High (>80%),Africa,Sub-Saharan Africa
BFA,Burkina Faso,2080,opt,bws,Ind,4.38733100371049,27,4,Extremely High (>80%),Africa,Sub-Saharan Africa
NAM,Namibia,2080,pes,bws,One,4.38671807537643,22,4,Extremely High (>80%),Africa,Sub-Saharan Africa
IRN,Iran,2080,opt,bws,Liv,4.38603471174747,23,4,Extremely High (>80%),Asia,Middle East & North Africa
MAR,Morocco,2080,bau,bws,Tot,4.38586659360915,32,4,Extremely High (>80%),Africa,Middle East & North Africa
SYR,Syria,2030,pes,bws,Liv,4.38561623970693,21,4,Extremely High (>80%),Asia,Middle East & North Africa
ZAF,South Africa,2030,bau,bws,Tot,4.38485198930988,21,4,Extremely High (>80%),Africa,Sub-Saharan Africa
NAM,Namibia,2050,pes,bws,One,4.38335499640871,21,4,Extremely High (>80%),Africa,Sub-Saharan Africa
AND,Andorra,2080,opt,bws,Tot,4.38189112248487,29,4,Extremely High (>80%),Europe,Europe & Central Asia
AND,Andorra,2080,opt,bws,One,4.38189112248487,21,4,Extremely High (>80%),Europe,Europe & Central Asia
AND,Andorra,2080,opt,bws,Liv,4.38189112248487,24,4,Extremely High (>80%),Europe,Europe & Central Asia
AND,Andorra,2080,opt,bws,Irr,4.38189112248487,29,4,Extremely High (>80%),Europe,Europe & Central Asia
AND,Andorra,2080,opt,bws,Ind,4.38189112248487,28,4,Extremely High (>80%),Europe,Europe & Central Asia
AND,Andorra,2080,opt,bws,Dom,4.38189112248487,26,4,Extremely High (>80%),Europe,Europe & Central Asia
MAR,Morocco,2080,pes,bws,Tot,4.38156015520612,28,4,Extremely High (>80%),Africa,Middle East & North Africa
BWA,Botswana,2080,bau,bws,Irr,4.38105410623115,31,4,Extremely High (>80%),Africa,Sub-Saharan Africa
BEL,Belgium,2030,pes,bws,Irr,4.37977461800629,22,4,Extremely High (>80%),Europe,Europe & Central Asia
IRN,Iran,2080,pes,bws,Ind,4.37977176867993,30,4,Extremely High (>80%),Asia,Middle East & North Africa
ZAF,South Africa,2050,bau,bws,Tot,4.37943168809101,27,4,Extremely High (>80%),Africa,Sub-Saharan Africa
ESP,Spain,2050,pes,bws,Dom,4.37929562612106,27,4,Extremely High (>80%),Europe,Europe & Central Asia
NAM,Namibia,2080,bau,bws,Ind,4.37093665936143,33,4,Extremely High (>80%),Africa,Sub-Saharan Africa
NAM,Namibia,2080,opt,bws,One,4.37085396056315,22,4,Extremely High (>80%),Africa,Sub-Saharan Africa
MAR,Morocco,2050,pes,bws,Irr,4.37029584513671,28,4,Extremely High (>80%),Africa,Middle East & North Africa
KWT,Kuwait,2030,pes,bws,Irr,4.36458862694891,23,4,Extremely High (>80%),Asia,Middle East & North Africa
NAM,Namibia,2050,opt,bws,Dom,4.36358579143519,24,4,Extremely High (>80%),Africa,Sub-Saharan Africa
EGY,Egypt,2030,pes,bws,Dom,4.36327343914734,23,4,Extremely High (>80%),Africa,Middle East & North Africa
YEM,Yemen,2030,bau,bws,Irr,4.36270016470014,23,4,Extremely High (>80%),Asia,Middle East & North Africa
SEN,Senegal,2050,opt,bws,Ind,4.36189339893266,24,4,Extremely High (>80%),Africa,Sub-Saharan Africa
KWT,Kuwait,2050,bau,bws,Irr,4.36136100375345,27,4,Extremely High (>80%),Asia,Middle East & North Africa
BEL,Belgium,2050,bau,bws,Liv,4.35617609010149,25,4,Extremely High (>80%),Europe,Europe & Central Asia
DZA,Algeria,2080,opt,bws,Liv,4.35476092918552,25,4,Extremely High (>80%),Africa,Middle East & North Africa
SYR,Syria,2030,bau,bws,Liv,4.35258700590106,21,4,Extremely High (>80%),Asia,Middle East & North Africa
IRQ,Iraq,2080,pes,bws,One,4.352207958567,23,4,Extremely High (>80%),Asia,Middle East & North Africa
ESP,Spain,2050,opt,bws,Tot,4.35183140650638,25,4,Extremely High (>80%),Europe,Europe & Central Asia
IRQ,Iraq,2050,opt,bws,Irr,4.35132339349475,27,4,Extremely High (>80%),Asia,Middle East & North Africa
ESP,Spain,2030,pes,bws,Irr,4.34972214104207,24,4,Extremely High (>80%),Europe,Europe & Central Asia
ZAF,South Africa,2030,opt,bws,Tot,4.34841819383347,26,4,Extremely High (>80%),Africa,Sub-Saharan Africa
BEL,Belgium,2030,opt,bws,Irr,4.34783928856098,26,4,Extremely High (>80%),Europe,Europe & Central Asia
BEL,Belgium,2030,pes,bws,Liv,4.34783519286601,23,4,Extremely High (>80%),Europe,Europe & Central Asia
LSO,Lesotho,2050,pes,bws,Ind,4.34765853394203,26,4,Extremely High (>80%),Africa,Sub-Saharan Africa
MAR,Morocco,2080,bau,bws,Ind,4.34640675432875,34,4,Extremely High (>80%),Africa,Middle East & North Africa
ESP,Spain,2030,bau,bws,Irr,4.34374873330992,24,4,Extremely High (>80%),Europe,Europe & Central Asia
ESP,Spain,2080,opt,bws,Dom,4.34335909778644,27,4,Extremely High (>80%),Europe,Europe & Central Asia
BWA,Botswana,2030,bau,bws,Tot,4.34292182698549,22,4,Extremely High (>80%),Africa,Sub-Saharan Africa
IRN,Iran,2030,opt,bws,Liv,4.34230355243433,24,4,Extremely High (>80%),Asia,Middle East & North Africa
NAM,Namibia,2080,pes,bws,Ind,4.34091531425269,31,4,Extremely High (>80%),Africa,Sub-Saharan Africa
ESP,Spain,2080,bau,bws,Ind,4.34067690758706,35,4,Extremely High (>80%),Europe,Europe & Central Asia
KWT,Kuwait,2080,pes,bws,Tot,4.33983291456522,29,4,Extremely High (>80%),Asia,Middle East & North Africa
NAM,Namibia,2050,bau,bws,One,4.33903479824662,22,4,Extremely High (>80%),Africa,Sub-Saharan Africa
AND,Andorra,2050,pes,bws,Tot,4.3388404099623,28,4,Extremely High (>80%),Europe,Europe & Central Asia
AND,Andorra,2050,pes,bws,One,4.3388404099623,22,4,Extremely High (>80%),Europe,Europe & Central Asia
AND,Andorra,2050,pes,bws,Liv,4.3388404099623,26,4,Extremely High (>80%),Europe,Europe & Central Asia
AND,Andorra,2050,pes,bws,Irr,4.3388404099623,29,4,Extremely High (>80%),Europe,Europe & Central Asia
AND,Andorra,2050,pes,bws,Ind,4.3388404099623,27,4,Extremely High (>80%),Europe,Europe & Central Asia
AND,Andorra,2050,pes,bws,Dom,4.3388404099623,28,4,Extremely High (>80%),Europe,Europe & Central Asia
EGY,Egypt,2030,pes,bws,Ind,4.33879795073462,23,4,Extremely High (>80%),Africa,Middle East & North Africa
YEM,Yemen,2080,bau,bws,Dom,4.33758739270339,29,4,Extremely High (>80%),Asia,Middle East & North Africa
MRT,Mauritania,2030,opt,bws,One,4.33739838851236,20,4,Extremely High (>80%),Africa,Sub-Saharan Africa
YEM,Yemen,2030,bau,bws,Tot,4.33633756872575,23,4,Extremely High (>80%),Asia,Middle East & North Africa
BEL,Belgium,2080,bau,bws,Liv,4.33306718466825,28,4,Extremely High (>80%),Europe,Europe & Central Asia
MAR,Morocco,2050,pes,bws,Tot,4.33249406038718,29,4,Extremely High (>80%),Africa,Middle East & North Africa
OMN,Oman,2050,pes,bws,One,4.33234165112139,23,4,Extremely High (>80%),Asia,Middle East & North Africa
KWT,Kuwait,2080,pes,bws,One,4.33204588955267,24,4,Extremely High (>80%),Asia,Middle East & North Africa
NAM,Namibia,2080,bau,bws,One,4.33092722443003,25,4,Extremely High (>80%),Africa,Sub-Saharan Africa
MAR,Morocco,2080,opt,bws,Irr,4.32937810197696,30,4,Extremely High (>80%),Africa,Middle East & North Africa
NAM,Namibia,2030,bau,bws,One,4.32723743052862,19,4,Extremely High (>80%),Africa,Sub-Saharan Africa
DZA,Algeria,2030,bau,bws,One,4.32373611078236,20,4,Extremely High (>80%),Africa,Middle East & North Africa
ZAF,South Africa,2080,pes,bws,Ind,4.32099542894205,32,4,Extremely High (>80%),Africa,Sub-Saharan Africa
BEL,Belgium,2080,bau,bws,Irr,4.32077831124258,32,4,Extremely High (>80%),Europe,Europe & Central Asia
NAM,Namibia,2030,bau,bws,Dom,4.31886018395859,22,4,Extremely High (>80%),Africa,Sub-Saharan Africa
YEM,Yemen,2050,opt,bws,Irr,4.31742948201261,28,4,Extremely High (>80%),Asia,Middle East & North Africa
KWT,Kuwait,2030,pes,bws,One,4.31737962147099,20,4,Extremely High (>80%),Asia,Middle East & North Africa
MRT,Mauritania,2030,pes,bws,One,4.31633094792821,21,4,Extremely High (>80%),Africa,Sub-Saharan Africa
DZA,Algeria,2030,opt,bws,Tot,4.31374930392001,27,4,Extremely High (>80%),Africa,Middle East & North Africa
NAM,Namibia,2080,pes,bws,Dom,4.31266107398954,26,4,Extremely High (>80%),Africa,Sub-Saharan Africa
UZB,Uzbekistan,2080,bau,bws,Liv,4.31209806142867,29,4,Extremely High (>80%),Asia,Europe & Central Asia
KWT,Kuwait,2050,bau,bws,One,4.31122634957504,23,4,Extremely High (>80%),Asia,Middle East & North Africa
BFA,Burkina Faso,2080,pes,bws,Ind,4.30911839555784,33,4,Extremely High (>80%),Africa,Sub-Saharan Africa
GRC,Greece,2050,pes,bws,Ind,4.30801913137601,28,4,Extremely High (>80%),Europe,Europe & Central Asia
DZA,Algeria,2050,opt,bws,Dom,4.30796194206413,25,4,Extremely High (>80%),Africa,Middle East & North Africa
MEX,Mexico,2080,opt,bws,Irr,4.30570434802631,31,4,Extremely High (>80%),Americas,Latin America & Caribbean
YEM,Yemen,2080,pes,bws,Irr,4.30547343345742,29,4,Extremely High (>80%),Asia,Middle East & North Africa
ZAF,South Africa,2080,pes,bws,One,4.30297657928652,25,4,Extremely High (>80%),Africa,Sub-Saharan Africa
ZAF,South Africa,2080,bau,bws,Ind,4.30237119154076,36,4,Extremely High (>80%),Africa,Sub-Saharan Africa
NAM,Namibia,2050,bau,bws,Ind,4.30094543152614,27,4,Extremely High (>80%),Africa,Sub-Saharan Africa
DZA,Algeria,2030,opt,bws,Irr,4.3001844706638,27,4,Extremely High (>80%),Africa,Middle East & North Africa
CHL,Chile,2080,pes,bws,Dom,4.29930345299544,27,4,Extremely High (>80%),Americas,Latin America & Caribbean
NAM,Namibia,2030,opt,bws,One,4.29897756383067,21,4,Extremely High (>80%),Africa,Sub-Saharan Africa
EGY,Egypt,2030,bau,bws,Ind,4.29860768176178,22,4,Extremely High (>80%),Africa,Middle East & North Africa
SEN,Senegal,2030,bau,bws,Ind,4.29648765562775,23,4,Extremely High (>80%),Africa,Sub-Saharan Africa
YEM,Yemen,2050,pes,bws,Dom,4.29549210917088,29,4,Extremely High (>80%),Asia,Middle East & North Africa
MAR,Morocco,2080,opt,bws,Tot,4.2949769233621,30,4,Extremely High (>80%),Africa,Middle East & North Africa
DZA,Algeria,2030,pes,bws,Tot,4.29471385938914,24,4,Extremely High (>80%),Africa,Middle East & North Africa
MEX,Mexico,2030,opt,bws,Irr,4.2923474034969,28,4,Extremely High (>80%),Americas,Latin America & Caribbean
GRC,Greece,2080,opt,bws,Ind,4.29161744032934,29,4,Extremely High (>80%),Europe,Europe & Central Asia
YEM,Yemen,2050,opt,bws,Tot,4.29038294097983,27,4,Extremely High (>80%),Asia,Middle East & North Africa
IRQ,Iraq,2050,opt,bws,Tot,4.28931051410239,28,4,Extremely High (>80%),Asia,Middle East & North Africa
SEN,Senegal,2080,bau,bws,Irr,4.28856206222717,33,4,Extremely High (>80%),Africa,Sub-Saharan Africa
MRT,Mauritania,2050,opt,bws,One,4.28855340146165,21,4,Extremely High (>80%),Africa,Sub-Saharan Africa
DZA,Algeria,2030,pes,bws,Irr,4.2860072302645,25,4,Extremely High (>80%),Africa,Middle East & North Africa
KWT,Kuwait,2080,pes,bws,Dom,4.28554152265397,28,4,Extremely High (>80%),Asia,Middle East & North Africa
DZA,Algeria,2030,bau,bws,Irr,4.28552052639485,25,4,Extremely High (>80%),Africa,Middle East & North Africa
DZA,Algeria,2030,opt,bws,Dom,4.28527656219351,25,4,Extremely High (>80%),Africa,Middle East & North Africa
ZAF,South Africa,2050,opt,bws,Tot,4.28456789056872,29,4,Extremely High (>80%),Africa,Sub-Saharan Africa
IRN,Iran,2030,bau,bws,Liv,4.28434741899727,22,4,Extremely High (>80%),Asia,Middle East & North Africa
KWT,Kuwait,2080,bau,bws,Tot,4.28384731644658,33,4,Extremely High (>80%),Asia,Middle East & North Africa
YEM,Yemen,2080,opt,bws,Dom,4.28171733523611,28,4,Extremely High (>80%),Asia,Middle East & North Africa
IRN,Iran,2050,bau,bws,Ind,4.28134648142923,28,4,Extremely High (>80%),Asia,Middle East & North Africa
CHL,Chile,2080,bau,bws,Dom,4.27830668536122,30,4,Extremely High (>80%),Americas,Latin America & Caribbean
BEL,Belgium,2030,opt,bws,Liv,4.27687291174761,25,4,Extremely High (>80%),Europe,Europe & Central Asia
MEX,Mexico,2080,pes,bws,Irr,4.2750933129534,30,4,Extremely High (>80%),Americas,Latin America & Caribbean
ESP,Spain,2050,pes,bws,Ind,4.27493824859893,29,4,Extremely High (>80%),Europe,Europe & Central Asia
KWT,Kuwait,2080,opt,bws,Liv,4.27301030539849,26,4,Extremely High (>80%),Asia,Middle East & North Africa
MEX,Mexico,2030,bau,bws,Irr,4.27300476879382,26,4,Extremely High (>80%),Americas,Latin America & Caribbean
IRQ,Iraq,2030,opt,bws,Irr,4.27271714298595,29,4,Extremely High (>80%),Asia,Middle East & North Africa
ESP,Spain,2050,bau,bws,Dom,4.27221518841745,28,4,Extremely High (>80%),Europe,Europe & Central Asia
KWT,Kuwait,2030,pes,bws,Tot,4.27169823616278,25,4,Extremely High (>80%),Asia,Middle East & North Africa
MEX,Mexico,2030,pes,bws,Irr,4.27161276002557,26,4,Extremely High (>80%),Americas,Latin America & Caribbean
LSO,Lesotho,2030,opt,bws,Ind,4.27031180377497,25,4,Extremely High (>80%),Africa,Sub-Saharan Africa
ZAF,South Africa,2080,opt,bws,Ind,4.26975492846329,30,4,Extremely High (>80%),Africa,Sub-Saharan Africa
NAM,Namibia,2080,bau,bws,Tot,4.26926140296684,34,4,Extremely High (>80%),Africa,Sub-Saharan Africa
IRQ,Iraq,2030,bau,bws,Irr,4.26898485782805,27,4,Extremely High (>80%),Asia,Middle East & North Africa
SEN,Senegal,2080,bau,bws,Tot,4.26862826239027,35,4,Extremely High (>80%),Africa,Sub-Saharan Africa
MEX,Mexico,2080,bau,bws,Irr,4.2669453605736,34,4,Extremely High (>80%),Americas,Latin America & Caribbean
MAR,Morocco,2050,bau,bws,Irr,4.26630336636106,28,4,Extremely High (>80%),Africa,Middle East & North Africa
LSO,Lesotho,2030,bau,bws,Ind,4.26595079245725,24,4,Extremely High (>80%),Africa,Sub-Saharan Africa
MAR,Morocco,2080,pes,bws,Ind,4.26574740910943,34,4,Extremely High (>80%),Africa,Middle East & North Africa
IRN,Iran,2030,pes,bws,Liv,4.26451733758659,24,4,Extremely High (>80%),Asia,Middle East & North Africa
MRT,Mauritania,2030,bau,bws,One,4.26349303048321,21,4,Extremely High (>80%),Africa,Sub-Saharan Africa
DZA,Algeria,2030,bau,bws,Tot,4.26241762997362,24,4,Extremely High (>80%),Africa,Middle East & North Africa
ZAF,South Africa,2080,bau,bws,One,4.26222380168831,26,4,Extremely High (>80%),Africa,Sub-Saharan Africa
KWT,Kuwait,2050,bau,bws,Tot,4.26220174091717,29,4,Extremely High (>80%),Asia,Middle East & North Africa
YEM,Yemen,2080,pes,bws,Tot,4.26134411928071,30,4,Extremely High (>80%),Asia,Middle East & North Africa
MEX,Mexico,2050,pes,bws,Irr,4.26011421199475,30,4,Extremely High (>80%),Americas,Latin America & Caribbean
ESP,Spain,2030,opt,bws,Irr,4.2554713087893,30,4,Extremely High (>80%),Europe,Europe & Central Asia
LBY,Libya,2080,bau,bws,Liv,4.25265651729978,30,4,Extremely High (>80%),Africa,Middle East & North Africa
NAM,Namibia,2030,opt,bws,Dom,4.25084675874958,26,4,Extremely High (>80%),Africa,Sub-Saharan Africa
MAR,Morocco,2080,bau,bws,Dom,4.2464589636947,31,4,Extremely High (>80%),Africa,Middle East & North Africa
DZA,Algeria,2030,opt,bws,One,4.24550471213892,22,4,Extremely High (>80%),Africa,Middle East & North Africa
GRC,Greece,2080,bau,bws,One,4.2433742527294,27,4,Extremely High (>80%),Europe,Europe & Central Asia
NAM,Namibia,2050,opt,bws,Ind,4.24211352612172,26,4,Extremely High (>80%),Africa,Sub-Saharan Africa
ESP,Spain,2080,opt,bws,Ind,4.24151103987678,31,4,Extremely High (>80%),Europe,Europe & Central Asia
KWT,Kuwait,2080,bau,bws,Dom,4.24075626489085,32,4,Extremely High (>80%),Asia,Middle East & North Africa
NAM,Namibia,2030,pes,bws,Dom,4.23858901939594,24,4,Extremely High (>80%),Africa,Sub-Saharan Africa
UZB,Uzbekistan,2080,pes,bws,Liv,4.23412288830365,26,4,Extremely High (>80%),Asia,Europe & Central Asia
NAM,Namibia,2030,pes,bws,One,4.23406489173443,22,4,Extremely High (>80%),Africa,Sub-Saharan Africa
MEX,Mexico,2050,opt,bws,Irr,4.22626292691222,29,4,Extremely High (>80%),Americas,Latin America & Caribbean
TKM,Turkmenistan,2080,pes,bws,Liv,4.22405259081462,27,4,Extremely High (>80%),Asia,Europe & Central Asia
IRQ,Iraq,2050,pes,bws,One,4.22368104859849,24,4,Extremely High (>80%),Asia,Middle East & North Africa
IRN,Iran,2080,opt,bws,Ind,4.22236158000674,32,4,Extremely High (>80%),Asia,Middle East & North Africa
ESP,Spain,2030,pes,bws,Tot,4.22225522819769,26,4,Extremely High (>80%),Europe,Europe & Central Asia
ALB,Albania,2080,pes,bws,Dom,4.22188111292704,29,4,Extremely High (>80%),Europe,Europe & Central Asia
NAM,Namibia,2080,bau,bws,Irr,4.22131194710297,35,4,Extremely High (>80%),Africa,Sub-Saharan Africa
IRN,Iran,2050,opt,bws,Liv,4.22030783840963,23,4,Extremely High (>80%),Asia,Middle East & North Africa
MAR,Morocco,2050,bau,bws,Tot,4.21853121484035,30,4,Extremely High (>80%),Africa,Middle East & North Africa
TKM,Turkmenistan,2050,bau,bws,Liv,4.21653723856978,26,4,Extremely High (>80%),Asia,Europe & Central Asia
IRQ,Iraq,2050,pes,bws,Liv,4.21542175817732,27,4,Extremely High (>80%),Asia,Middle East & North Africa
DZA,Algeria,2050,opt,bws,One,4.21465513787676,22,4,Extremely High (>80%),Africa,Middle East & North Africa
CHL,Chile,2050,pes,bws,Dom,4.21368082177981,30,4,Extremely High (>80%),Americas,Latin America & Caribbean
KWT,Kuwait,2050,bau,bws,Dom,4.21338574658798,29,4,Extremely High (>80%),Asia,Middle East & North Africa
GRC,Greece,2080,bau,bws,Ind,4.21139660843632,37,4,Extremely High (>80%),Europe,Europe & Central Asia
MAR,Morocco,2050,pes,bws,Ind,4.20890555476321,30,4,Extremely High (>80%),Africa,Middle East & North Africa
SYR,Syria,2050,bau,bws,Tot,4.20830585335474,31,4,Extremely High (>80%),Asia,Middle East & North Africa
ZAF,South Africa,2080,opt,bws,One,4.20816516640176,25,4,Extremely High (>80%),Africa,Sub-Saharan Africa
SYR,Syria,2050,pes,bws,Tot,4.20241575485079,31,4,Extremely High (>80%),Asia,Middle East & North Africa
DZA,Algeria,2030,pes,bws,Dom,4.20090969301518,25,4,Extremely High (>80%),Africa,Middle East & North Africa
YEM,Yemen,2080,bau,bws,One,4.20000794659609,28,4,Extremely High (>80%),Asia,Middle East & North Africa
KWT,Kuwait,2030,pes,bws,Dom,4.19962182473645,26,4,Extremely High (>80%),Asia,Middle East & North Africa
ESP,Spain,2030,bau,bws,Tot,4.19933249071219,25,4,Extremely High (>80%),Europe,Europe & Central Asia
SYR,Syria,2050,bau,bws,One,4.19710441973044,24,4,Extremely High (>80%),Asia,Middle East & North Africa
AND,Andorra,2050,opt,bws,Tot,4.1944256285163,30,4,Extremely High (>80%),Europe,Europe & Central Asia
AND,Andorra,2050,opt,bws,One,4.1944256285163,23,4,Extremely High (>80%),Europe,Europe & Central Asia
AND,Andorra,2050,opt,bws,Liv,4.1944256285163,24,4,Extremely High (>80%),Europe,Europe & Central Asia
AND,Andorra,2050,opt,bws,Irr,4.1944256285163,30,4,Extremely High (>80%),Europe,Europe & Central Asia
AND,Andorra,2050,opt,bws,Ind,4.1944256285163,27,4,Extremely High (>80%),Europe,Europe & Central Asia
AND,Andorra,2050,opt,bws,Dom,4.1944256285163,26,4,Extremely High (>80%),Europe,Europe & Central Asia
ZAF,South Africa,2030,pes,bws,Tot,4.1940212049721,27,4,Extremely High (>80%),Africa,Sub-Saharan Africa
IRQ,Iraq,2030,pes,bws,Irr,4.19312089437126,27,4,Extremely High (>80%),Asia,Middle East & North Africa
ZAF,South Africa,2050,pes,bws,One,4.19244326262268,25,4,Extremely High (>80%),Africa,Sub-Saharan Africa
SYR,Syria,2080,opt,bws,One,4.19233698854992,26,4,Extremely High (>80%),Asia,Middle East & North Africa
GRC,Greece,2080,opt,bws,One,4.19229273136914,27,4,Extremely High (>80%),Europe,Europe & Central Asia
MRT,Mauritania,2080,bau,bws,Dom,4.19009791232222,33,4,Extremely High (>80%),Africa,Sub-Saharan Africa
MAR,Morocco,2080,opt,bws,Ind,4.1878881179378,33,4,Extremely High (>80%),Africa,Middle East & North Africa
SEN,Senegal,2080,pes,bws,Irr,4.1877463151817,31,4,Extremely High (>80%),Africa,Sub-Saharan Africa
ESP,Spain,2050,bau,bws,Ind,4.1871333592859,30,4,Extremely High (>80%),Europe,Europe & Central Asia
LSO,Lesotho,2030,pes,bws,Ind,4.18583044045104,24,4,Extremely High (>80%),Africa,Sub-Saharan Africa
IRN,Iran,2050,pes,bws,Ind,4.18556797840872,31,4,Extremely High (>80%),Asia,Middle East & North Africa
SYR,Syria,2050,pes,bws,One,4.18524877319807,26,4,Extremely High (>80%),Asia,Middle East & North Africa
GRC,Greece,2030,opt,bws,Ind,4.18427801816501,26,4,Extremely High (>80%),Europe,Europe & Central Asia
NAM,Namibia,2030,bau,bws,Tot,4.18379097753759,26,4,Extremely High (>80%),Africa,Sub-Saharan Africa
ESP,Spain,2080,pes,bws,One,4.18375987030571,26,4,Extremely High (>80%),Europe,Europe & Central Asia
NER,Niger,2080,opt,bws,Liv,4.18140535065767,27,4,Extremely High (>80%),Africa,Sub-Saharan Africa
ESP,Spain,2050,opt,bws,Dom,4.18018303277018,27,4,Extremely High (>80%),Europe,Europe & Central Asia
GRC,Greece,2050,pes,bws,One,4.17934437374272,27,4,Extremely High (>80%),Europe,Europe & Central Asia
CHL,Chile,2080,bau,bws,Ind,4.17850987065883,38,4,Extremely High (>80%),Americas,Latin America & Caribbean
IRQ,Iraq,2030,opt,bws,Tot,4.17622972052489,28,4,Extremely High (>80%),Asia,Middle East & North Africa
IRQ,Iraq,2030,bau,bws,Tot,4.17581885813017,27,4,Extremely High (>80%),Asia,Middle East & North Africa
AND,Andorra,2030,bau,bws,Tot,4.17565639790624,28,4,Extremely High (>80%),Europe,Europe & Central Asia
AND,Andorra,2030,bau,bws,One,4.17565639790624,22,4,Extremely High (>80%),Europe,Europe & Central Asia
AND,Andorra,2030,bau,bws,Liv,4.17565639790624,23,4,Extremely High (>80%),Europe,Europe & Central Asia
AND,Andorra,2030,bau,bws,Irr,4.17565639790624,28,4,Extremely High (>80%),Europe,Europe & Central Asia
AND,Andorra,2030,bau,bws,Ind,4.17565639790624,25,4,Extremely High (>80%),Europe,Europe & Central Asia
AND,Andorra,2030,bau,bws,Dom,4.17565639790624,24,4,Extremely High (>80%),Europe,Europe & Central Asia
ALB,Albania,2080,pes,bws,Irr,4.17507824118008,32,4,Extremely High (>80%),Europe,Europe & Central Asia
IRN,Iran,2050,pes,bws,One,4.17445848832891,28,4,Extremely High (>80%),Asia,Middle East & North Africa
SYR,Syria,2080,opt,bws,Ind,4.17405347073385,34,4,Extremely High (>80%),Asia,Middle East & North Africa
ALB,Albania,2080,pes,bws,Tot,4.17020090299993,31,4,Extremely High (>80%),Europe,Europe & Central Asia
SYR,Syria,2050,bau,bws,Ind,4.16504597783237,31,4,Extremely High (>80%),Asia,Middle East & North Africa
YEM,Yemen,2050,opt,bws,Dom,4.16416963408862,28,4,Extremely High (>80%),Asia,Middle East & North Africa
SEN,Senegal,2080,pes,bws,Tot,4.16367326941938,32,4,Extremely High (>80%),Africa,Sub-Saharan Africa
MAR,Morocco,2030,pes,bws,Irr,4.16230248495549,28,4,Extremely High (>80%),Africa,Middle East & North Africa
YEM,Yemen,2030,bau,bws,Dom,4.16096178966642,25,4,Extremely High (>80%),Asia,Middle East & North Africa
ZAF,South Africa,2050,pes,bws,Ind,4.15736112352247,33,4,Extremely High (>80%),Africa,Sub-Saharan Africa
SYR,Syria,2050,pes,bws,Irr,4.15673837925226,31,4,Extremely High (>80%),Asia,Middle East & North Africa
MAR,Morocco,2080,pes,bws,Dom,4.1553147981014,30,4,Extremely High (>80%),Africa,Middle East & North Africa
ESP,Spain,2080,bau,bws,One,4.14916851970782,29,4,Extremely High (>80%),Europe,Europe & Central Asia
NAM,Namibia,2030,bau,bws,Ind,4.1490449590612,26,4,Extremely High (>80%),Africa,Sub-Saharan Africa
MEX,Mexico,2050,bau,bws,Irr,4.14890714322008,29,4,Extremely High (>80%),Americas,Latin America & Caribbean
CHL,Chile,2050,bau,bws,Dom,4.14886113439225,30,4,Extremely High (>80%),Americas,Latin America & Caribbean
UZB,Uzbekistan,2080,opt,bws,Liv,4.14663140987148,28,4,Extremely High (>80%),Asia,Europe & Central Asia
CHL,Chile,2080,pes,bws,Ind,4.14581479113857,35,4,Extremely High (>80%),Americas,Latin America & Caribbean
DZA,Algeria,2030,bau,bws,Dom,4.14508669465203,26,4,Extremely High (>80%),Africa,Middle East & North Africa
MAR,Morocco,2050,opt,bws,Irr,4.14384430850251,31,4,Extremely High (>80%),Africa,Middle East & North Africa
GRC,Greece,2050,bau,bws,One,4.14269700981922,26,4,Extremely High (>80%),Europe,Europe & Central Asia
LSO,Lesotho,2080,bau,bws,Tot,4.14226858840137,36,4,Extremely High (>80%),Africa,Sub-Saharan Africa
SEN,Senegal,2080,bau,bws,Dom,4.14221801729036,34,4,Extremely High (>80%),Africa,Sub-Saharan Africa
LBY,Libya,2050,bau,bws,Liv,4.14089426459726,27,4,Extremely High (>80%),Africa,Middle East & North Africa
CHL,Chile,2080,opt,bws,Dom,4.14016497452678,29,4,Extremely High (>80%),Americas,Latin America & Caribbean
PRT,Portugal,2080,pes,bws,Dom,4.1396162024187,31,4,Extremely High (>80%),Europe,Europe & Central Asia
ESP,Spain,2080,pes,bws,Liv,4.13843185236051,28,4,Extremely High (>80%),Europe,Europe & Central Asia
MAR,Morocco,2050,bau,bws,Ind,4.1378436325414,32,4,Extremely High (>80%),Africa,Middle East & North Africa
SYR,Syria,2050,bau,bws,Irr,4.13781217594042,30,4,Extremely High (>80%),Asia,Middle East & North Africa
IRN,Iran,2080,bau,bws,One,4.13722630554388,30,4,Extremely High (>80%),Asia,Middle East & North Africa
NAM,Namibia,2030,pes,bws,Tot,4.13700542400245,28,4,Extremely High (>80%),Africa,Sub-Saharan Africa
CHL,Chile,2030,bau,bws,Dom,4.13544413526555,27,4,Extremely High (>80%),Americas,Latin America & Caribbean
ZAF,South Africa,2050,bau,bws,Ind,4.13535473430489,33,4,Extremely High (>80%),Africa,Sub-Saharan Africa
IRQ,Iraq,2050,opt,bws,Dom,4.13188568154099,29,4,Extremely High (>80%),Asia,Middle East & North Africa
LBY,Libya,2080,pes,bws,Liv,4.12634716491,29,4,Extremely High (>80%),Africa,Middle East & North Africa
MAR,Morocco,2030,bau,bws,Irr,4.12613714628365,29,4,Extremely High (>80%),Africa,Middle East & North Africa
MAR,Morocco,2030,pes,bws,Tot,4.12444124651589,29,4,Extremely High (>80%),Africa,Middle East & North Africa
UZB,Uzbekistan,2030,opt,bws,Liv,4.12428822342418,26,4,Extremely High (>80%),Asia,Europe & Central Asia
GRC,Greece,2050,bau,bws,Ind,4.12336639028269,34,4,Extremely High (>80%),Europe,Europe & Central Asia
MEX,Mexico,2080,pes,bws,Tot,4.12315447898639,33,4,Extremely High (>80%),Americas,Latin America & Caribbean
KWT,Kuwait,2030,bau,bws,One,4.12272376549754,23,4,Extremely High (>80%),Asia,Middle East & North Africa
SYR,Syria,2050,pes,bws,Ind,4.12024878714095,34,4,Extremely High (>80%),Asia,Middle East & North Africa
KWT,Kuwait,2050,opt,bws,Liv,4.11964367157814,25,4,Extremely High (>80%),Asia,Middle East & North Africa
IRQ,Iraq,2030,pes,bws,Tot,4.11912846773362,30,4,Extremely High (>80%),Asia,Middle East & North Africa
ESP,Spain,2030,opt,bws,Tot,4.1190152751044,29,4,Extremely High (>80%),Europe,Europe & Central Asia
YEM,Yemen,2080,pes,bws,Dom,4.11699034320031,32,4,Extremely High (>80%),Asia,Middle East & North Africa
UZB,Uzbekistan,2050,bau,bws,Liv,4.11660345119996,28,4,Extremely High (>80%),Asia,Europe & Central Asia
IRQ,Iraq,2050,bau,bws,Liv,4.11616923541921,29,4,Extremely High (>80%),Asia,Middle East & North Africa
NAM,Namibia,2030,bau,bws,Irr,4.11305836790244,30,4,Extremely High (>80%),Africa,Sub-Saharan Africa
CHL,Chile,2050,opt,bws,Dom,4.11126798253844,30,4,Extremely High (>80%),Americas,Latin America & Caribbean
MEX,Mexico,2080,bau,bws,Tot,4.11103250214451,37,4,Extremely High (>80%),Americas,Latin America & Caribbean
MAR,Morocco,2050,opt,bws,Tot,4.11074672506635,31,4,Extremely High (>80%),Africa,Middle East & North Africa
IRN,Iran,2030,bau,bws,Ind,4.10928634802624,27,4,Extremely High (>80%),Asia,Middle East & North Africa
SYR,Syria,2080,opt,bws,Tot,4.10846769949644,31,4,Extremely High (>80%),Asia,Middle East & North Africa
MAR,Morocco,2030,opt,bws,Irr,4.10815986147823,31,4,Extremely High (>80%),Africa,Middle East & North Africa
IRN,Iran,2030,opt,bws,Ind,4.10810554420887,27,4,Extremely High (>80%),Asia,Middle East & North Africa
KWT,Kuwait,2030,bau,bws,Irr,4.10527982552696,31,4,Extremely High (>80%),Asia,Middle East & North Africa
BFA,Burkina Faso,2050,opt,bws,Ind,4.1043212129895,28,4,Extremely High (>80%),Africa,Sub-Saharan Africa
GRC,Greece,2030,opt,bws,One,4.10381912942939,23,4,Extremely High (>80%),Europe,Europe & Central Asia
TKM,Turkmenistan,2080,bau,bws,Irr,4.09994341605805,36,4,Extremely High (>80%),Asia,Europe & Central Asia
SAU,Saudi Arabia,2080,bau,bws,One,4.09957065375897,31,4,Extremely High (>80%),Asia,Middle East & North Africa
UZB,Uzbekistan,2030,bau,bws,Liv,4.0974825758774,24,4,Extremely High (>80%),Asia,Europe & Central Asia
SEN,Senegal,2030,pes,bws,Ind,4.095460874893,25,4,Extremely High (>80%),Africa,Sub-Saharan Africa
MAR,Morocco,2030,bau,bws,Tot,4.09493893522528,29,4,Extremely High (>80%),Africa,Middle East & North Africa
IND,India,2050,pes,bws,Irr,4.09340217064845,32,4,Extremely High (>80%),Asia,South Asia
CHL,Chile,2030,pes,bws,Dom,4.09281562580253,27,4,Extremely High (>80%),Americas,Latin America & Caribbean
ZAF,South Africa,2030,bau,bws,Ind,4.09190006722467,28,4,Extremely High (>80%),Africa,Sub-Saharan Africa
UZB,Uzbekistan,2050,pes,bws,Liv,4.09131420902586,28,4,Extremely High (>80%),Asia,Europe & Central Asia
ZAF,South Africa,2030,opt,bws,One,4.09068791283351,25,4,Extremely High (>80%),Africa,Sub-Saharan Africa
BEL,Belgium,2080,pes,bws,One,4.0901098636306,27,4,Extremely High (>80%),Europe,Europe & Central Asia
SYR,Syria,2050,opt,bws,One,4.08999499620645,24,4,Extremely High (>80%),Asia,Middle East & North Africa
NAM,Namibia,2050,bau,bws,Tot,4.08860270057584,32,4,Extremely High (>80%),Africa,Sub-Saharan Africa
TKM,Turkmenistan,2050,pes,bws,Liv,4.08831410536808,29,4,Extremely High (>80%),Asia,Europe & Central Asia
UZB,Uzbekistan,2030,pes,bws,Liv,4.08567087532493,25,4,Extremely High (>80%),Asia,Europe & Central Asia
TUR,Turkey,2080,bau,bws,Irr,4.08257455206357,37,4,Extremely High (>80%),Asia,Europe & Central Asia
MAR,Morocco,2050,pes,bws,Dom,4.08243210752138,31,4,Extremely High (>80%),Africa,Middle East & North Africa
MAR,Morocco,2080,opt,bws,Dom,4.08167455002921,30,4,Extremely High (>80%),Africa,Middle East & North Africa
IND,India,2030,opt,bws,Irr,4.08124366420066,32,4,Extremely High (>80%),Asia,South Asia
CHL,Chile,2050,pes,bws,Ind,4.07939034368739,35,4,Extremely High (>80%),Americas,Latin America & Caribbean
IRN,Iran,2030,opt,bws,One,4.07800430619327,26,4,Extremely High (>80%),Asia,Middle East & North Africa
TKM,Turkmenistan,2080,opt,bws,Liv,4.07754167275989,29,4,Extremely High (>80%),Asia,Europe & Central Asia
UZB,Uzbekistan,2080,bau,bws,Ind,4.07675315152611,39,4,Extremely High (>80%),Asia,Europe & Central Asia
MAR,Morocco,2030,opt,bws,Tot,4.07367330143743,30,4,Extremely High (>80%),Africa,Middle East & North Africa
CHL,Chile,2030,opt,bws,Dom,4.07328385893942,27,4,Extremely High (>80%),Americas,Latin America & Caribbean
IND,India,2030,pes,bws,Irr,4.07313401824009,29,4,Extremely High (>80%),Asia,South Asia
ZAF,South Africa,2050,bau,bws,One,4.07087517903862,27,4,Extremely High (>80%),Africa,Sub-Saharan Africa
ESP,Spain,2050,opt,bws,Ind,4.06933580750292,29,4,Extremely High (>80%),Europe,Europe & Central Asia
IRQ,Iraq,2080,opt,bws,One,4.06857101765719,28,4,Extremely High (>80%),Asia,Middle East & North Africa
BWA,Botswana,2050,bau,bws,Irr,4.06734901457336,31,4,Extremely High (>80%),Africa,Sub-Saharan Africa
MAR,Morocco,2080,bau,bws,Liv,4.06572466179256,31,4,Extremely High (>80%),Africa,Middle East & North Africa
ALB,Albania,2080,bau,bws,Dom,4.06406271111214,35,4,Extremely High (>80%),Europe,Europe & Central Asia
ESP,Spain,2030,bau,bws,Dom,4.06379294106675,28,4,Extremely High (>80%),Europe,Europe & Central Asia
IND,India,2050,pes,bws,Tot,4.05894790422681,32,4,Extremely High (>80%),Asia,South Asia
LBY,Libya,2050,pes,bws,Liv,4.05764457206119,30,4,Extremely High (>80%),Africa,Middle East & North Africa
IRN,Iran,2050,opt,bws,Ind,4.05703179227634,30,4,Extremely High (>80%),Asia,Middle East & North Africa
ZAF,South Africa,2030,bau,bws,One,4.0568372953709,25,4,Extremely High (>80%),Africa,Sub-Saharan Africa
ZAF,South Africa,2030,opt,bws,Ind,4.05613303541052,28,4,Extremely High (>80%),Africa,Sub-Saharan Africa
IND,India,2050,bau,bws,Irr,4.05529934413316,32,4,Extremely High (>80%),Asia,South Asia
GRC,Greece,2050,opt,bws,Ind,4.05521688021317,31,4,Extremely High (>80%),Europe,Europe & Central Asia
ESP,Spain,2030,pes,bws,Dom,4.05287715358322,28,4,Extremely High (>80%),Europe,Europe & Central Asia
BFA,Burkina Faso,2050,bau,bws,Ind,4.05070314777695,35,4,Extremely High (>80%),Africa,Sub-Saharan Africa
ALB,Albania,2080,pes,bws,Ind,4.04681977838005,36,4,Extremely High (>80%),Europe,Europe & Central Asia
TKM,Turkmenistan,2030,bau,bws,Liv,4.04565474651808,25,4,Extremely High (>80%),Asia,Europe & Central Asia
TKM,Turkmenistan,2030,opt,bws,Liv,4.04517404185188,27,4,Extremely High (>80%),Asia,Europe & Central Asia
MKD,Macedonia,2080,pes,bws,Irr,4.04303407544865,33,4,Extremely High (>80%),Europe,Europe & Central Asia
IND,India,2050,opt,bws,Irr,4.04276179168194,32,4,Extremely High (>80%),Asia,South Asia
IND,India,2030,opt,bws,Tot,4.04204330241493,31,4,Extremely High (>80%),Asia,South Asia
ZAF,South Africa,2050,opt,bws,Ind,4.04079381595071,32,4,Extremely High (>80%),Africa,Sub-Saharan Africa
TUR,Turkey,2080,pes,bws,Irr,4.03987064004489,34,4,Extremely High (>80%),Asia,Europe & Central Asia
CHL,Chile,2050,bau,bws,Ind,4.03962906835729,36,4,Extremely High (>80%),Americas,Latin America & Caribbean
LSO,Lesotho,2080,bau,bws,Dom,4.03853410123875,36,4,Extremely High (>80%),Africa,Sub-Saharan Africa
TKM,Turkmenistan,2080,bau,bws,One,4.03710467976003,32,4,Extremely High (>80%),Asia,Europe & Central Asia
MEX,Mexico,2080,opt,bws,Tot,4.03704766102718,32,4,Extremely High (>80%),Americas,Latin America & Caribbean
NAM,Namibia,2030,pes,bws,Ind,4.0366820051551,26,4,Extremely High (>80%),Africa,Sub-Saharan Africa
BEL,Belgium,2050,opt,bws,One,4.03592974175201,25,4,Extremely High (>80%),Europe,Europe & Central Asia
TUR,Turkey,2080,bau,bws,Tot,4.03562309940526,38,4,Extremely High (>80%),Asia,Europe & Central Asia
UZB,Uzbekistan,2080,bau,bws,Tot,4.03460522278553,39,4,Extremely High (>80%),Asia,Europe & Central Asia
UZB,Uzbekistan,2050,opt,bws,Liv,4.03386445641085,26,4,Extremely High (>80%),Asia,Europe & Central Asia
MAR,Morocco,2050,opt,bws,Ind,4.03382210241732,33,4,Extremely High (>80%),Africa,Middle East & North Africa
UZB,Uzbekistan,2080,bau,bws,Irr,4.03333177193046,38,4,Extremely High (>80%),Asia,Europe & Central Asia
SYR,Syria,2050,opt,bws,Ind,4.03292753626962,34,4,Extremely High (>80%),Asia,Middle East & North Africa
TKM,Turkmenistan,2030,pes,bws,Liv,4.03243547766895,26,4,Extremely High (>80%),Asia,Europe & Central Asia
NAM,Namibia,2030,opt,bws,Ind,4.03223367923207,29,4,Extremely High (>80%),Africa,Sub-Saharan Africa
MEX,Mexico,2050,pes,bws,Tot,4.03194385569247,33,4,Extremely High (>80%),Americas,Latin America & Caribbean
IND,India,2030,pes,bws,Tot,4.03183273253973,31,4,Extremely High (>80%),Asia,South Asia
PER,Peru,2080,opt,bws,Irr,4.03178627388685,32,4,Extremely High (>80%),Americas,Latin America & Caribbean
MKD,Macedonia,2080,pes,bws,Tot,4.0316173060836,34,4,Extremely High (>80%),Europe,Europe & Central Asia
IND,India,2080,bau,bws,Irr,4.03034092652271,39,4,Extremely High (>80%),Asia,South Asia
IND,India,2080,pes,bws,Irr,4.03032684298172,35,4,Extremely High (>80%),Asia,South Asia
IRQ,Iraq,2050,bau,bws,One,4.03003693378117,28,4,Extremely High (>80%),Asia,Middle East & North Africa
TKM,Turkmenistan,2080,bau,bws,Tot,4.02906661390393,40,4,Extremely High (>80%),Asia,Europe & Central Asia
GRC,Greece,2030,pes,bws,Ind,4.02602252147177,27,4,Extremely High (>80%),Europe,Europe & Central Asia
SYR,Syria,2030,opt,bws,One,4.02462112902971,27,4,Extremely High (>80%),Asia,Middle East & North Africa
GRC,Greece,2050,opt,bws,One,4.0193235725856304,26,4,Extremely High (>80%),Europe,Europe & Central Asia
IND,India,2050,bau,bws,Tot,4.01924778165136,33,4,Extremely High (>80%),Asia,South Asia
IND,India,2050,pes,bws,Ind,4.01858869059844,36,4,Extremely High (>80%),Asia,South Asia
MKD,Macedonia,2080,pes,bws,Ind,4.01804782388222,37,4,Extremely High (>80%),Europe,Europe & Central Asia
GRC,Greece,2030,pes,bws,One,4.01627749010017,24,4,Extremely High (>80%),Europe,Europe & Central Asia
SYR,Syria,2080,opt,bws,Irr,4.01627705688204,33,4,Extremely High (>80%),Asia,Middle East & North Africa
ALB,Albania,2080,bau,bws,Irr,4.01606292595512,40,4,Extremely High (>80%),Europe,Europe & Central Asia
TUR,Turkey,2080,pes,bws,Tot,4.01587332025642,35,4,Extremely High (>80%),Asia,Europe & Central Asia
NER,Niger,2030,opt,bws,Liv,4.01400417165077,28,4,Extremely High (>80%),Africa,Sub-Saharan Africa
ALB,Albania,2080,bau,bws,Tot,4.01366521998472,41,4,Extremely High (>80%),Europe,Europe & Central Asia
IND,India,2030,opt,bws,Ind,4.01302481042272,30,4,Extremely High (>80%),Asia,South Asia
IND,India,2030,pes,bws,Ind,4.01089581095681,28,4,Extremely High (>80%),Asia,South Asia
PER,Peru,2050,opt,bws,Irr,4.00967001493092,33,4,Extremely High (>80%),Americas,Latin America & Caribbean
MAR,Morocco,2030,bau,bws,Ind,4.00966647020675,29,4,Extremely High (>80%),Africa,Middle East & North Africa
AND,Andorra,2030,pes,bws,Tot,4.00941475680991,32,4,Extremely High (>80%),Europe,Europe & Central Asia
AND,Andorra,2030,pes,bws,One,4.00941475680991,25,4,Extremely High (>80%),Europe,Europe & Central Asia
AND,Andorra,2030,pes,bws,Liv,4.00941475680991,27,4,Extremely High (>80%),Europe,Europe & Central Asia
AND,Andorra,2030,pes,bws,Irr,4.00941475680991,30,4,Extremely High (>80%),Europe,Europe & Central Asia
AND,Andorra,2030,pes,bws,Ind,4.00941475680991,29,4,Extremely High (>80%),Europe,Europe & Central Asia
AND,Andorra,2030,pes,bws,Dom,4.00941475680991,29,4,Extremely High (>80%),Europe,Europe & Central Asia
MAR,Morocco,2050,bau,bws,Dom,4.00810463368049,31,4,Extremely High (>80%),Africa,Middle East & North Africa
ESP,Spain,2030,opt,bws,Dom,4.00682438823569,28,4,Extremely High (>80%),Europe,Europe & Central Asia
MKD,Macedonia,2080,pes,bws,Dom,4.00589684422097,33,4,Extremely High (>80%),Europe,Europe & Central Asia
IRQ,Iraq,2080,opt,bws,Liv,4.00520431917832,30,4,Extremely High (>80%),Asia,Middle East & North Africa
IND,India,2050,opt,bws,Tot,4.00499625076522,32,4,Extremely High (>80%),Asia,South Asia
PER,Peru,2050,bau,bws,Irr,4.00487011975011,33,4,Extremely High (>80%),Americas,Latin America & Caribbean
IND,India,2050,bau,bws,Ind,4.00333471950532,37,4,Extremely High (>80%),Asia,South Asia
CHL,Chile,2080,opt,bws,Ind,4.00017788219025,35,4,Extremely High (>80%),Americas,Latin America & Caribbean
IRN,Iran,2080,pes,bws,One,3.99998989237491,28,3,High (40-80%),Asia,Middle East & North Africa
IND,India,2080,pes,bws,Tot,3.99993493577078,36,3,High (40-80%),Asia,South Asia
MEX,Mexico,2030,pes,bws,Tot,3.99982870930566,33,3,High (40-80%),Americas,Latin America & Caribbean
NAM,Namibia,2030,pes,bws,Irr,3.99910460090284,31,3,High (40-80%),Africa,Sub-Saharan Africa
PER,Peru,2030,bau,bws,Irr,3.99870662214991,32,3,High (40-80%),Americas,Latin America & Caribbean
BEL,Belgium,2050,pes,bws,One,3.99850844025941,29,3,High (40-80%),Europe,Europe & Central Asia
CHL,Chile,2030,bau,bws,Ind,3.99603824787907,30,3,High (40-80%),Americas,Latin America & Caribbean
PER,Peru,2050,pes,bws,Irr,3.99549479000488,33,3,High (40-80%),Americas,Latin America & Caribbean
SYR,Syria,2030,bau,bws,One,3.99477345895905,26,3,High (40-80%),Asia,Middle East & North Africa
KWT,Kuwait,2030,bau,bws,Tot,3.9945985772607,30,3,High (40-80%),Asia,Middle East & North Africa
PRT,Portugal,2080,pes,bws,Tot,3.99348109901238,37,3,High (40-80%),Europe,Europe & Central Asia
GRC,Greece,2030,bau,bws,Ind,3.99200370015106,31,3,High (40-80%),Europe,Europe & Central Asia
SEN,Senegal,2080,pes,bws,Dom,3.99186248652957,34,3,High (40-80%),Africa,Sub-Saharan Africa
ESP,Spain,2050,pes,bws,One,3.99096192689156,30,3,High (40-80%),Europe,Europe & Central Asia
OMN,Oman,2080,pes,bws,One,3.99007271461164,29,3,High (40-80%),Asia,Middle East & North Africa
SEN,Senegal,2080,bau,bws,Liv,3.98909271299094,32,3,High (40-80%),Africa,Sub-Saharan Africa
SYR,Syria,2030,pes,bws,One,3.98907552876923,26,3,High (40-80%),Asia,Middle East & North Africa
ESP,Spain,2080,bau,bws,Liv,3.98781826810898,33,3,High (40-80%),Europe,Europe & Central Asia
IRN,Iran,2030,pes,bws,Ind,3.98692331869056,30,3,High (40-80%),Asia,Middle East & North Africa
MEX,Mexico,2030,bau,bws,Tot,3.98639522125796,31,3,High (40-80%),Americas,Latin America & Caribbean
PRT,Portugal,2080,pes,bws,Ind,3.98619199822409,38,3,High (40-80%),Europe,Europe & Central Asia
LSO,Lesotho,2080,pes,bws,Tot,3.98478545345215,38,3,High (40-80%),Africa,Sub-Saharan Africa
CHL,Chile,2050,opt,bws,Ind,3.98388810286247,35,3,High (40-80%),Americas,Latin America & Caribbean
IRN,Iran,2050,bau,bws,One,3.9831256676841,29,3,High (40-80%),Asia,Middle East & North Africa
EGY,Egypt,2080,pes,bws,Liv,3.98118206591649,30,3,High (40-80%),Africa,Middle East & North Africa
IND,India,2080,bau,bws,Tot,3.98043082166264,42,3,High (40-80%),Asia,South Asia
MEX,Mexico,2030,opt,bws,Tot,3.97868533365346,32,3,High (40-80%),Americas,Latin America & Caribbean
MAR,Morocco,2030,pes,bws,Ind,3.9777983184766,31,3,High (40-80%),Africa,Middle East & North Africa
PER,Peru,2030,pes,bws,Irr,3.97535848412712,32,3,High (40-80%),Americas,Latin America & Caribbean
IND,India,2030,bau,bws,Irr,3.97383654072457,33,3,High (40-80%),Asia,South Asia
MAR,Morocco,2080,pes,bws,Liv,3.97190704878767,31,3,High (40-80%),Africa,Middle East & North Africa
KWT,Kuwait,2080,bau,bws,One,3.97162148245226,33,3,High (40-80%),Asia,Middle East & North Africa
UZB,Uzbekistan,2080,pes,bws,Ind,3.97136932042621,39,3,High (40-80%),Asia,Europe & Central Asia
IRQ,Iraq,2050,opt,bws,Ind,3.97097637264498,36,3,High (40-80%),Asia,Middle East & North Africa
TUR,Turkey,2080,pes,bws,Dom,3.97097460227242,35,3,High (40-80%),Asia,Europe & Central Asia
DZA,Algeria,2030,pes,bws,Liv,3.97008752867518,28,3,High (40-80%),Africa,Middle East & North Africa
PRT,Portugal,2050,pes,bws,Dom,3.96739700393461,32,3,High (40-80%),Europe,Europe & Central Asia
BEL,Belgium,2080,opt,bws,One,3.9670582100307,29,3,High (40-80%),Europe,Europe & Central Asia
IND,India,2030,bau,bws,Ind,3.9653527276223,32,3,High (40-80%),Asia,South Asia
ZAF,South Africa,2050,opt,bws,One,3.96525630469065,27,3,High (40-80%),Africa,Sub-Saharan Africa
ZAF,South Africa,2080,pes,bws,Dom,3.96314704570548,36,3,High (40-80%),Africa,Sub-Saharan Africa
BWA,Botswana,2030,pes,bws,Irr,3.96222023829401,33,3,High (40-80%),Africa,Sub-Saharan Africa
PER,Peru,2030,opt,bws,Irr,3.96211534990907,33,3,High (40-80%),Americas,Latin America & Caribbean
MKD,Macedonia,2080,pes,bws,Liv,3.96168627166702,32,3,High (40-80%),Europe,Europe & Central Asia
MAR,Morocco,2030,opt,bws,Ind,3.95988012908274,31,3,High (40-80%),Africa,Middle East & North Africa
IND,India,2080,opt,bws,Irr,3.95881047763737,34,3,High (40-80%),Asia,South Asia
PAK,Pakistan,2080,pes,bws,Irr,3.95744701510322,36,3,High (40-80%),Asia,South Asia
CHL,Chile,2030,pes,bws,Ind,3.95430896288233,32,3,High (40-80%),Americas,Latin America & Caribbean
LBY,Libya,2030,opt,bws,Liv,3.95408197013442,29,3,High (40-80%),Africa,Middle East & North Africa
SYR,Syria,2050,opt,bws,Tot,3.95387709006424,33,3,High (40-80%),Asia,Middle East & North Africa
MNG,Mongolia,2050,bau,bws,Liv,3.95330805264285,30,3,High (40-80%),Asia,East Asia & Pacific
PRT,Portugal,2080,bau,bws,Dom,3.95242784295012,37,3,High (40-80%),Europe,Europe & Central Asia
IND,India,2080,bau,bws,Ind,3.9517146514515,40,3,High (40-80%),Asia,South Asia
TUR,Turkey,2080,bau,bws,Dom,3.95110585762838,38,3,High (40-80%),Asia,Europe & Central Asia
ESP,Spain,2080,opt,bws,One,3.95077296639983,30,3,High (40-80%),Europe,Europe & Central Asia
SYR,Syria,2030,pes,bws,Tot,3.94683500804968,34,3,High (40-80%),Asia,Middle East & North Africa
ITA,Italy,2080,pes,bws,Dom,3.94682220302651,37,3,High (40-80%),Europe,Europe & Central Asia
IND,India,2050,opt,bws,Ind,3.94657603492158,37,3,High (40-80%),Asia,South Asia
PRT,Portugal,2080,pes,bws,Irr,3.94546611395755,37,3,High (40-80%),Europe,Europe & Central Asia
MEX,Mexico,2080,bau,bws,Dom,3.94408328263392,39,3,High (40-80%),Americas,Latin America & Caribbean
NAM,Namibia,2050,bau,bws,Irr,3.94229189294318,34,3,High (40-80%),Africa,Sub-Saharan Africa
ALB,Albania,2080,bau,bws,Ind,3.94172025113415,41,3,High (40-80%),Europe,Europe & Central Asia
PAK,Pakistan,2080,pes,bws,Tot,3.94083538155121,39,3,High (40-80%),Asia,South Asia
UZB,Uzbekistan,2080,pes,bws,Irr,3.93916894235674,38,3,High (40-80%),Asia,Europe & Central Asia
GRC,Greece,2030,bau,bws,One,3.93585351822866,27,3,High (40-80%),Europe,Europe & Central Asia
TKM,Turkmenistan,2050,opt,bws,Liv,3.93533773722141,27,3,High (40-80%),Asia,Europe & Central Asia
IND,India,2030,bau,bws,Tot,3.9342967680097,32,3,High (40-80%),Asia,South Asia
UZB,Uzbekistan,2080,pes,bws,Tot,3.93343375399357,40,3,High (40-80%),Asia,Europe & Central Asia
BFA,Burkina Faso,2050,pes,bws,Ind,3.93041409979569,37,3,High (40-80%),Africa,Sub-Saharan Africa
CHL,Chile,2030,opt,bws,Ind,3.92970293854186,32,3,High (40-80%),Americas,Latin America & Caribbean
ESP,Spain,2030,pes,bws,Ind,3.92669081784209,33,3,High (40-80%),Europe,Europe & Central Asia
PER,Peru,2080,bau,bws,Irr,3.92493820711532,41,3,High (40-80%),Americas,Latin America & Caribbean
SAU,Saudi Arabia,2080,pes,bws,One,3.92050836221528,30,3,High (40-80%),Asia,Middle East & North Africa
SYR,Syria,2030,bau,bws,Tot,3.91953797971645,33,3,High (40-80%),Asia,Middle East & North Africa
IND,India,2080,opt,bws,Tot,3.91935394335977,33,3,High (40-80%),Asia,South Asia
UZB,Uzbekistan,2080,bau,bws,Dom,3.91701055667788,40,3,High (40-80%),Asia,Europe & Central Asia
MEX,Mexico,2050,opt,bws,Tot,3.91676472000308,34,3,High (40-80%),Americas,Latin America & Caribbean
MEX,Mexico,2050,bau,bws,Tot,3.91546264960103,34,3,High (40-80%),Americas,Latin America & Caribbean
TKM,Turkmenistan,2080,bau,bws,Ind,3.91281166791196,42,3,High (40-80%),Asia,Europe & Central Asia
ZAF,South Africa,2080,opt,bws,Dom,3.91237976796671,32,3,High (40-80%),Africa,Sub-Saharan Africa
ESP,Spain,2030,bau,bws,Ind,3.91166337031548,33,3,High (40-80%),Europe,Europe & Central Asia
SYR,Syria,2030,opt,bws,Tot,3.91102593712115,33,3,High (40-80%),Asia,Middle East & North Africa
SYR,Syria,2030,bau,bws,Ind,3.90918101083025,34,3,High (40-80%),Asia,Middle East & North Africa
SYR,Syria,2030,opt,bws,Ind,3.90627826512804,33,3,High (40-80%),Asia,Middle East & North Africa
KWT,Kuwait,2030,bau,bws,Dom,3.90578350518141,29,3,High (40-80%),Asia,Middle East & North Africa
ZAF,South Africa,2080,bau,bws,Dom,3.90547049343959,41,3,High (40-80%),Africa,Sub-Saharan Africa
AFG,Afghanistan,2080,bau,bws,Irr,3.90505461559427,42,3,High (40-80%),Asia,South Asia
IND,India,2080,pes,bws,Ind,3.90365775764017,40,3,High (40-80%),Asia,South Asia
ESP,Spain,2050,bau,bws,One,3.90004245272871,30,3,High (40-80%),Europe,Europe & Central Asia
ALB,Albania,2080,pes,bws,Liv,3.89990572308949,33,3,High (40-80%),Europe,Europe & Central Asia
MRT,Mauritania,2050,pes,bws,One,3.89857352734601,31,3,High (40-80%),Africa,Sub-Saharan Africa
ITA,Italy,2080,pes,bws,Ind,3.89718508540897,41,3,High (40-80%),Europe,Europe & Central Asia
SYR,Syria,2030,pes,bws,Irr,3.89408112518018,34,3,High (40-80%),Asia,Middle East & North Africa
IRQ,Iraq,2030,bau,bws,Dom,3.89366271810277,30,3,High (40-80%),Asia,Middle East & North Africa
TKM,Turkmenistan,2080,pes,bws,Irr,3.89298711443816,39,3,High (40-80%),Asia,Europe & Central Asia
TUR,Turkey,2080,pes,bws,Ind,3.89135213051035,42,3,High (40-80%),Asia,Europe & Central Asia
PRT,Portugal,2080,bau,bws,Irr,3.88962338639961,43,3,High (40-80%),Europe,Europe & Central Asia
MAR,Morocco,2050,opt,bws,Dom,3.88933970230677,31,3,High (40-80%),Africa,Middle East & North Africa
ZAF,South Africa,2030,pes,bws,One,3.88804824329309,27,3,High (40-80%),Africa,Sub-Saharan Africa
IRN,Iran,2080,opt,bws,One,3.88594217181223,31,3,High (40-80%),Asia,Middle East & North Africa
KGZ,Kyrgyzstan,2080,bau,bws,Ind,3.88191394762868,43,3,High (40-80%),Asia,Europe & Central Asia
MAR,Morocco,2080,opt,bws,Liv,3.87982743709293,31,3,High (40-80%),Africa,Middle East & North Africa
ZAF,South Africa,2080,pes,bws,Liv,3.87920565614519,34,3,High (40-80%),Africa,Sub-Saharan Africa
PAK,Pakistan,2050,pes,bws,Irr,3.87717956700799,34,3,High (40-80%),Asia,South Asia
DZA,Algeria,2050,opt,bws,Liv,3.87626291919619,28,3,High (40-80%),Africa,Middle East & North Africa
ZAF,South Africa,2030,pes,bws,Ind,3.87616602073703,34,3,High (40-80%),Africa,Sub-Saharan Africa
MAR,Morocco,2030,bau,bws,Dom,3.87508731084465,31,3,High (40-80%),Africa,Middle East & North Africa
LBY,Libya,2030,pes,bws,Liv,3.8717141507343,29,3,High (40-80%),Africa,Middle East & North Africa
ITA,Italy,2080,pes,bws,Tot,3.86952278700916,41,3,High (40-80%),Europe,Europe & Central Asia
PRT,Portugal,2080,bau,bws,Tot,3.8678604951048,43,3,High (40-80%),Europe,Europe & Central Asia
MAR,Morocco,2050,pes,bws,Liv,3.86713025404224,31,3,High (40-80%),Africa,Middle East & North Africa
SYR,Syria,2050,opt,bws,Irr,3.86711562711468,34,3,High (40-80%),Asia,Middle East & North Africa
PAK,Pakistan,2030,opt,bws,Irr,3.86700893058919,34,3,High (40-80%),Asia,South Asia
MRT,Mauritania,2080,pes,bws,Dom,3.86355130081203,38,3,High (40-80%),Africa,Sub-Saharan Africa
TUR,Turkey,2080,bau,bws,Ind,3.86164000527148,44,3,High (40-80%),Asia,Europe & Central Asia
SYR,Syria,2030,pes,bws,Ind,3.86148762677441,35,3,High (40-80%),Asia,Middle East & North Africa
ESP,Spain,2030,opt,bws,Ind,3.85831330782834,34,3,High (40-80%),Europe,Europe & Central Asia
LSO,Lesotho,2080,pes,bws,Dom,3.85815581206161,39,3,High (40-80%),Africa,Sub-Saharan Africa
MKD,Macedonia,2080,pes,bws,One,3.85729301314765,31,3,High (40-80%),Europe,Europe & Central Asia
PAK,Pakistan,2050,pes,bws,Tot,3.85563646918082,34,3,High (40-80%),Asia,South Asia
NER,Niger,2030,opt,bws,One,3.85516187494459,28,3,High (40-80%),Africa,Sub-Saharan Africa
TKM,Turkmenistan,2080,pes,bws,Tot,3.85470453994911,42,3,High (40-80%),Asia,Europe & Central Asia
SYR,Syria,2030,bau,bws,Irr,3.85376736439217,34,3,High (40-80%),Asia,Middle East & North Africa
PAK,Pakistan,2030,opt,bws,Tot,3.85132570908859,34,3,High (40-80%),Asia,South Asia
IRQ,Iraq,2030,opt,bws,Dom,3.85104959339156,29,3,High (40-80%),Asia,Middle East & North Africa
ESP,Spain,2050,pes,bws,Liv,3.84916472677348,32,3,High (40-80%),Europe,Europe & Central Asia
KEN,Kenya,2080,bau,bws,Ind,3.84872199131421,45,3,High (40-80%),Africa,Sub-Saharan Africa
SYR,Syria,2030,opt,bws,Irr,3.84782974795149,35,3,High (40-80%),Asia,Middle East & North Africa
IND,India,2080,opt,bws,Ind,3.84636215285015,36,3,High (40-80%),Asia,South Asia
PRT,Portugal,2050,pes,bws,Tot,3.84577138308812,35,3,High (40-80%),Europe,Europe & Central Asia
PAK,Pakistan,2080,opt,bws,Irr,3.84556053943879,35,3,High (40-80%),Asia,South Asia
KWT,Kuwait,2080,pes,bws,Liv,3.84016926827402,35,3,High (40-80%),Asia,Middle East & North Africa
IRQ,Iraq,2030,pes,bws,Dom,3.83918032014909,30,3,High (40-80%),Asia,Middle East & North Africa
MAR,Morocco,2030,pes,bws,Dom,3.83770866729058,31,3,High (40-80%),Africa,Middle East & North Africa
ERI,Eritrea,2080,opt,bws,Irr,3.83610626429143,36,3,High (40-80%),Africa,Sub-Saharan Africa
MEX,Mexico,2080,bau,bws,Ind,3.83595968691563,46,3,High (40-80%),Americas,Latin America & Caribbean
UZB,Uzbekistan,2050,bau,bws,Ind,3.83463197090387,38,3,High (40-80%),Asia,Europe & Central Asia
UZB,Uzbekistan,2030,opt,bws,Ind,3.83423852301668,35,3,High (40-80%),Asia,Europe & Central Asia
BEL,Belgium,2030,bau,bws,One,3.83381864485029,28,3,High (40-80%),Europe,Europe & Central Asia
MEX,Mexico,2080,pes,bws,Dom,3.83166582417123,40,3,High (40-80%),Americas,Latin America & Caribbean
PRT,Portugal,2050,pes,bws,Irr,3.83011274853553,35,3,High (40-80%),Europe,Europe & Central Asia
PER,Peru,2080,pes,bws,Irr,3.82916539122928,40,3,High (40-80%),Americas,Latin America & Caribbean
PAK,Pakistan,2080,pes,bws,Ind,3.82835791506674,44,3,High (40-80%),Asia,South Asia
MAR,Morocco,2050,bau,bws,Liv,3.82764691690904,31,3,High (40-80%),Africa,Middle East & North Africa
TKM,Turkmenistan,2050,pes,bws,Irr,3.82417690003659,36,3,High (40-80%),Asia,Europe & Central Asia
PAK,Pakistan,2080,opt,bws,Tot,3.82323962621714,34,3,High (40-80%),Asia,South Asia
ALB,Albania,2050,pes,bws,Dom,3.82321604610875,33,3,High (40-80%),Europe,Europe & Central Asia
UZB,Uzbekistan,2030,pes,bws,Ind,3.82317673624233,36,3,High (40-80%),Asia,Europe & Central Asia
IND,India,2050,pes,bws,Dom,3.8218439500321,34,3,High (40-80%),Asia,South Asia
BFA,Burkina Faso,2080,bau,bws,Irr,3.82152168560966,44,3,High (40-80%),Africa,Sub-Saharan Africa
KEN,Kenya,2080,opt,bws,Irr,3.82120080205968,37,3,High (40-80%),Africa,Sub-Saharan Africa
UZB,Uzbekistan,2080,opt,bws,Ind,3.82077417375167,37,3,High (40-80%),Asia,Europe & Central Asia
IND,India,2080,pes,bws,Dom,3.82056784378854,41,3,High (40-80%),Asia,South Asia
DZA,Algeria,2030,opt,bws,Liv,3.81917677196117,30,3,High (40-80%),Africa,Middle East & North Africa
ITA,Italy,2080,pes,bws,Irr,3.81841594582016,41,3,High (40-80%),Europe,Europe & Central Asia
IRN,Iran,2030,pes,bws,One,3.81644180100129,28,3,High (40-80%),Asia,Middle East & North Africa
NER,Niger,2080,opt,bws,Dom,3.81643631276695,33,3,High (40-80%),Africa,Sub-Saharan Africa
MAR,Morocco,2030,opt,bws,Dom,3.81560995060452,30,3,High (40-80%),Africa,Middle East & North Africa
AND,Andorra,2030,opt,bws,Tot,3.81546511432801,35,3,High (40-80%),Europe,Europe & Central Asia
AND,Andorra,2030,opt,bws,One,3.81546511432801,29,3,High (40-80%),Europe,Europe & Central Asia
AND,Andorra,2030,opt,bws,Liv,3.81546511432801,31,3,High (40-80%),Europe,Europe & Central Asia
AND,Andorra,2030,opt,bws,Irr,3.81546511432801,36,3,High (40-80%),Europe,Europe & Central Asia
AND,Andorra,2030,opt,bws,Ind,3.81546511432801,36,3,High (40-80%),Europe,Europe & Central Asia
AND,Andorra,2030,opt,bws,Dom,3.81546511432801,31,3,High (40-80%),Europe,Europe & Central Asia
PAK,Pakistan,2080,bau,bws,Irr,3.81481851961481,45,3,High (40-80%),Asia,South Asia
PRT,Portugal,2050,pes,bws,Ind,3.81387605261378,38,3,High (40-80%),Europe,Europe & Central Asia
PAK,Pakistan,2030,pes,bws,Irr,3.81324486749359,35,3,High (40-80%),Asia,South Asia
PRT,Portugal,2080,bau,bws,Ind,3.81316912534403,47,3,High (40-80%),Europe,Europe & Central Asia
NER,Niger,2030,bau,bws,Liv,3.80869457071087,26,3,High (40-80%),Africa,Sub-Saharan Africa
ALB,Albania,2080,pes,bws,One,3.80742489058134,32,3,High (40-80%),Europe,Europe & Central Asia
TKM,Turkmenistan,2050,pes,bws,Tot,3.80709267857179,36,3,High (40-80%),Asia,Europe & Central Asia
PAK,Pakistan,2080,pes,bws,Dom,3.80597318151512,42,3,High (40-80%),Asia,South Asia
TKM,Turkmenistan,2050,pes,bws,Ind,3.80561734505639,39,3,High (40-80%),Asia,Europe & Central Asia
TKM,Turkmenistan,2080,pes,bws,Ind,3.80442876249187,45,3,High (40-80%),Asia,Europe & Central Asia
IND,India,2050,pes,bws,Liv,3.80419053984862,33,3,High (40-80%),Asia,South Asia
IND,India,2050,bau,bws,Dom,3.80382276283953,32,3,High (40-80%),Asia,South Asia
IND,India,2050,bau,bws,Liv,3.80225130890586,32,3,High (40-80%),Asia,South Asia
NAM,Namibia,2050,pes,bws,Tot,3.80222317429832,37,3,High (40-80%),Africa,Sub-Saharan Africa
IRN,Iran,2030,bau,bws,One,3.80037505725331,29,3,High (40-80%),Asia,Middle East & North Africa
UZB,Uzbekistan,2030,bau,bws,Ind,3.80033067796347,36,3,High (40-80%),Asia,Europe & Central Asia
UZB,Uzbekistan,2050,pes,bws,Ind,3.80005040859903,40,3,High (40-80%),Asia,Europe & Central Asia
KGZ,Kyrgyzstan,2080,bau,bws,Dom,3.79985058377709,42,3,High (40-80%),Asia,Europe & Central Asia
MNG,Mongolia,2030,bau,bws,Liv,3.79948872896809,27,3,High (40-80%),Asia,East Asia & Pacific
KGZ,Kyrgyzstan,2080,bau,bws,Tot,3.79701669830938,44,3,High (40-80%),Asia,Europe & Central Asia
LBY,Libya,2080,opt,bws,Liv,3.79651855646223,32,3,High (40-80%),Africa,Middle East & North Africa
PAK,Pakistan,2080,bau,bws,Tot,3.79642616993502,45,3,High (40-80%),Asia,South Asia
PAK,Pakistan,2030,pes,bws,Tot,3.79560619324207,35,3,High (40-80%),Asia,South Asia
NAM,Namibia,2080,pes,bws,Tot,3.79549078455554,43,3,High (40-80%),Africa,Sub-Saharan Africa
UZB,Uzbekistan,2080,opt,bws,Irr,3.7951039893593,38,3,High (40-80%),Asia,Europe & Central Asia
BEL,Belgium,2050,bau,bws,One,3.79458097060102,31,3,High (40-80%),Europe,Europe & Central Asia
THA,Thailand,2080,pes,bws,Irr,3.79303446343555,42,3,High (40-80%),Asia,East Asia & Pacific
LSO,Lesotho,2080,bau,bws,One,3.79282955130087,34,3,High (40-80%),Africa,Sub-Saharan Africa
SEN,Senegal,2080,pes,bws,Liv,3.79262158320622,36,3,High (40-80%),Africa,Sub-Saharan Africa
UZB,Uzbekistan,2050,pes,bws,Irr,3.79161122536558,37,3,High (40-80%),Asia,Europe & Central Asia
YEM,Yemen,2080,pes,bws,One,3.79115882702242,33,3,High (40-80%),Asia,Middle East & North Africa
TKM,Turkmenistan,2050,bau,bws,Irr,3.78896956628378,35,3,High (40-80%),Asia,Europe & Central Asia
TKM,Turkmenistan,2030,pes,bws,Ind,3.78861394919986,37,3,High (40-80%),Asia,Europe & Central Asia
ESP,Spain,2080,opt,bws,Liv,3.78600733905371,33,3,High (40-80%),Europe,Europe & Central Asia
KGZ,Kyrgyzstan,2080,bau,bws,Irr,3.78593150678462,46,3,High (40-80%),Asia,Europe & Central Asia
SEN,Senegal,2080,opt,bws,Dom,3.78479110765118,34,3,High (40-80%),Africa,Sub-Saharan Africa
ALB,Albania,2030,opt,bws,Dom,3.78359798072641,32,3,High (40-80%),Europe,Europe & Central Asia
UZB,Uzbekistan,2030,opt,bws,Tot,3.7832770923907,36,3,High (40-80%),Asia,Europe & Central Asia
EGY,Egypt,2080,pes,bws,Irr,3.78223702093576,43,3,High (40-80%),Africa,Middle East & North Africa
IND,India,2080,bau,bws,Dom,3.78202027987257,43,3,High (40-80%),Asia,South Asia
NER,Niger,2030,pes,bws,Liv,3.78179481962337,30,3,High (40-80%),Africa,Sub-Saharan Africa
UZB,Uzbekistan,2080,opt,bws,Tot,3.78132753609251,35,3,High (40-80%),Asia,Europe & Central Asia
ITA,Italy,2080,pes,bws,One,3.78130606430799,34,3,High (40-80%),Europe,Europe & Central Asia
ALB,Albania,2050,pes,bws,Irr,3.78078686861256,38,3,High (40-80%),Europe,Europe & Central Asia
BEL,Belgium,2080,bau,bws,One,3.78049129330869,35,3,High (40-80%),Europe,Europe & Central Asia
TUR,Turkey,2050,bau,bws,Irr,3.78035387630754,36,3,High (40-80%),Asia,Europe & Central Asia
PRT,Portugal,2050,bau,bws,Dom,3.77893827626631,33,3,High (40-80%),Europe,Europe & Central Asia
UZB,Uzbekistan,2030,opt,bws,Irr,3.77875643849364,37,3,High (40-80%),Asia,Europe & Central Asia
MRT,Mauritania,2080,opt,bws,Dom,3.77812484989544,35,3,High (40-80%),Africa,Sub-Saharan Africa
PAK,Pakistan,2080,pes,bws,Liv,3.77744401137429,37,3,High (40-80%),Asia,South Asia
ALB,Albania,2050,bau,bws,Dom,3.77734275087219,34,3,High (40-80%),Europe,Europe & Central Asia
ZAF,South Africa,2080,opt,bws,Liv,3.77544291439488,34,3,High (40-80%),Africa,Sub-Saharan Africa
ALB,Albania,2050,pes,bws,Tot,3.77517072041996,38,3,High (40-80%),Europe,Europe & Central Asia
UZB,Uzbekistan,2050,pes,bws,Tot,3.77372795200578,39,3,High (40-80%),Asia,Europe & Central Asia
AFG,Afghanistan,2080,bau,bws,Tot,3.77274629683079,46,3,High (40-80%),Asia,South Asia
IND,India,2080,bau,bws,Liv,3.77137099343579,34,3,High (40-80%),Asia,South Asia
IND,India,2030,opt,bws,Liv,3.77057474440413,32,3,High (40-80%),Asia,South Asia
KWT,Kuwait,2050,bau,bws,Liv,3.7699961971115,33,3,High (40-80%),Asia,Middle East & North Africa
UZB,Uzbekistan,2080,pes,bws,Dom,3.76893429854947,43,3,High (40-80%),Asia,Europe & Central Asia
PRT,Portugal,2050,opt,bws,Dom,3.76779048206418,32,3,High (40-80%),Europe,Europe & Central Asia
THA,Thailand,2080,pes,bws,Tot,3.76773711822137,45,3,High (40-80%),Asia,East Asia & Pacific
TKM,Turkmenistan,2030,pes,bws,Irr,3.76632901806069,36,3,High (40-80%),Asia,Europe & Central Asia
KGZ,Kyrgyzstan,2080,pes,bws,Irr,3.76543623841868,44,3,High (40-80%),Asia,Europe & Central Asia
TKM,Turkmenistan,2080,opt,bws,Irr,3.76540566503843,39,3,High (40-80%),Asia,Europe & Central Asia
IND,India,2030,opt,bws,Dom,3.76516692509924,33,3,High (40-80%),Asia,South Asia
BEL,Belgium,2030,pes,bws,One,3.76352473379187,29,3,High (40-80%),Europe,Europe & Central Asia
PAK,Pakistan,2030,bau,bws,Irr,3.76308456331877,35,3,High (40-80%),Asia,South Asia
MRT,Mauritania,2080,bau,bws,Tot,3.76170955370681,47,3,High (40-80%),Africa,Sub-Saharan Africa
LBY,Libya,2050,opt,bws,Liv,3.76001694751456,29,3,High (40-80%),Africa,Middle East & North Africa
TKM,Turkmenistan,2030,pes,bws,Tot,3.75653861773017,36,3,High (40-80%),Asia,Europe & Central Asia
ALB,Albania,2080,opt,bws,Dom,3.7547742048666,36,3,High (40-80%),Europe,Europe & Central Asia
TKM,Turkmenistan,2050,bau,bws,Tot,3.75452578364683,35,3,High (40-80%),Asia,Europe & Central Asia
PRT,Portugal,2080,opt,bws,Dom,3.75382182159062,37,3,High (40-80%),Europe,Europe & Central Asia
IND,India,2050,opt,bws,Liv,3.75377473954891,30,3,High (40-80%),Asia,South Asia
MNG,Mongolia,2050,bau,bws,Irr,3.75337328548832,37,3,High (40-80%),Asia,East Asia & Pacific
MNG,Mongolia,2080,bau,bws,Liv,3.7528248112073,35,3,High (40-80%),Asia,East Asia & Pacific
AUS,Australia,2080,pes,bws,Dom,3.75268337466221,44,3,High (40-80%),Oceania,East Asia & Pacific
UZB,Uzbekistan,2050,bau,bws,Tot,3.75264416010894,36,3,High (40-80%),Asia,Europe & Central Asia
KGZ,Kyrgyzstan,2080,pes,bws,Tot,3.7511665570247,46,3,High (40-80%),Asia,Europe & Central Asia
PAK,Pakistan,2080,bau,bws,Ind,3.74987505222113,48,3,High (40-80%),Asia,South Asia
NER,Niger,2050,bau,bws,Liv,3.74963110560525,34,3,High (40-80%),Africa,Sub-Saharan Africa
IND,India,2080,pes,bws,Liv,3.74941033611321,38,3,High (40-80%),Asia,South Asia
PAK,Pakistan,2030,bau,bws,Tot,3.74854706542998,35,3,High (40-80%),Asia,South Asia
IND,India,2050,opt,bws,Dom,3.74658074923968,33,3,High (40-80%),Asia,South Asia
KWT,Kuwait,2030,pes,bws,Liv,3.74588058492803,31,3,High (40-80%),Asia,Middle East & North Africa
TKM,Turkmenistan,2030,opt,bws,Ind,3.74522344045656,37,3,High (40-80%),Asia,Europe & Central Asia
ALB,Albania,2050,bau,bws,Irr,3.74424945920005,38,3,High (40-80%),Europe,Europe & Central Asia
TKM,Turkmenistan,2080,opt,bws,Tot,3.74376151092252,36,3,High (40-80%),Asia,Europe & Central Asia
MNG,Mongolia,2050,bau,bws,Dom,3.74241235996934,35,3,High (40-80%),Asia,East Asia & Pacific
UZB,Uzbekistan,2050,bau,bws,Irr,3.74126426277309,39,3,High (40-80%),Asia,Europe & Central Asia
EGY,Egypt,2080,pes,bws,Tot,3.74110517438635,47,3,High (40-80%),Africa,Middle East & North Africa
ALB,Albania,2080,opt,bws,Irr,3.74079465794848,40,3,High (40-80%),Europe,Europe & Central Asia
UZB,Uzbekistan,2050,opt,bws,Ind,3.73923705102602,38,3,High (40-80%),Asia,Europe & Central Asia
MNG,Mongolia,2030,opt,bws,Liv,3.73916193680961,33,3,High (40-80%),Asia,East Asia & Pacific
ESP,Spain,2050,opt,bws,One,3.73894934010288,29,3,High (40-80%),Europe,Europe & Central Asia
TUR,Turkey,2050,bau,bws,Tot,3.73829018662481,37,3,High (40-80%),Asia,Europe & Central Asia
ALB,Albania,2050,bau,bws,Tot,3.73774408431509,38,3,High (40-80%),Europe,Europe & Central Asia
ESP,Spain,2050,bau,bws,Liv,3.73654266232607,35,3,High (40-80%),Europe,Europe & Central Asia
ALB,Albania,2030,opt,bws,Irr,3.73626007568849,38,3,High (40-80%),Europe,Europe & Central Asia
TKM,Turkmenistan,2080,opt,bws,Ind,3.73610337292056,38,3,High (40-80%),Asia,Europe & Central Asia
THA,Thailand,2050,bau,bws,Irr,3.73462040117603,40,3,High (40-80%),Asia,East Asia & Pacific
MRT,Mauritania,2080,bau,bws,Liv,3.73405683945799,36,3,High (40-80%),Africa,Sub-Saharan Africa
UZB,Uzbekistan,2030,pes,bws,Tot,3.73273343645548,37,3,High (40-80%),Asia,Europe & Central Asia
ALB,Albania,2030,opt,bws,Tot,3.7311616961035,37,3,High (40-80%),Europe,Europe & Central Asia
LUX,Luxembourg,2080,pes,bws,One,3.73103505081534,35,3,High (40-80%),Europe,Europe & Central Asia
LBY,Libya,2030,bau,bws,Liv,3.73038258538923,28,3,High (40-80%),Africa,Middle East & North Africa
MNG,Mongolia,2050,pes,bws,Liv,3.72829890493969,34,3,High (40-80%),Asia,East Asia & Pacific
ZAF,South Africa,2080,bau,bws,Liv,3.72809320994089,37,3,High (40-80%),Africa,Sub-Saharan Africa
ALB,Albania,2080,opt,bws,Tot,3.72748487926983,37,3,High (40-80%),Europe,Europe & Central Asia
AFG,Afghanistan,2080,pes,bws,Irr,3.72727860913944,45,3,High (40-80%),Asia,South Asia
ZAF,South Africa,2050,pes,bws,Dom,3.72648483911446,35,3,High (40-80%),Africa,Sub-Saharan Africa
TKM,Turkmenistan,2030,opt,bws,Irr,3.72642186296163,39,3,High (40-80%),Asia,Europe & Central Asia
MAR,Morocco,2080,bau,bws,One,3.72215963969603,36,3,High (40-80%),Africa,Middle East & North Africa
KGZ,Kyrgyzstan,2080,pes,bws,Ind,3.72080511258454,46,3,High (40-80%),Asia,Europe & Central Asia
PAK,Pakistan,2080,bau,bws,Dom,3.72064537029764,44,3,High (40-80%),Asia,South Asia
UZB,Uzbekistan,2030,pes,bws,Irr,3.71807703825861,37,3,High (40-80%),Asia,Europe & Central Asia
ZAF,South Africa,2050,bau,bws,Dom,3.71768091809908,36,3,High (40-80%),Africa,Sub-Saharan Africa
TKM,Turkmenistan,2050,bau,bws,Ind,3.71673226155106,39,3,High (40-80%),Asia,Europe & Central Asia
USA,United States,2030,opt,bws,Irr,3.71669514114917,40,3,High (40-80%),Americas,North America
IND,India,2030,pes,bws,Liv,3.71630134614097,32,3,High (40-80%),Asia,South Asia
USA,United States,2050,pes,bws,Irr,3.71627841980201,39,3,High (40-80%),Americas,North America
MNG,Mongolia,2050,bau,bws,Tot,3.71616844050374,39,3,High (40-80%),Asia,East Asia & Pacific
PAK,Pakistan,2050,pes,bws,Ind,3.7152214393426,41,3,High (40-80%),Asia,South Asia
LSO,Lesotho,2080,pes,bws,One,3.71342979505836,36,3,High (40-80%),Africa,Sub-Saharan Africa
KWT,Kuwait,2080,bau,bws,Liv,3.71215101138454,38,3,High (40-80%),Asia,Middle East & North Africa
TKM,Turkmenistan,2080,bau,bws,Dom,3.71147091480092,45,3,High (40-80%),Asia,Europe & Central Asia
TKM,Turkmenistan,2030,bau,bws,Ind,3.71083608489451,37,3,High (40-80%),Asia,Europe & Central Asia
MAR,Morocco,2050,opt,bws,Liv,3.70917811202068,31,3,High (40-80%),Africa,Middle East & North Africa
TUR,Turkey,2080,bau,bws,Liv,3.70885032538249,39,3,High (40-80%),Asia,Europe & Central Asia
EGY,Egypt,2080,pes,bws,Dom,3.70799137478195,45,3,High (40-80%),Africa,Middle East & North Africa
NER,Niger,2080,opt,bws,One,3.7072349099179,32,3,High (40-80%),Africa,Sub-Saharan Africa
NER,Niger,2030,opt,bws,Dom,3.70689512192345,34,3,High (40-80%),Africa,Sub-Saharan Africa
THA,Thailand,2050,bau,bws,Tot,3.70687722295536,40,3,High (40-80%),Asia,East Asia & Pacific
UZB,Uzbekistan,2030,bau,bws,Tot,3.70613709526707,36,3,High (40-80%),Asia,Europe & Central Asia
DZA,Algeria,2030,bau,bws,Liv,3.70579940999983,29,3,High (40-80%),Africa,Middle East & North Africa
TKM,Turkmenistan,2030,opt,bws,Tot,3.70453271569548,38,3,High (40-80%),Asia,Europe & Central Asia
KEN,Kenya,2050,opt,bws,Irr,3.70352849704197,35,3,High (40-80%),Africa,Sub-Saharan Africa
BFA,Burkina Faso,2030,opt,bws,Ind,3.70275881635937,38,3,High (40-80%),Africa,Sub-Saharan Africa
BEL,Belgium,2030,opt,bws,One,3.70111012955383,30,3,High (40-80%),Europe,Europe & Central Asia
PAK,Pakistan,2050,pes,bws,Dom,3.70075203425311,36,3,High (40-80%),Asia,South Asia
MNG,Mongolia,2030,pes,bws,Liv,3.69993784768582,33,3,High (40-80%),Asia,East Asia & Pacific
ALB,Albania,2080,bau,bws,Liv,3.6974175248024,40,3,High (40-80%),Europe,Europe & Central Asia
PAK,Pakistan,2030,opt,bws,Ind,3.69626919096864,39,3,High (40-80%),Asia,South Asia
ITA,Italy,2080,pes,bws,Liv,3.6958839471949,39,3,High (40-80%),Europe,Europe & Central Asia
PAK,Pakistan,2050,bau,bws,Irr,3.69568068991109,41,3,High (40-80%),Asia,South Asia
TUR,Turkey,2080,pes,bws,Liv,3.69474734197931,40,3,High (40-80%),Asia,Europe & Central Asia
BFA,Burkina Faso,2030,pes,bws,Ind,3.69428282186054,38,3,High (40-80%),Africa,Sub-Saharan Africa
TKM,Turkmenistan,2030,bau,bws,Irr,3.69321835279533,36,3,High (40-80%),Asia,Europe & Central Asia
IND,India,2030,pes,bws,Dom,3.69273802158741,32,3,High (40-80%),Asia,South Asia
PAK,Pakistan,2030,opt,bws,Dom,3.692686629995,35,3,High (40-80%),Asia,South Asia
THA,Thailand,2050,opt,bws,Irr,3.69264259323005,36,3,High (40-80%),Asia,East Asia & Pacific
ITA,Italy,2050,opt,bws,Dom,3.69239217313547,34,3,High (40-80%),Europe,Europe & Central Asia
ERI,Eritrea,2050,opt,bws,Irr,3.69232118571673,37,3,High (40-80%),Africa,Sub-Saharan Africa
PAK,Pakistan,2080,opt,bws,Ind,3.69102305545446,39,3,High (40-80%),Asia,South Asia
MEX,Mexico,2080,pes,bws,Ind,3.68913359589584,47,3,High (40-80%),Americas,Latin America & Caribbean
AFG,Afghanistan,2050,bau,bws,Irr,3.68840219633015,42,3,High (40-80%),Asia,South Asia
UZB,Uzbekistan,2030,bau,bws,Irr,3.68795940563409,37,3,High (40-80%),Asia,Europe & Central Asia
AFG,Afghanistan,2050,pes,bws,Irr,3.68726206545745,40,3,High (40-80%),Asia,South Asia
USA,United States,2050,opt,bws,Irr,3.68347388618612,38,3,High (40-80%),Americas,North America
TKM,Turkmenistan,2030,bau,bws,Tot,3.68235470907711,37,3,High (40-80%),Asia,Europe & Central Asia
NAM,Namibia,2050,pes,bws,Irr,3.68124404681517,41,3,High (40-80%),Africa,Sub-Saharan Africa
PAK,Pakistan,2050,pes,bws,Liv,3.68083772898708,35,3,High (40-80%),Asia,South Asia
TZA,Tanzania,2080,bau,bws,Irr,3.68057216809606,47,3,High (40-80%),Africa,Sub-Saharan Africa
IND,India,2080,opt,bws,Liv,3.68044270915573,35,3,High (40-80%),Asia,South Asia
PAK,Pakistan,2080,bau,bws,Liv,3.68032657374629,41,3,High (40-80%),Asia,South Asia
KGZ,Kyrgyzstan,2080,pes,bws,Dom,3.6802330813743,46,3,High (40-80%),Asia,Europe & Central Asia
ITA,Italy,2080,bau,bws,Dom,3.68017318485298,46,3,High (40-80%),Europe,Europe & Central Asia
PAK,Pakistan,2050,bau,bws,Tot,3.67840439917393,41,3,High (40-80%),Asia,South Asia
TUR,Turkey,2050,bau,bws,Dom,3.6783137771931,37,3,High (40-80%),Asia,Europe & Central Asia
MNG,Mongolia,2030,pes,bws,Irr,3.67650086096823,38,3,High (40-80%),Asia,East Asia & Pacific
ERI,Eritrea,2030,opt,bws,Irr,3.67560354912119,41,3,High (40-80%),Africa,Sub-Saharan Africa
PRT,Portugal,2050,bau,bws,Irr,3.67558514237526,43,3,High (40-80%),Europe,Europe & Central Asia
PRT,Portugal,2050,bau,bws,Tot,3.67495426770988,42,3,High (40-80%),Europe,Europe & Central Asia
MNG,Mongolia,2050,opt,bws,Liv,3.67389463116238,32,3,High (40-80%),Asia,East Asia & Pacific
ALB,Albania,2050,pes,bws,Ind,3.67308819791281,42,3,High (40-80%),Europe,Europe & Central Asia
THA,Thailand,2080,opt,bws,Irr,3.6720437373065,41,3,High (40-80%),Asia,East Asia & Pacific
TUR,Turkey,2050,pes,bws,Irr,3.67182837570953,42,3,High (40-80%),Asia,Europe & Central Asia
USA,United States,2080,pes,bws,Irr,3.67148648335121,46,3,High (40-80%),Americas,North America
MNG,Mongolia,2030,opt,bws,Irr,3.67088211152912,42,3,High (40-80%),Asia,East Asia & Pacific
USA,United States,2030,bau,bws,Irr,3.66989606519127,38,3,High (40-80%),Americas,North America
THA,Thailand,2050,opt,bws,Tot,3.66779318034691,35,3,High (40-80%),Asia,East Asia & Pacific
SEN,Senegal,2050,bau,bws,Dom,3.66714761692904,38,3,High (40-80%),Africa,Sub-Saharan Africa
ZAF,South Africa,2030,bau,bws,Dom,3.6671334511073,32,3,High (40-80%),Africa,Sub-Saharan Africa
THA,Thailand,2030,bau,bws,Irr,3.66683091791634,39,3,High (40-80%),Asia,East Asia & Pacific
ALB,Albania,2050,opt,bws,Irr,3.66591893244863,39,3,High (40-80%),Europe,Europe & Central Asia
BFA,Burkina Faso,2050,bau,bws,Irr,3.66532673653456,44,3,High (40-80%),Africa,Sub-Saharan Africa
PRT,Portugal,2080,bau,bws,Liv,3.6634598865283,42,3,High (40-80%),Europe,Europe & Central Asia
TKM,Turkmenistan,2080,pes,bws,One,3.65944036165795,37,3,High (40-80%),Asia,Europe & Central Asia
LSO,Lesotho,2080,opt,bws,Tot,3.65879523808697,38,3,High (40-80%),Africa,Sub-Saharan Africa
ALB,Albania,2050,opt,bws,Dom,3.65822297709458,35,3,High (40-80%),Europe,Europe & Central Asia
USA,United States,2050,bau,bws,Irr,3.6580940139326,45,3,High (40-80%),Americas,North America
PAK,Pakistan,2080,opt,bws,Liv,3.6568956425613,36,3,High (40-80%),Asia,South Asia
UZB,Uzbekistan,2050,opt,bws,Tot,3.65642532550606,36,3,High (40-80%),Asia,Europe & Central Asia
NER,Niger,2080,opt,bws,Tot,3.65629342611752,39,3,High (40-80%),Africa,Sub-Saharan Africa
LUX,Luxembourg,2080,pes,bws,Ind,3.65625732283427,48,3,High (40-80%),Europe,Europe & Central Asia
PAK,Pakistan,2080,opt,bws,Dom,3.65576974102832,38,3,High (40-80%),Asia,South Asia
THA,Thailand,2030,opt,bws,Irr,3.65538505953938,43,3,High (40-80%),Asia,East Asia & Pacific
ALB,Albania,2050,opt,bws,Tot,3.65497577464671,37,3,High (40-80%),Europe,Europe & Central Asia
ALB,Albania,2050,bau,bws,Ind,3.65285665769386,40,3,High (40-80%),Europe,Europe & Central Asia
LUX,Luxembourg,2080,pes,bws,Tot,3.6525840580099,48,3,High (40-80%),Europe,Europe & Central Asia
IND,India,2080,opt,bws,Dom,3.65205257332293,39,3,High (40-80%),Asia,South Asia
AFG,Afghanistan,2080,pes,bws,Tot,3.65202708988422,49,3,High (40-80%),Asia,South Asia
PAK,Pakistan,2050,opt,bws,Irr,3.64951250121162,40,3,High (40-80%),Asia,South Asia
THA,Thailand,2050,pes,bws,Irr,3.64940851882988,43,3,High (40-80%),Asia,East Asia & Pacific
USA,United States,2030,pes,bws,Irr,3.64898572375947,39,3,High (40-80%),Americas,North America
MKD,Macedonia,2080,bau,bws,Irr,3.64797475178419,48,3,High (40-80%),Europe,Europe & Central Asia
PAK,Pakistan,2030,opt,bws,Liv,3.64585047200984,34,3,High (40-80%),Asia,South Asia
MEX,Mexico,2050,bau,bws,Dom,3.64504538240412,39,3,High (40-80%),Americas,Latin America & Caribbean
ITA,Italy,2080,opt,bws,Dom,3.64479523336956,40,3,High (40-80%),Europe,Europe & Central Asia
MKD,Macedonia,2080,bau,bws,Tot,3.64399634247749,48,3,High (40-80%),Europe,Europe & Central Asia
THA,Thailand,2030,bau,bws,Tot,3.64387120743013,38,3,High (40-80%),Asia,East Asia & Pacific
THA,Thailand,2080,opt,bws,Tot,3.64302243161731,40,3,High (40-80%),Asia,East Asia & Pacific
PER,Peru,2080,opt,bws,Tot,3.64263560153659,41,3,High (40-80%),Americas,Latin America & Caribbean
TUR,Turkey,2050,pes,bws,Tot,3.64233625735639,40,3,High (40-80%),Asia,Europe & Central Asia
IRN,Iran,2050,opt,bws,One,3.64014928139314,30,3,High (40-80%),Asia,Middle East & North Africa
MKD,Macedonia,2080,bau,bws,Ind,3.64005498055806,49,3,High (40-80%),Europe,Europe & Central Asia
MAR,Morocco,2030,bau,bws,Liv,3.63964714192574,30,3,High (40-80%),Africa,Middle East & North Africa
UZB,Uzbekistan,2050,opt,bws,Irr,3.63922013564931,41,3,High (40-80%),Asia,Europe & Central Asia
ESP,Spain,2050,opt,bws,Liv,3.63357096620479,33,3,High (40-80%),Europe,Europe & Central Asia
MNG,Mongolia,2050,bau,bws,One,3.63337380885056,32,3,High (40-80%),Asia,East Asia & Pacific
PRT,Portugal,2050,bau,bws,Ind,3.63301899089793,41,3,High (40-80%),Europe,Europe & Central Asia
LSO,Lesotho,2050,bau,bws,Tot,3.63282971041011,43,3,High (40-80%),Africa,Sub-Saharan Africa
THA,Thailand,2030,opt,bws,Tot,3.63203630533912,39,3,High (40-80%),Asia,East Asia & Pacific
MKD,Macedonia,2080,bau,bws,Dom,3.63194130733969,47,3,High (40-80%),Europe,Europe & Central Asia
PAK,Pakistan,2050,opt,bws,Tot,3.63173547705768,38,3,High (40-80%),Asia,South Asia
LUX,Luxembourg,2050,opt,bws,One,3.63128125523414,31,3,High (40-80%),Europe,Europe & Central Asia
ERI,Eritrea,2030,pes,bws,Irr,3.63082270084367,40,3,High (40-80%),Africa,Sub-Saharan Africa
PER,Peru,2050,opt,bws,Tot,3.63012467735534,39,3,High (40-80%),Americas,Latin America & Caribbean
TKM,Turkmenistan,2050,opt,bws,Ind,3.62986195086063,39,3,High (40-80%),Asia,Europe & Central Asia
MRT,Mauritania,2050,bau,bws,Dom,3.62964752609925,40,3,High (40-80%),Africa,Sub-Saharan Africa
PRT,Portugal,2080,opt,bws,Tot,3.62960890874011,42,3,High (40-80%),Europe,Europe & Central Asia
ALB,Albania,2030,opt,bws,Ind,3.62895324532929,40,3,High (40-80%),Europe,Europe & Central Asia
ZAF,South Africa,2030,opt,bws,Dom,3.62787385778855,36,3,High (40-80%),Africa,Sub-Saharan Africa
LUX,Luxembourg,2050,pes,bws,One,3.62667326628946,32,3,High (40-80%),Europe,Europe & Central Asia
UZB,Uzbekistan,2080,opt,bws,Dom,3.62592284753729,41,3,High (40-80%),Asia,Europe & Central Asia
MNG,Mongolia,2080,pes,bws,Liv,3.62566275107294,41,3,High (40-80%),Asia,East Asia & Pacific
IND,India,2030,bau,bws,Liv,3.62469990486866,31,3,High (40-80%),Asia,South Asia
TKM,Turkmenistan,2080,opt,bws,One,3.62339373782697,33,3,High (40-80%),Asia,Europe & Central Asia
THA,Thailand,2050,pes,bws,Tot,3.62273131622859,41,3,High (40-80%),Asia,East Asia & Pacific
LUX,Luxembourg,2080,pes,bws,Dom,3.62238652913391,47,3,High (40-80%),Europe,Europe & Central Asia
ERI,Eritrea,2080,pes,bws,Irr,3.62214903894308,47,3,High (40-80%),Africa,Sub-Saharan Africa
UZB,Uzbekistan,2080,bau,bws,One,3.62210162533295,37,3,High (40-80%),Asia,Europe & Central Asia
PRT,Portugal,2080,opt,bws,Irr,3.62209105999452,42,3,High (40-80%),Europe,Europe & Central Asia
PAK,Pakistan,2030,pes,bws,Dom,3.62152053419428,33,3,High (40-80%),Asia,South Asia
ZAF,South Africa,2050,pes,bws,Liv,3.62065114934921,36,3,High (40-80%),Africa,Sub-Saharan Africa
MEX,Mexico,2080,opt,bws,Dom,3.62030802099459,42,3,High (40-80%),Americas,Latin America & Caribbean
MEX,Mexico,2050,pes,bws,Dom,3.6201448888616,37,3,High (40-80%),Americas,Latin America & Caribbean
ALB,Albania,2080,bau,bws,One,3.61934962873303,38,3,High (40-80%),Europe,Europe & Central Asia
AFG,Afghanistan,2050,pes,bws,Tot,3.6184932942475,42,3,High (40-80%),Asia,South Asia
PRT,Portugal,2050,opt,bws,Tot,3.61824353127317,40,3,High (40-80%),Europe,Europe & Central Asia
PER,Peru,2030,pes,bws,Tot,3.61783070445551,38,3,High (40-80%),Americas,Latin America & Caribbean
MAR,Morocco,2030,pes,bws,Liv,3.61675537514778,34,3,High (40-80%),Africa,Middle East & North Africa
ITA,Italy,2050,opt,bws,Ind,3.61452069583807,40,3,High (40-80%),Europe,Europe & Central Asia
PAK,Pakistan,2030,pes,bws,Ind,3.61444211175611,39,3,High (40-80%),Asia,South Asia
MAR,Morocco,2030,opt,bws,Liv,3.61342056864724,35,3,High (40-80%),Africa,Middle East & North Africa
THA,Thailand,2030,pes,bws,Irr,3.61330762881986,41,3,High (40-80%),Asia,East Asia & Pacific
ITA,Italy,2050,pes,bws,Dom,3.61269954829525,38,3,High (40-80%),Europe,Europe & Central Asia
THA,Thailand,2080,bau,bws,Irr,3.6121954021253,49,3,High (40-80%),Asia,East Asia & Pacific
ALB,Albania,2030,pes,bws,Dom,3.61127626716142,34,3,High (40-80%),Europe,Europe & Central Asia
SLV,El Salvador,2080,bau,bws,Irr,3.61052436209886,50,3,High (40-80%),Americas,Latin America & Caribbean
ALB,Albania,2030,bau,bws,Irr,3.61027677756999,40,3,High (40-80%),Europe,Europe & Central Asia
PAK,Pakistan,2030,bau,bws,Dom,3.60988355441873,33,3,High (40-80%),Asia,South Asia
IND,India,2030,bau,bws,Dom,3.60915156412718,34,3,High (40-80%),Asia,South Asia
IRQ,Iraq,2050,opt,bws,One,3.60908743404383,32,3,High (40-80%),Asia,Middle East & North Africa
NER,Niger,2050,opt,bws,Liv,3.60773059452543,34,3,High (40-80%),Africa,Sub-Saharan Africa
ARM,Armenia,2080,bau,bws,Ind,3.6076631659633,50,3,High (40-80%),Asia,Europe & Central Asia
MNG,Mongolia,2050,opt,bws,Irr,3.60742067064721,42,3,High (40-80%),Asia,East Asia & Pacific
PER,Peru,2050,pes,bws,Tot,3.60737709169932,43,3,High (40-80%),Americas,Latin America & Caribbean
UZB,Uzbekistan,2050,bau,bws,Dom,3.60721900684154,41,3,High (40-80%),Asia,Europe & Central Asia
TUR,Turkey,2050,pes,bws,Dom,3.60665755283622,39,3,High (40-80%),Asia,Europe & Central Asia
EGY,Egypt,2080,pes,bws,Ind,3.60609856857557,49,3,High (40-80%),Africa,Middle East & North Africa
AUS,Australia,2080,opt,bws,Dom,3.6060569268205,43,3,High (40-80%),Oceania,East Asia & Pacific
PRT,Portugal,2080,pes,bws,Liv,3.60601379731164,42,3,High (40-80%),Europe,Europe & Central Asia
AFG,Afghanistan,2050,bau,bws,Tot,3.60512090673604,44,3,High (40-80%),Asia,South Asia
PAK,Pakistan,2030,bau,bws,Ind,3.60367866170386,38,3,High (40-80%),Asia,South Asia
PRT,Portugal,2050,opt,bws,Ind,3.60279556064173,41,3,High (40-80%),Europe,Europe & Central Asia
IRQ,Iraq,2030,bau,bws,Ind,3.60230571189645,39,3,High (40-80%),Asia,Middle East & North Africa
ITA,Italy,2050,opt,bws,Tot,3.60078405707272,41,3,High (40-80%),Europe,Europe & Central Asia
PER,Peru,2030,bau,bws,Tot,3.60042620740407,39,3,High (40-80%),Americas,Latin America & Caribbean
LSO,Lesotho,2050,opt,bws,Tot,3.60010317697655,42,3,High (40-80%),Africa,Sub-Saharan Africa
PAK,Pakistan,2030,pes,bws,Liv,3.59821967595576,35,3,High (40-80%),Asia,South Asia
ZAF,South Africa,2050,opt,bws,Dom,3.59700407520719,36,3,High (40-80%),Africa,Sub-Saharan Africa
SEN,Senegal,2050,pes,bws,Dom,3.59537763326268,40,3,High (40-80%),Africa,Sub-Saharan Africa
MNG,Mongolia,2030,bau,bws,Irr,3.59504865322885,41,3,High (40-80%),Asia,East Asia & Pacific
PER,Peru,2030,opt,bws,Tot,3.59202107647513,40,3,High (40-80%),Americas,Latin America & Caribbean
ITA,Italy,2080,bau,bws,Tot,3.59056935387225,49,3,High (40-80%),Europe,Europe & Central Asia
PRT,Portugal,2030,bau,bws,Dom,3.58945471092751,35,3,High (40-80%),Europe,Europe & Central Asia
KWT,Kuwait,2030,bau,bws,Liv,3.5890792695298,32,3,High (40-80%),Asia,Middle East & North Africa
PRT,Portugal,2080,opt,bws,Ind,3.588405759206,40,3,High (40-80%),Europe,Europe & Central Asia
ALB,Albania,2030,pes,bws,Irr,3.58802566356575,42,3,High (40-80%),Europe,Europe & Central Asia
TUR,Turkey,2080,opt,bws,Irr,3.58747843058062,43,3,High (40-80%),Asia,Europe & Central Asia
THA,Thailand,2030,pes,bws,Tot,3.58694645906434,39,3,High (40-80%),Asia,East Asia & Pacific
IRQ,Iraq,2030,bau,bws,One,3.58659824670803,30,3,High (40-80%),Asia,Middle East & North Africa
MKD,Macedonia,2080,bau,bws,Liv,3.58378135455339,43,3,High (40-80%),Europe,Europe & Central Asia
BWA,Botswana,2030,bau,bws,Irr,3.58289478852157,42,3,High (40-80%),Africa,Sub-Saharan Africa
UZB,Uzbekistan,2030,opt,bws,Dom,3.58263499971083,37,3,High (40-80%),Asia,Europe & Central Asia
ZAF,South Africa,2050,bau,bws,Liv,3.57883411913681,36,3,High (40-80%),Africa,Sub-Saharan Africa
ALB,Albania,2030,pes,bws,Tot,3.57875363066123,40,3,High (40-80%),Europe,Europe & Central Asia
TKM,Turkmenistan,2050,opt,bws,Irr,3.57874689349775,43,3,High (40-80%),Asia,Europe & Central Asia
ALB,Albania,2030,bau,bws,Tot,3.57857896445519,40,3,High (40-80%),Europe,Europe & Central Asia
NER,Niger,2030,pes,bws,One,3.57844536627867,30,3,High (40-80%),Africa,Sub-Saharan Africa
THA,Thailand,2080,bau,bws,Tot,3.57842564445907,50,3,High (40-80%),Asia,East Asia & Pacific
ITA,Italy,2080,bau,bws,Ind,3.57818775962311,52,3,High (40-80%),Europe,Europe & Central Asia
TUR,Turkey,2080,opt,bws,Dom,3.5780026738422,44,3,High (40-80%),Asia,Europe & Central Asia
MNG,Mongolia,2050,pes,bws,Irr,3.57692736477446,44,3,High (40-80%),Asia,East Asia & Pacific
TUR,Turkey,2080,opt,bws,Tot,3.57684874320808,43,3,High (40-80%),Asia,Europe & Central Asia
ALB,Albania,2080,opt,bws,Ind,3.5763889124292,41,3,High (40-80%),Europe,Europe & Central Asia
ITA,Italy,2080,opt,bws,Ind,3.57596540214349,42,3,High (40-80%),Europe,Europe & Central Asia
TKM,Turkmenistan,2050,opt,bws,Tot,3.57495899799968,43,3,High (40-80%),Asia,Europe & Central Asia
USA,United States,2080,bau,bws,Irr,3.57446668118542,51,3,High (40-80%),Americas,North America
LUX,Luxembourg,2080,pes,bws,Irr,3.57388234734505,48,3,High (40-80%),Europe,Europe & Central Asia
NAM,Namibia,2080,pes,bws,Irr,3.57326723862944,49,3,High (40-80%),Africa,Sub-Saharan Africa
PRT,Portugal,2050,opt,bws,Irr,3.57265826852436,44,3,High (40-80%),Europe,Europe & Central Asia
AGO,Angola,2080,pes,bws,Irr,3.57264680058008,50,3,High (40-80%),Africa,Sub-Saharan Africa
TUR,Turkey,2050,bau,bws,Ind,3.57245170530804,42,3,High (40-80%),Asia,Europe & Central Asia
LUX,Luxembourg,2080,pes,bws,Liv,3.57212339033851,43,3,High (40-80%),Europe,Europe & Central Asia
USA,United States,2080,opt,bws,Irr,3.57193881510796,44,3,High (40-80%),Americas,North America
PRT,Portugal,2050,pes,bws,Liv,3.57136256661826,37,3,High (40-80%),Europe,Europe & Central Asia
PER,Peru,2050,bau,bws,Tot,3.5711316200832,45,3,High (40-80%),Americas,Latin America & Caribbean
MNG,Mongolia,2080,opt,bws,Liv,3.56955681055027,37,3,High (40-80%),Asia,East Asia & Pacific
PAK,Pakistan,2050,bau,bws,Ind,3.56776611611713,43,3,High (40-80%),Asia,South Asia
ITA,Italy,2050,bau,bws,Dom,3.56765231342904,42,3,High (40-80%),Europe,Europe & Central Asia
ITA,Italy,2080,bau,bws,Irr,3.5662915031904,52,3,High (40-80%),Europe,Europe & Central Asia
ITA,Italy,2030,opt,bws,Dom,3.56560627782148,38,3,High (40-80%),Europe,Europe & Central Asia
PRT,Portugal,2080,bau,bws,One,3.5628300911181,39,3,High (40-80%),Europe,Europe & Central Asia
UZB,Uzbekistan,2030,pes,bws,Dom,3.56275305830844,35,3,High (40-80%),Asia,Europe & Central Asia
ALB,Albania,2030,bau,bws,Dom,3.5623412786306,36,3,High (40-80%),Europe,Europe & Central Asia
DJI,Djibouti,2030,opt,bws,Ind,3.56152393700031,41,3,High (40-80%),Africa,Middle East & North Africa
DJI,Djibouti,2030,pes,bws,Ind,3.56152393700031,40,3,High (40-80%),Africa,Middle East & North Africa
MAR,Morocco,2080,pes,bws,One,3.56013473799345,39,3,High (40-80%),Africa,Middle East & North Africa
ITA,Italy,2080,opt,bws,Tot,3.55979208926712,44,3,High (40-80%),Europe,Europe & Central Asia
PAK,Pakistan,2050,bau,bws,Dom,3.55848686337634,43,3,High (40-80%),Asia,South Asia
UZB,Uzbekistan,2050,pes,bws,Dom,3.5581593505362,41,3,High (40-80%),Asia,Europe & Central Asia
KGZ,Kyrgyzstan,2030,opt,bws,Irr,3.55674535083751,44,3,High (40-80%),Asia,Europe & Central Asia
PAK,Pakistan,2030,bau,bws,Liv,3.55641765842374,33,3,High (40-80%),Asia,South Asia
AUS,Australia,2050,pes,bws,Dom,3.55422942291705,42,3,High (40-80%),Oceania,East Asia & Pacific
KGZ,Kyrgyzstan,2030,pes,bws,Irr,3.55321383665858,43,3,High (40-80%),Asia,Europe & Central Asia
ARM,Armenia,2080,bau,bws,Tot,3.55135046016716,51,3,High (40-80%),Asia,Europe & Central Asia
BFA,Burkina Faso,2030,bau,bws,Ind,3.55098192574418,40,3,High (40-80%),Africa,Sub-Saharan Africa
TZA,Tanzania,2080,bau,bws,Ind,3.55049747962736,53,3,High (40-80%),Africa,Sub-Saharan Africa
UZB,Uzbekistan,2030,bau,bws,Dom,3.54979718341807,37,3,High (40-80%),Asia,Europe & Central Asia
PAK,Pakistan,2050,bau,bws,Liv,3.54924182941457,37,3,High (40-80%),Asia,South Asia
ESP,Spain,2030,pes,bws,One,3.54716499849856,31,3,High (40-80%),Europe,Europe & Central Asia
IRQ,Iraq,2030,opt,bws,Ind,3.54650110807298,42,3,High (40-80%),Asia,Middle East & North Africa
ARM,Armenia,2080,bau,bws,Dom,3.54557712697239,48,3,High (40-80%),Asia,Europe & Central Asia
MNG,Mongolia,2050,bau,bws,Ind,3.54521254506542,45,3,High (40-80%),Asia,East Asia & Pacific
AGO,Angola,2050,pes,bws,Irr,3.54360845120488,45,3,High (40-80%),Africa,Sub-Saharan Africa
KGZ,Kyrgyzstan,2030,opt,bws,Tot,3.54079736114228,41,3,High (40-80%),Asia,Europe & Central Asia
MNG,Mongolia,2080,bau,bws,Irr,3.53947660872855,53,3,High (40-80%),Asia,East Asia & Pacific
AUS,Australia,2080,pes,bws,Tot,3.53899188782053,50,3,High (40-80%),Oceania,East Asia & Pacific
SEN,Senegal,2030,opt,bws,Dom,3.53869462668257,39,3,High (40-80%),Africa,Sub-Saharan Africa
ITA,Italy,2030,pes,bws,Dom,3.53861085722937,36,3,High (40-80%),Europe,Europe & Central Asia
IRQ,Iraq,2030,pes,bws,Ind,3.53677468575805,41,3,High (40-80%),Asia,Middle East & North Africa
IRQ,Iraq,2050,opt,bws,Liv,3.53671947601229,35,3,High (40-80%),Asia,Middle East & North Africa
BFA,Burkina Faso,2080,pes,bws,Irr,3.5345468996788,51,3,High (40-80%),Africa,Sub-Saharan Africa
MEX,Mexico,2030,bau,bws,Dom,3.53173052920829,38,3,High (40-80%),Americas,Latin America & Caribbean
KGZ,Kyrgyzstan,2030,pes,bws,Tot,3.52898470175358,41,3,High (40-80%),Asia,Europe & Central Asia
TUR,Turkey,2030,opt,bws,Irr,3.52873994684894,45,3,High (40-80%),Asia,Europe & Central Asia
PRT,Portugal,2050,pes,bws,One,3.52873586787584,33,3,High (40-80%),Europe,Europe & Central Asia
NER,Niger,2030,bau,bws,Dom,3.52850202313636,39,3,High (40-80%),Africa,Sub-Saharan Africa
ITA,Italy,2050,pes,bws,Tot,3.52782669694738,44,3,High (40-80%),Europe,Europe & Central Asia
LUX,Luxembourg,2050,opt,bws,Ind,3.52515322126222,42,3,High (40-80%),Europe,Europe & Central Asia
SLV,El Salvador,2080,bau,bws,One,3.52389790487912,40,3,High (40-80%),Americas,Latin America & Caribbean
PRT,Portugal,2080,pes,bws,One,3.52335843673532,40,3,High (40-80%),Europe,Europe & Central Asia
ARM,Armenia,2080,bau,bws,Irr,3.52141137492922,54,3,High (40-80%),Asia,Europe & Central Asia
LUX,Luxembourg,2050,opt,bws,Tot,3.52139580409213,44,3,High (40-80%),Europe,Europe & Central Asia
ZWE,Zimbabwe,2080,bau,bws,Ind,3.52127244248762,54,3,High (40-80%),Africa,Sub-Saharan Africa
PRT,Portugal,2030,pes,bws,Dom,3.52111490025912,37,3,High (40-80%),Europe,Europe & Central Asia
THA,Thailand,2080,pes,bws,Ind,3.52001596413005,50,3,High (40-80%),Asia,East Asia & Pacific
TUR,Turkey,2050,pes,bws,Ind,3.51971561227576,43,3,High (40-80%),Asia,Europe & Central Asia
AFG,Afghanistan,2080,bau,bws,One,3.51774047842427,41,3,High (40-80%),Asia,South Asia
NER,Niger,2080,bau,bws,Liv,3.51593192522995,44,3,High (40-80%),Africa,Sub-Saharan Africa
PER,Peru,2080,pes,bws,Tot,3.51559240310494,51,3,High (40-80%),Americas,Latin America & Caribbean
TKM,Turkmenistan,2080,pes,bws,Dom,3.51410060202677,48,3,High (40-80%),Asia,Europe & Central Asia
ITA,Italy,2050,pes,bws,Ind,3.51362225082355,44,3,High (40-80%),Europe,Europe & Central Asia
ESP,Spain,2030,bau,bws,One,3.51346143756715,31,3,High (40-80%),Europe,Europe & Central Asia
MNG,Mongolia,2080,bau,bws,Dom,3.5132040724658,49,3,High (40-80%),Asia,East Asia & Pacific
MNG,Mongolia,2080,pes,bws,Irr,3.51295111305295,52,3,High (40-80%),Asia,East Asia & Pacific
SEN,Senegal,2050,bau,bws,Liv,3.51076334478474,38,3,High (40-80%),Africa,Sub-Saharan Africa
AFG,Afghanistan,2030,pes,bws,Irr,3.50991939474087,44,3,High (40-80%),Asia,South Asia
NER,Niger,2080,bau,bws,Dom,3.50873192601268,50,3,High (40-80%),Africa,Sub-Saharan Africa
MKD,Macedonia,2050,bau,bws,Irr,3.50831737470342,46,3,High (40-80%),Europe,Europe & Central Asia
ALB,Albania,2050,opt,bws,Ind,3.50801851929865,43,3,High (40-80%),Europe,Europe & Central Asia
MRT,Mauritania,2080,bau,bws,Irr,3.50744552282142,55,3,High (40-80%),Africa,Sub-Saharan Africa
MEX,Mexico,2030,pes,bws,Dom,3.50544528505128,38,3,High (40-80%),Americas,Latin America & Caribbean
LUX,Luxembourg,2050,pes,bws,Ind,3.50525584651295,45,3,High (40-80%),Europe,Europe & Central Asia
LSO,Lesotho,2080,opt,bws,Dom,3.50416935589093,45,3,High (40-80%),Africa,Sub-Saharan Africa
UZB,Uzbekistan,2050,opt,bws,Dom,3.50306932117195,37,3,High (40-80%),Asia,Europe & Central Asia
ITA,Italy,2030,bau,bws,Dom,3.50186947773559,40,3,High (40-80%),Europe,Europe & Central Asia
ITA,Italy,2050,opt,bws,Irr,3.50158716550153,45,3,High (40-80%),Europe,Europe & Central Asia
LUX,Luxembourg,2050,pes,bws,Tot,3.50067609561305,45,3,High (40-80%),Europe,Europe & Central Asia
SEN,Senegal,2080,opt,bws,Liv,3.50009309481194,38,3,High (40-80%),Africa,Sub-Saharan Africa
MRT,Mauritania,2080,pes,bws,Tot,3.49885660662075,52,3,High (40-80%),Africa,Sub-Saharan Africa
ZAF,South Africa,2030,bau,bws,Liv,3.49820096784468,34,3,High (40-80%),Africa,Sub-Saharan Africa
PAK,Pakistan,2050,opt,bws,Ind,3.49763240116507,44,3,High (40-80%),Asia,South Asia
ERI,Eritrea,2030,pes,bws,Tot,3.49655097896385,42,3,High (40-80%),Africa,Sub-Saharan Africa
ITA,Italy,2050,bau,bws,Ind,3.49425341823185,46,3,High (40-80%),Europe,Europe & Central Asia
ITA,Italy,2080,bau,bws,One,3.49355078822079,42,3,High (40-80%),Europe,Europe & Central Asia
PAK,Pakistan,2050,opt,bws,Dom,3.4929703628578,38,3,High (40-80%),Asia,South Asia
KGZ,Kyrgyzstan,2050,pes,bws,Irr,3.49189699571332,46,3,High (40-80%),Asia,Europe & Central Asia
LUX,Luxembourg,2050,opt,bws,Dom,3.49049024334446,39,3,High (40-80%),Europe,Europe & Central Asia
NER,Niger,2050,bau,bws,Dom,3.48958595200036,44,3,High (40-80%),Africa,Sub-Saharan Africa
LUX,Luxembourg,2080,opt,bws,One,3.48844401710672,34,3,High (40-80%),Europe,Europe & Central Asia
MKD,Macedonia,2080,bau,bws,One,3.48839328997908,43,3,High (40-80%),Europe,Europe & Central Asia
TKM,Turkmenistan,2050,pes,bws,Dom,3.48833873752693,43,3,High (40-80%),Asia,Europe & Central Asia
MEX,Mexico,2050,bau,bws,Ind,3.48808541061373,47,3,High (40-80%),Americas,Latin America & Caribbean
ITA,Italy,2030,opt,bws,Tot,3.48789452584297,42,3,High (40-80%),Europe,Europe & Central Asia
KGZ,Kyrgyzstan,2080,opt,bws,Irr,3.48783652230254,45,3,High (40-80%),Asia,Europe & Central Asia
ITA,Italy,2050,bau,bws,Tot,3.48688212385255,47,3,High (40-80%),Europe,Europe & Central Asia
ZAF,South Africa,2030,pes,bws,Dom,3.48627566032419,39,3,High (40-80%),Africa,Sub-Saharan Africa
ITA,Italy,2050,pes,bws,Irr,3.48579166844358,47,3,High (40-80%),Europe,Europe & Central Asia
TUR,Turkey,2030,opt,bws,Tot,3.48561836978979,43,3,High (40-80%),Asia,Europe & Central Asia
ITA,Italy,2030,opt,bws,Ind,3.48494025506182,44,3,High (40-80%),Europe,Europe & Central Asia
MLI,Mali,2080,pes,bws,One,3.48466083058801,41,3,High (40-80%),Africa,Sub-Saharan Africa
MNG,Mongolia,2030,bau,bws,One,3.48376435886927,32,3,High (40-80%),Asia,East Asia & Pacific
MKD,Macedonia,2050,bau,bws,Tot,3.48287750945628,48,3,High (40-80%),Europe,Europe & Central Asia
ITA,Italy,2080,opt,bws,Irr,3.4813303646651,46,3,High (40-80%),Europe,Europe & Central Asia
MEX,Mexico,2030,opt,bws,Dom,3.48125969118319,40,3,High (40-80%),Americas,Latin America & Caribbean
NER,Niger,2030,bau,bws,One,3.48020766910464,33,3,High (40-80%),Africa,Sub-Saharan Africa
SEN,Senegal,2080,opt,bws,Tot,3.47795382096429,45,3,High (40-80%),Africa,Sub-Saharan Africa
ARM,Armenia,2050,bau,bws,Ind,3.4776122106078,48,3,High (40-80%),Asia,Europe & Central Asia
TUR,Turkey,2080,opt,bws,Ind,3.47606659498757,44,3,High (40-80%),Asia,Europe & Central Asia
TKM,Turkmenistan,2050,bau,bws,One,3.47494736861745,33,3,High (40-80%),Asia,Europe & Central Asia
THA,Thailand,2050,bau,bws,Ind,3.4742043259301,49,3,High (40-80%),Asia,East Asia & Pacific
KGZ,Kyrgyzstan,2030,opt,bws,Ind,3.47136748910264,45,3,High (40-80%),Asia,Europe & Central Asia
SLV,El Salvador,2080,bau,bws,Tot,3.47056012840738,53,3,High (40-80%),Americas,Latin America & Caribbean
ZAF,South Africa,2030,opt,bws,Liv,3.47037697643835,36,3,High (40-80%),Africa,Sub-Saharan Africa
SEN,Senegal,2080,bau,bws,One,3.46974664581913,44,3,High (40-80%),Africa,Sub-Saharan Africa
PRT,Portugal,2030,opt,bws,Dom,3.46961366122147,41,3,High (40-80%),Europe,Europe & Central Asia
PAK,Pakistan,2050,opt,bws,Liv,3.46888782379075,36,3,High (40-80%),Asia,South Asia
MAR,Morocco,2050,pes,bws,One,3.46816488383088,34,3,High (40-80%),Africa,Middle East & North Africa
TUR,Turkey,2030,pes,bws,Irr,3.46798851175835,45,3,High (40-80%),Asia,Europe & Central Asia
AFG,Afghanistan,2030,pes,bws,Tot,3.46748180398555,43,3,High (40-80%),Asia,South Asia
ALB,Albania,2050,pes,bws,Liv,3.46655395227539,38,3,High (40-80%),Europe,Europe & Central Asia
ALB,Albania,2030,pes,bws,Ind,3.46534249044145,42,3,High (40-80%),Europe,Europe & Central Asia
KGZ,Kyrgyzstan,2050,pes,bws,Tot,3.46447090950272,46,3,High (40-80%),Asia,Europe & Central Asia
BFA,Burkina Faso,2080,bau,bws,Tot,3.4636910313485,54,3,High (40-80%),Africa,Sub-Saharan Africa
LUX,Luxembourg,2050,pes,bws,Dom,3.46344027665074,44,3,High (40-80%),Europe,Europe & Central Asia
KGZ,Kyrgyzstan,2080,opt,bws,Tot,3.46151328202742,46,3,High (40-80%),Asia,Europe & Central Asia
MEX,Mexico,2080,bau,bws,Liv,3.46118804271862,45,3,High (40-80%),Americas,Latin America & Caribbean
UZB,Uzbekistan,2030,pes,bws,One,3.46084343371758,32,3,High (40-80%),Asia,Europe & Central Asia
NER,Niger,2030,opt,bws,Tot,3.46045628553518,44,3,High (40-80%),Africa,Sub-Saharan Africa
LSO,Lesotho,2050,bau,bws,Dom,3.46045258067384,45,3,High (40-80%),Africa,Sub-Saharan Africa
NER,Niger,2030,pes,bws,Dom,3.4604035859637,40,3,High (40-80%),Africa,Sub-Saharan Africa
KGZ,Kyrgyzstan,2030,bau,bws,Irr,3.46014938945707,43,3,High (40-80%),Asia,Europe & Central Asia
UZB,Uzbekistan,2080,opt,bws,One,3.46008886782356,35,3,High (40-80%),Asia,Europe & Central Asia
TUR,Turkey,2030,opt,bws,Dom,3.45986111199819,42,3,High (40-80%),Asia,Europe & Central Asia
MEX,Mexico,2050,opt,bws,Dom,3.45941676742688,40,3,High (40-80%),Americas,Latin America & Caribbean
MKD,Macedonia,2050,pes,bws,Irr,3.45899248412413,48,3,High (40-80%),Europe,Europe & Central Asia
LSO,Lesotho,2050,pes,bws,Tot,3.45898920785141,47,3,High (40-80%),Africa,Sub-Saharan Africa
UZB,Uzbekistan,2080,pes,bws,One,3.45836845060582,42,3,High (40-80%),Asia,Europe & Central Asia
MKD,Macedonia,2050,bau,bws,Ind,3.4573152048454,50,3,High (40-80%),Europe,Europe & Central Asia
TKM,Turkmenistan,2030,pes,bws,One,3.45649242852144,33,3,High (40-80%),Asia,Europe & Central Asia
ITA,Italy,2030,pes,bws,Tot,3.45492468012465,44,3,High (40-80%),Europe,Europe & Central Asia
ITA,Italy,2030,pes,bws,Ind,3.4543438416903,43,3,High (40-80%),Europe,Europe & Central Asia
ERI,Eritrea,2030,bau,bws,Irr,3.45407865678428,44,3,High (40-80%),Africa,Sub-Saharan Africa
IRQ,Iraq,2030,opt,bws,One,3.45157598949299,31,3,High (40-80%),Asia,Middle East & North Africa
MRT,Mauritania,2050,bau,bws,Liv,3.45107355289533,39,3,High (40-80%),Africa,Sub-Saharan Africa
MEX,Mexico,2080,opt,bws,Ind,3.44979006649953,45,3,High (40-80%),Americas,Latin America & Caribbean
KGZ,Kyrgyzstan,2050,bau,bws,Ind,3.44938160334388,51,3,High (40-80%),Asia,Europe & Central Asia
TUR,Turkey,2030,bau,bws,Irr,3.44898535299317,45,3,High (40-80%),Asia,Europe & Central Asia
MRT,Mauritania,2080,pes,bws,Irr,3.44838644847912,54,3,High (40-80%),Africa,Sub-Saharan Africa
ARM,Armenia,2080,pes,bws,Ind,3.44771847759315,51,3,High (40-80%),Asia,Europe & Central Asia
ZAF,South Africa,2050,opt,bws,Liv,3.44768762004394,37,3,High (40-80%),Africa,Sub-Saharan Africa
KGZ,Kyrgyzstan,2030,pes,bws,Ind,3.44706687412009,44,3,High (40-80%),Asia,Europe & Central Asia
THA,Thailand,2050,opt,bws,Ind,3.44667708026669,45,3,High (40-80%),Asia,East Asia & Pacific
MNG,Mongolia,2030,bau,bws,Dom,3.4461572958933,41,3,High (40-80%),Asia,East Asia & Pacific
MLI,Mali,2080,opt,bws,One,3.44592065048032,36,3,High (40-80%),Africa,Sub-Saharan Africa
KGZ,Kyrgyzstan,2030,bau,bws,Tot,3.44484406444686,41,3,High (40-80%),Asia,Europe & Central Asia
MKD,Macedonia,2080,opt,bws,Irr,3.44418288215687,47,3,High (40-80%),Europe,Europe & Central Asia
TKM,Turkmenistan,2050,pes,bws,One,3.44328003797672,35,3,High (40-80%),Asia,Europe & Central Asia
ESP,Spain,2030,pes,bws,Liv,3.44284569090365,36,3,High (40-80%),Europe,Europe & Central Asia
SEN,Senegal,2050,pes,bws,Tot,3.44271411867157,48,3,High (40-80%),Africa,Sub-Saharan Africa
MKD,Macedonia,2050,bau,bws,Dom,3.44266219841964,46,3,High (40-80%),Europe,Europe & Central Asia
ITA,Italy,2050,opt,bws,One,3.44115696116735,33,3,High (40-80%),Europe,Europe & Central Asia
MEX,Mexico,2080,bau,bws,One,3.44096079514375,45,3,High (40-80%),Americas,Latin America & Caribbean
MNG,Mongolia,2080,bau,bws,One,3.4396530799712,46,3,High (40-80%),Asia,East Asia & Pacific
ITA,Italy,2030,bau,bws,Tot,3.43785585696722,42,3,High (40-80%),Europe,Europe & Central Asia
MEX,Mexico,2050,pes,bws,Ind,3.43711938334659,46,3,High (40-80%),Americas,Latin America & Caribbean
ITA,Italy,2080,opt,bws,One,3.43690504955777,37,3,High (40-80%),Europe,Europe & Central Asia
MKD,Macedonia,2050,pes,bws,Tot,3.43642972906341,49,3,High (40-80%),Europe,Europe & Central Asia
KGZ,Kyrgyzstan,2030,opt,bws,Dom,3.43611704175942,43,3,High (40-80%),Asia,Europe & Central Asia
NER,Niger,2080,opt,bws,Irr,3.4349417968108,48,3,High (40-80%),Africa,Sub-Saharan Africa
MRT,Mauritania,2030,opt,bws,Dom,3.43479501373082,44,3,High (40-80%),Africa,Sub-Saharan Africa
LSO,Lesotho,2050,opt,bws,Dom,3.43474016921109,41,3,High (40-80%),Africa,Sub-Saharan Africa
ITA,Italy,2050,bau,bws,Irr,3.43392563466695,47,3,High (40-80%),Europe,Europe & Central Asia
UZB,Uzbekistan,2050,bau,bws,One,3.43373998238652,34,3,High (40-80%),Asia,Europe & Central Asia
ESP,Spain,2030,opt,bws,One,3.4336652239125,32,3,High (40-80%),Europe,Europe & Central Asia
LSO,Lesotho,2030,bau,bws,Tot,3.4310800790466,43,3,High (40-80%),Africa,Sub-Saharan Africa
ALB,Albania,2050,bau,bws,Liv,3.42765996042422,40,3,High (40-80%),Europe,Europe & Central Asia
TKM,Turkmenistan,2080,opt,bws,Dom,3.42726858605121,46,3,High (40-80%),Asia,Europe & Central Asia
NER,Niger,2080,bau,bws,Tot,3.42723752932266,55,3,High (40-80%),Africa,Sub-Saharan Africa
TKM,Turkmenistan,2050,bau,bws,Dom,3.42546558879148,47,3,High (40-80%),Asia,Europe & Central Asia
MKD,Macedonia,2080,opt,bws,Tot,3.42469806062563,48,3,High (40-80%),Europe,Europe & Central Asia
AFG,Afghanistan,2030,opt,bws,Irr,3.42430137419815,46,3,High (40-80%),Asia,South Asia
ARM,Armenia,2050,bau,bws,Dom,3.42428420404105,48,3,High (40-80%),Asia,Europe & Central Asia
TUR,Turkey,2030,pes,bws,Tot,3.42410262986454,45,3,High (40-80%),Asia,Europe & Central Asia
ALB,Albania,2030,bau,bws,Ind,3.42310058250069,41,3,High (40-80%),Europe,Europe & Central Asia
LUX,Luxembourg,2050,opt,bws,Irr,3.42193363882642,46,3,High (40-80%),Europe,Europe & Central Asia
TUR,Turkey,2030,bau,bws,Tot,3.42161217701584,44,3,High (40-80%),Asia,Europe & Central Asia
KGZ,Kyrgyzstan,2030,pes,bws,Dom,3.42139751707145,41,3,High (40-80%),Asia,Europe & Central Asia
ITA,Italy,2030,bau,bws,Ind,3.4209935694248,42,3,High (40-80%),Europe,Europe & Central Asia
MRT,Mauritania,2050,opt,bws,Dom,3.42087606917459,42,3,High (40-80%),Africa,Sub-Saharan Africa
MKD,Macedonia,2030,opt,bws,Irr,3.42061504403366,47,3,High (40-80%),Europe,Europe & Central Asia
LUX,Luxembourg,2050,opt,bws,Liv,3.41854019726809,38,3,High (40-80%),Europe,Europe & Central Asia
ALB,Albania,2080,opt,bws,Liv,3.41811615329374,39,3,High (40-80%),Europe,Europe & Central Asia
TKM,Turkmenistan,2030,pes,bws,Dom,3.41772499406712,42,3,High (40-80%),Asia,Europe & Central Asia
ITA,Italy,2030,bau,bws,Irr,3.41760303011638,46,3,High (40-80%),Europe,Europe & Central Asia
TKM,Turkmenistan,2030,opt,bws,One,3.41739031284761,33,3,High (40-80%),Asia,Europe & Central Asia
ITA,Italy,2030,opt,bws,Irr,3.41738443033724,48,3,High (40-80%),Europe,Europe & Central Asia
KGZ,Kyrgyzstan,2050,bau,bws,Tot,3.41730291918495,49,3,High (40-80%),Asia,Europe & Central Asia
KGZ,Kyrgyzstan,2050,bau,bws,Irr,3.41711205308721,48,3,High (40-80%),Asia,Europe & Central Asia
AFG,Afghanistan,2080,opt,bws,Irr,3.41679446752622,49,3,High (40-80%),Asia,South Asia
ESP,Spain,2030,bau,bws,Liv,3.41541898579147,35,3,High (40-80%),Europe,Europe & Central Asia
MKD,Macedonia,2050,bau,bws,Liv,3.41526707485072,41,3,High (40-80%),Europe,Europe & Central Asia
MNG,Mongolia,2050,pes,bws,One,3.41449767799673,36,3,High (40-80%),Asia,East Asia & Pacific
PER,Peru,2080,bau,bws,Ind,3.41413967994924,55,3,High (40-80%),Americas,Latin America & Caribbean
AFG,Afghanistan,2030,bau,bws,Irr,3.41385099997369,47,3,High (40-80%),Asia,South Asia
KGZ,Kyrgyzstan,2080,opt,bws,Ind,3.4125065926227,46,3,High (40-80%),Asia,Europe & Central Asia
MKD,Macedonia,2050,pes,bws,Ind,3.41223814351422,48,3,High (40-80%),Europe,Europe & Central Asia
ARM,Armenia,2080,pes,bws,Tot,3.41222308620141,53,3,High (40-80%),Asia,Europe & Central Asia
THA,Thailand,2030,bau,bws,Ind,3.41082217971534,43,3,High (40-80%),Asia,East Asia & Pacific
AUS,Australia,2080,pes,bws,Irr,3.40775576428835,55,3,High (40-80%),Oceania,East Asia & Pacific
PRT,Portugal,2030,bau,bws,Tot,3.40712062591571,45,3,High (40-80%),Europe,Europe & Central Asia
KGZ,Kyrgyzstan,2030,bau,bws,Ind,3.40673770640839,44,3,High (40-80%),Asia,Europe & Central Asia
MNG,Mongolia,2050,pes,bws,Dom,3.40587799217524,45,3,High (40-80%),Asia,East Asia & Pacific
MKD,Macedonia,2080,opt,bws,Ind,3.40560502934329,47,3,High (40-80%),Europe,Europe & Central Asia
PRT,Portugal,2030,bau,bws,Ind,3.40465612189229,45,3,High (40-80%),Europe,Europe & Central Asia
LSO,Lesotho,2030,opt,bws,Tot,3.40429071200334,46,3,High (40-80%),Africa,Sub-Saharan Africa
PRT,Portugal,2050,bau,bws,Liv,3.40419242972345,42,3,High (40-80%),Europe,Europe & Central Asia
AUS,Australia,2080,pes,bws,Ind,3.40415610460185,52,3,High (40-80%),Oceania,East Asia & Pacific
TUR,Turkey,2080,bau,bws,One,3.40399143793801,47,3,High (40-80%),Asia,Europe & Central Asia
MNG,Mongolia,2080,pes,bws,Dom,3.40394733486408,50,3,High (40-80%),Asia,East Asia & Pacific
ARM,Armenia,2080,pes,bws,Dom,3.40350570536598,51,3,High (40-80%),Asia,Europe & Central Asia
KGZ,Kyrgyzstan,2050,pes,bws,Ind,3.40169393923916,49,3,High (40-80%),Asia,Europe & Central Asia
AUS,Australia,2050,bau,bws,Dom,3.40160059701256,49,3,High (40-80%),Oceania,East Asia & Pacific
SLV,El Salvador,2080,bau,bws,Dom,3.40052661164209,51,3,High (40-80%),Americas,Latin America & Caribbean
UZB,Uzbekistan,2030,opt,bws,One,3.39797919819548,34,3,High (40-80%),Asia,Europe & Central Asia
PER,Peru,2080,bau,bws,Tot,3.39789278985826,56,3,High (40-80%),Americas,Latin America & Caribbean
ARM,Armenia,2050,bau,bws,Tot,3.39775344073208,50,3,High (40-80%),Asia,Europe & Central Asia
THA,Thailand,2080,pes,bws,Dom,3.39770187242666,52,3,High (40-80%),Asia,East Asia & Pacific
MKD,Macedonia,2050,pes,bws,Dom,3.39756220294113,46,3,High (40-80%),Europe,Europe & Central Asia
MNG,Mongolia,2030,opt,bws,One,3.39545091621799,35,3,High (40-80%),Asia,East Asia & Pacific
ZWE,Zimbabwe,2050,pes,bws,Ind,3.3945071303927,50,3,High (40-80%),Africa,Sub-Saharan Africa
ALB,Albania,2050,pes,bws,One,3.39327352746869,37,3,High (40-80%),Europe,Europe & Central Asia
THA,Thailand,2030,opt,bws,Ind,3.39317170797582,46,3,High (40-80%),Asia,East Asia & Pacific
MKD,Macedonia,2080,opt,bws,Dom,3.39231748337561,47,3,High (40-80%),Europe,Europe & Central Asia
ITA,Italy,2030,pes,bws,Irr,3.39001200415326,46,3,High (40-80%),Europe,Europe & Central Asia
TUR,Turkey,2030,bau,bws,Dom,3.38972812810232,42,3,High (40-80%),Asia,Europe & Central Asia
THA,Thailand,2050,pes,bws,Ind,3.38841251085773,51,3,High (40-80%),Asia,East Asia & Pacific
MKD,Macedonia,2030,opt,bws,Tot,3.38781643949569,47,3,High (40-80%),Europe,Europe & Central Asia
ERI,Eritrea,2080,opt,bws,Ind,3.38734078622385,48,3,High (40-80%),Africa,Sub-Saharan Africa
ALB,Albania,2030,opt,bws,Liv,3.38719684376903,37,3,High (40-80%),Europe,Europe & Central Asia
AFG,Afghanistan,2030,opt,bws,Tot,3.38678542576624,48,3,High (40-80%),Asia,South Asia
MRT,Mauritania,2080,opt,bws,Liv,3.38651422382184,40,3,High (40-80%),Africa,Sub-Saharan Africa
MLI,Mali,2080,bau,bws,One,3.38618296118239,48,3,High (40-80%),Africa,Sub-Saharan Africa
SEN,Senegal,2050,pes,bws,Irr,3.38406509148627,49,3,High (40-80%),Africa,Sub-Saharan Africa
MAR,Morocco,2080,opt,bws,One,3.38395345213696,38,3,High (40-80%),Africa,Middle East & North Africa
KGZ,Kyrgyzstan,2080,bau,bws,Liv,3.38217676837278,46,3,High (40-80%),Asia,Europe & Central Asia
ERI,Eritrea,2080,opt,bws,Tot,3.38214986612337,49,3,High (40-80%),Africa,Sub-Saharan Africa
LUX,Luxembourg,2050,pes,bws,Liv,3.38191241507706,39,3,High (40-80%),Europe,Europe & Central Asia
TUR,Turkey,2050,bau,bws,Liv,3.37992694108589,43,3,High (40-80%),Asia,Europe & Central Asia
LUX,Luxembourg,2050,pes,bws,Irr,3.37888966664453,50,3,High (40-80%),Europe,Europe & Central Asia
ZAF,South Africa,2030,pes,bws,Liv,3.37880731106028,37,3,High (40-80%),Africa,Sub-Saharan Africa
LUX,Luxembourg,2080,opt,bws,Ind,3.37834767866271,49,3,High (40-80%),Europe,Europe & Central Asia
PRT,Portugal,2030,pes,bws,Tot,3.37715760968228,46,3,High (40-80%),Europe,Europe & Central Asia
MNG,Mongolia,2030,pes,bws,One,3.37635080921139,34,3,High (40-80%),Asia,East Asia & Pacific
LSO,Lesotho,2080,bau,bws,Liv,3.3759178073332,47,3,High (40-80%),Africa,Sub-Saharan Africa
AFG,Afghanistan,2030,bau,bws,Tot,3.37485477260007,46,3,High (40-80%),Asia,South Asia
KGZ,Kyrgyzstan,2030,bau,bws,Dom,3.37449262580953,43,3,High (40-80%),Asia,Europe & Central Asia
MAR,Morocco,2050,bau,bws,One,3.3742942137894,35,3,High (40-80%),Africa,Middle East & North Africa
LUX,Luxembourg,2080,opt,bws,Tot,3.37344677839541,50,3,High (40-80%),Europe,Europe & Central Asia
TKM,Turkmenistan,2030,opt,bws,Dom,3.3734054655253,45,3,High (40-80%),Asia,Europe & Central Asia
KGZ,Kyrgyzstan,2080,pes,bws,Liv,3.37296893282026,44,3,High (40-80%),Asia,Europe & Central Asia
BFA,Burkina Faso,2080,opt,bws,Dom,3.37095066095109,48,3,High (40-80%),Africa,Sub-Saharan Africa
KGZ,Kyrgyzstan,2050,bau,bws,Dom,3.3707073981191,50,3,High (40-80%),Asia,Europe & Central Asia
ITA,Italy,2050,opt,bws,Liv,3.36734989458645,39,3,High (40-80%),Europe,Europe & Central Asia
MKD,Macedonia,2050,pes,bws,Liv,3.36677208959688,40,3,High (40-80%),Europe,Europe & Central Asia
UZB,Uzbekistan,2030,bau,bws,One,3.36671842897713,34,3,High (40-80%),Asia,Europe & Central Asia
ALB,Albania,2050,bau,bws,One,3.36640922217248,36,3,High (40-80%),Europe,Europe & Central Asia
MNG,Mongolia,2080,pes,bws,One,3.36630377791528,43,3,High (40-80%),Asia,East Asia & Pacific
AFG,Afghanistan,2080,pes,bws,One,3.36612826778342,44,3,High (40-80%),Asia,South Asia
TUR,Turkey,2030,pes,bws,Dom,3.36206361345522,43,3,High (40-80%),Asia,Europe & Central Asia
TUR,Turkey,2030,opt,bws,Ind,3.36019580558256,47,3,High (40-80%),Asia,Europe & Central Asia
MRT,Mauritania,2030,bau,bws,Dom,3.36009678611915,44,3,High (40-80%),Africa,Sub-Saharan Africa
TZA,Tanzania,2050,bau,bws,Irr,3.35973878411309,49,3,High (40-80%),Africa,Sub-Saharan Africa
SEN,Senegal,2050,bau,bws,Tot,3.35887993025674,51,3,High (40-80%),Africa,Sub-Saharan Africa
TUR,Turkey,2050,opt,bws,Irr,3.35858965824866,47,3,High (40-80%),Asia,Europe & Central Asia
MKD,Macedonia,2080,opt,bws,Liv,3.3582736943442,41,3,High (40-80%),Europe,Europe & Central Asia
MKD,Macedonia,2030,opt,bws,Ind,3.35779226648774,48,3,High (40-80%),Europe,Europe & Central Asia
TUR,Turkey,2080,pes,bws,One,3.35734296875967,45,3,High (40-80%),Asia,Europe & Central Asia
KGZ,Kyrgyzstan,2050,opt,bws,Irr,3.3568477553823,48,3,High (40-80%),Asia,Europe & Central Asia
NER,Niger,2080,pes,bws,Liv,3.35672407969983,45,3,High (40-80%),Africa,Sub-Saharan Africa
SLV,El Salvador,2080,bau,bws,Ind,3.35616011744725,56,3,High (40-80%),Americas,Latin America & Caribbean
NPL,Nepal,2080,pes,bws,Irr,3.35600897751091,56,3,High (40-80%),Asia,South Asia
ALB,Albania,2080,opt,bws,One,3.35475973992611,39,3,High (40-80%),Europe,Europe & Central Asia
IRQ,Iraq,2030,pes,bws,One,3.35431988660136,35,3,High (40-80%),Asia,Middle East & North Africa
LUX,Luxembourg,2050,bau,bws,One,3.35282451543077,37,3,High (40-80%),Europe,Europe & Central Asia
THA,Thailand,2080,opt,bws,Ind,3.35223692215084,50,3,High (40-80%),Asia,East Asia & Pacific
THA,Thailand,2080,bau,bws,Ind,3.35112016812879,57,3,High (40-80%),Asia,East Asia & Pacific
PER,Peru,2050,bau,bws,Ind,3.35096591496672,52,3,High (40-80%),Americas,Latin America & Caribbean
PRT,Portugal,2030,pes,bws,Ind,3.35072848838734,45,3,High (40-80%),Europe,Europe & Central Asia
ERI,Eritrea,2050,opt,bws,Tot,3.35064126073623,45,3,High (40-80%),Africa,Sub-Saharan Africa
NER,Niger,2030,opt,bws,Irr,3.35060517608004,49,3,High (40-80%),Africa,Sub-Saharan Africa
TKM,Turkmenistan,2030,bau,bws,Dom,3.35039835539086,45,3,High (40-80%),Asia,Europe & Central Asia
KGZ,Kyrgyzstan,2080,opt,bws,Dom,3.34917515956888,49,3,High (40-80%),Asia,Europe & Central Asia
MNG,Mongolia,2050,opt,bws,Dom,3.34899299207711,43,3,High (40-80%),Asia,East Asia & Pacific
TKM,Turkmenistan,2030,bau,bws,One,3.34881401031554,35,3,High (40-80%),Asia,Europe & Central Asia
TKM,Turkmenistan,2050,opt,bws,One,3.34708182367327,34,3,High (40-80%),Asia,Europe & Central Asia
UZB,Uzbekistan,2050,pes,bws,One,3.34686332303274,38,3,High (40-80%),Asia,Europe & Central Asia
IRQ,Iraq,2030,bau,bws,Liv,3.34677019883435,36,3,High (40-80%),Asia,Middle East & North Africa
PRT,Portugal,2030,pes,bws,Irr,3.34633975836813,47,3,High (40-80%),Europe,Europe & Central Asia
ARM,Armenia,2080,pes,bws,Irr,3.34597188133016,57,3,High (40-80%),Asia,Europe & Central Asia
MRT,Mauritania,2080,pes,bws,Liv,3.34567736599403,46,3,High (40-80%),Africa,Sub-Saharan Africa
BFA,Burkina Faso,2080,bau,bws,Dom,3.34540880115119,52,3,High (40-80%),Africa,Sub-Saharan Africa
SEN,Senegal,2050,opt,bws,Tot,3.3435207507218,46,3,High (40-80%),Africa,Sub-Saharan Africa
AGO,Angola,2080,opt,bws,Irr,3.34334381759039,50,3,High (40-80%),Africa,Sub-Saharan Africa
MKD,Macedonia,2030,opt,bws,Dom,3.34245006836176,46,3,High (40-80%),Europe,Europe & Central Asia
THA,Thailand,2080,pes,bws,Liv,3.34184491632179,47,3,High (40-80%),Asia,East Asia & Pacific
NPL,Nepal,2080,pes,bws,Ind,3.34183312185772,53,3,High (40-80%),Asia,South Asia
SEN,Senegal,2030,opt,bws,Liv,3.34124357972993,38,3,High (40-80%),Africa,Sub-Saharan Africa
ITA,Italy,2080,bau,bws,Liv,3.34097205733431,48,3,High (40-80%),Europe,Europe & Central Asia
PRT,Portugal,2030,bau,bws,Irr,3.33885509281278,48,3,High (40-80%),Europe,Europe & Central Asia
KGZ,Kyrgyzstan,2050,pes,bws,Dom,3.33839464603798,47,3,High (40-80%),Asia,Europe & Central Asia
KEN,Kenya,2080,bau,bws,Irr,3.33801818123771,56,3,High (40-80%),Africa,Sub-Saharan Africa
MEX,Mexico,2030,bau,bws,Ind,3.33752789714756,47,3,High (40-80%),Americas,Latin America & Caribbean
KGZ,Kyrgyzstan,2050,opt,bws,Tot,3.33709994756458,47,3,High (40-80%),Asia,Europe & Central Asia
ESP,Spain,2030,opt,bws,Liv,3.33704024192714,39,3,High (40-80%),Europe,Europe & Central Asia
ERI,Eritrea,2030,pes,bws,Dom,3.33604048196248,44,3,High (40-80%),Africa,Sub-Saharan Africa
MNG,Mongolia,2080,bau,bws,Tot,3.33513533689749,57,3,High (40-80%),Asia,East Asia & Pacific
THA,Thailand,2050,bau,bws,Liv,3.33415104700218,44,3,High (40-80%),Asia,East Asia & Pacific
IRQ,Iraq,2030,opt,bws,Liv,3.33348522969664,40,3,High (40-80%),Asia,Middle East & North Africa
SEN,Senegal,2080,opt,bws,Irr,3.33244239844829,51,3,High (40-80%),Africa,Sub-Saharan Africa
LUX,Luxembourg,2080,opt,bws,Dom,3.33224532831167,50,3,High (40-80%),Europe,Europe & Central Asia
TUR,Turkey,2050,opt,bws,Tot,3.33094444068823,48,3,High (40-80%),Asia,Europe & Central Asia
LUX,Luxembourg,2030,pes,bws,One,3.33070063863769,36,3,High (40-80%),Europe,Europe & Central Asia
SEN,Senegal,2050,opt,bws,Dom,3.32875301385748,44,3,High (40-80%),Africa,Sub-Saharan Africa
AFG,Afghanistan,2050,pes,bws,One,3.32819057957687,39,3,High (40-80%),Asia,South Asia
MNG,Mongolia,2080,opt,bws,One,3.32728657584078,40,3,High (40-80%),Asia,East Asia & Pacific
ALB,Albania,2030,opt,bws,One,3.32680934611224,36,3,High (40-80%),Europe,Europe & Central Asia
ITA,Italy,2050,bau,bws,One,3.32519554999161,38,3,High (40-80%),Europe,Europe & Central Asia
MEX,Mexico,2080,pes,bws,Liv,3.32479946032894,48,3,High (40-80%),Americas,Latin America & Caribbean
MRT,Mauritania,2030,pes,bws,Dom,3.32465825654179,45,3,High (40-80%),Africa,Sub-Saharan Africa
TUR,Turkey,2050,opt,bws,Dom,3.32440964935924,45,3,High (40-80%),Asia,Europe & Central Asia
ZWE,Zimbabwe,2080,bau,bws,Irr,3.32417796888735,57,3,High (40-80%),Africa,Sub-Saharan Africa
KAZ,Kazakhstan,2080,bau,bws,Irr,3.32410313355692,58,3,High (40-80%),Asia,Europe & Central Asia
AFG,Afghanistan,2080,opt,bws,Tot,3.32408704268046,51,3,High (40-80%),Asia,South Asia
AUS,Australia,2050,opt,bws,Dom,3.32273059706052,46,3,High (40-80%),Oceania,East Asia & Pacific
MEX,Mexico,2030,pes,bws,Ind,3.32089978300652,46,3,High (40-80%),Americas,Latin America & Caribbean
MKD,Macedonia,2030,opt,bws,Liv,3.32011259570851,41,3,High (40-80%),Europe,Europe & Central Asia
ITA,Italy,2080,opt,bws,Liv,3.31921718931971,42,3,High (40-80%),Europe,Europe & Central Asia
BFA,Burkina Faso,2080,opt,bws,Tot,3.31903681669367,52,3,High (40-80%),Africa,Sub-Saharan Africa
MNG,Mongolia,2050,opt,bws,One,3.31857006007522,35,3,High (40-80%),Asia,East Asia & Pacific
MKD,Macedonia,2050,bau,bws,One,3.31681824575609,39,3,High (40-80%),Europe,Europe & Central Asia
SEN,Senegal,2030,opt,bws,Tot,3.31671583539489,49,3,High (40-80%),Africa,Sub-Saharan Africa
NER,Niger,2080,bau,bws,Irr,3.31490933259605,59,3,High (40-80%),Africa,Sub-Saharan Africa
ITA,Italy,2050,pes,bws,One,3.31355393116976,40,3,High (40-80%),Europe,Europe & Central Asia
KAZ,Kazakhstan,2080,pes,bws,Irr,3.31304937423334,58,3,High (40-80%),Asia,Europe & Central Asia
NER,Niger,2050,opt,bws,One,3.31259640375792,36,3,High (40-80%),Africa,Sub-Saharan Africa
THA,Thailand,2050,bau,bws,Dom,3.31053282964049,51,3,High (40-80%),Asia,East Asia & Pacific
ARM,Armenia,2050,bau,bws,Irr,3.30961264194737,50,3,High (40-80%),Asia,Europe & Central Asia
AFG,Afghanistan,2050,opt,bws,Irr,3.30831872043192,49,3,High (40-80%),Asia,South Asia
PRT,Portugal,2030,opt,bws,Tot,3.30733178952061,50,3,High (40-80%),Europe,Europe & Central Asia
KGZ,Kyrgyzstan,2050,opt,bws,Ind,3.30648004159224,46,3,High (40-80%),Asia,Europe & Central Asia
BFA,Burkina Faso,2080,pes,bws,Tot,3.30535250547509,54,3,High (40-80%),Africa,Sub-Saharan Africa
ARM,Armenia,2030,opt,bws,Ind,3.30295096659603,49,3,High (40-80%),Asia,Europe & Central Asia
MNG,Mongolia,2030,pes,bws,Dom,3.30279310516742,46,3,High (40-80%),Asia,East Asia & Pacific
ARM,Armenia,2030,bau,bws,Ind,3.30278459262186,48,3,High (40-80%),Asia,Europe & Central Asia
MLI,Mali,2030,bau,bws,One,3.29786586294176,36,3,High (40-80%),Africa,Sub-Saharan Africa
MNG,Mongolia,2030,bau,bws,Tot,3.29689578417689,48,3,High (40-80%),Asia,East Asia & Pacific
TUR,Turkey,2030,bau,bws,Ind,3.29644739980661,49,3,High (40-80%),Asia,Europe & Central Asia
NPL,Nepal,2050,pes,bws,Irr,3.29516371744538,51,3,High (40-80%),Asia,South Asia
NER,Niger,2080,pes,bws,Dom,3.29512507845858,53,3,High (40-80%),Africa,Sub-Saharan Africa
AFG,Afghanistan,2050,bau,bws,One,3.29492875642288,41,3,High (40-80%),Asia,South Asia
ERI,Eritrea,2050,bau,bws,Irr,3.29397638032145,51,3,High (40-80%),Africa,Sub-Saharan Africa
ARM,Armenia,2030,pes,bws,Ind,3.29329192452213,48,3,High (40-80%),Asia,Europe & Central Asia
MEX,Mexico,2030,opt,bws,Ind,3.29327343764452,50,3,High (40-80%),Americas,Latin America & Caribbean
ERI,Eritrea,2030,opt,bws,Tot,3.29171116943286,51,3,High (40-80%),Africa,Sub-Saharan Africa
SEN,Senegal,2030,bau,bws,Dom,3.29121379310674,46,3,High (40-80%),Africa,Sub-Saharan Africa
PRT,Portugal,2030,opt,bws,Irr,3.29031258039148,50,3,High (40-80%),Europe,Europe & Central Asia
LSO,Lesotho,2030,pes,bws,Tot,3.28943648734925,47,3,High (40-80%),Africa,Sub-Saharan Africa
AUS,Australia,2080,opt,bws,Ind,3.28849763388816,51,3,High (40-80%),Oceania,East Asia & Pacific
AUS,Australia,2080,bau,bws,Dom,3.28814714821187,53,3,High (40-80%),Oceania,East Asia & Pacific
TJK,Tajikistan,2080,bau,bws,Ind,3.28813914336598,58,3,High (40-80%),Asia,Europe & Central Asia
PHL,Philippines,2080,bau,bws,Ind,3.28739187309916,59,3,High (40-80%),Asia,East Asia & Pacific
ITA,Italy,2030,opt,bws,One,3.2869485687368,37,3,High (40-80%),Europe,Europe & Central Asia
NER,Niger,2050,bau,bws,Tot,3.28630145338234,52,3,High (40-80%),Africa,Sub-Saharan Africa
NPL,Nepal,2050,pes,bws,Ind,3.28417821704493,52,3,High (40-80%),Asia,South Asia
UZB,Uzbekistan,2050,opt,bws,One,3.28346514605657,37,3,High (40-80%),Asia,Europe & Central Asia
NER,Niger,2050,bau,bws,One,3.28267084538227,42,3,High (40-80%),Africa,Sub-Saharan Africa
THA,Thailand,2030,pes,bws,Ind,3.28126761009797,49,3,High (40-80%),Asia,East Asia & Pacific
MNG,Mongolia,2080,opt,bws,Irr,3.28104288631121,52,3,High (40-80%),Asia,East Asia & Pacific
IRQ,Iraq,2030,pes,bws,Liv,3.28054712979717,38,3,High (40-80%),Asia,Middle East & North Africa
ALB,Albania,2050,opt,bws,Liv,3.28016571626961,40,3,High (40-80%),Europe,Europe & Central Asia
MLI,Mali,2050,bau,bws,One,3.27908405439027,43,3,High (40-80%),Africa,Sub-Saharan Africa
SEN,Senegal,2080,pes,bws,One,3.27677850642126,46,3,High (40-80%),Africa,Sub-Saharan Africa
ARM,Armenia,2030,opt,bws,Dom,3.27576167261756,47,3,High (40-80%),Asia,Europe & Central Asia
ARM,Armenia,2030,bau,bws,Dom,3.27563218895798,47,3,High (40-80%),Asia,Europe & Central Asia
LSO,Lesotho,2080,opt,bws,One,3.27522766362211,42,3,High (40-80%),Africa,Sub-Saharan Africa
PRT,Portugal,2050,bau,bws,One,3.27487202362684,44,3,High (40-80%),Europe,Europe & Central Asia
PRT,Portugal,2030,opt,bws,Ind,3.27474643508611,51,3,High (40-80%),Europe,Europe & Central Asia
PER,Peru,2050,pes,bws,Ind,3.27373113815598,53,3,High (40-80%),Americas,Latin America & Caribbean
PER,Peru,2030,bau,bws,Ind,3.27303731108019,50,3,High (40-80%),Americas,Latin America & Caribbean
TKM,Turkmenistan,2050,opt,bws,Dom,3.27273907472383,47,3,High (40-80%),Asia,Europe & Central Asia
THA,Thailand,2050,opt,bws,Dom,3.27089503841085,48,3,High (40-80%),Asia,East Asia & Pacific
NER,Niger,2050,pes,bws,Liv,3.26958412932243,41,3,High (40-80%),Africa,Sub-Saharan Africa
MEX,Mexico,2050,opt,bws,Ind,3.268974147238,47,3,High (40-80%),Americas,Latin America & Caribbean
LUX,Luxembourg,2030,bau,bws,One,3.26875823230548,37,3,High (40-80%),Europe,Europe & Central Asia
MNG,Mongolia,2050,opt,bws,Tot,3.26800591653119,49,3,High (40-80%),Asia,East Asia & Pacific
LSO,Lesotho,2050,pes,bws,Dom,3.26505833420351,48,3,High (40-80%),Africa,Sub-Saharan Africa
MLI,Mali,2030,opt,bws,One,3.26452268072181,38,3,High (40-80%),Africa,Sub-Saharan Africa
ITA,Italy,2050,pes,bws,Liv,3.26388876061861,42,3,High (40-80%),Europe,Europe & Central Asia
LUX,Luxembourg,2080,opt,bws,Irr,3.26355891615743,53,3,High (40-80%),Europe,Europe & Central Asia
ARM,Armenia,2030,pes,bws,Dom,3.26207091562993,47,3,High (40-80%),Asia,Europe & Central Asia
LUX,Luxembourg,2050,bau,bws,Ind,3.26075552996129,53,3,High (40-80%),Europe,Europe & Central Asia
ITA,Italy,2050,bau,bws,Liv,3.26069691514814,45,3,High (40-80%),Europe,Europe & Central Asia
LSO,Lesotho,2080,pes,bws,Liv,3.26068492844128,49,3,High (40-80%),Africa,Sub-Saharan Africa
THA,Thailand,2050,opt,bws,Liv,3.26039151533045,41,3,High (40-80%),Asia,East Asia & Pacific
TUR,Turkey,2050,pes,bws,Liv,3.26032700422857,43,3,High (40-80%),Asia,Europe & Central Asia
LUX,Luxembourg,2050,bau,bws,Tot,3.25894460096271,53,3,High (40-80%),Europe,Europe & Central Asia
MKD,Macedonia,2050,pes,bws,One,3.25891133691999,41,3,High (40-80%),Europe,Europe & Central Asia
PER,Peru,2050,opt,bws,Ind,3.25884756633675,48,3,High (40-80%),Americas,Latin America & Caribbean
ITA,Italy,2030,pes,bws,One,3.2571392623968,37,3,High (40-80%),Europe,Europe & Central Asia
LUX,Luxembourg,2080,opt,bws,Liv,3.25675380921382,43,3,High (40-80%),Europe,Europe & Central Asia
AZE,Azerbaijan,2080,bau,bws,Ind,3.25626064209825,60,3,High (40-80%),Asia,Europe & Central Asia
BFA,Burkina Faso,2080,opt,bws,Liv,3.25545647674052,44,3,High (40-80%),Africa,Sub-Saharan Africa
MKD,Macedonia,2080,opt,bws,One,3.25535604470038,43,3,High (40-80%),Europe,Europe & Central Asia
SEN,Senegal,2050,pes,bws,Liv,3.25509341630648,44,3,High (40-80%),Africa,Sub-Saharan Africa
MNG,Mongolia,2050,pes,bws,Tot,3.25207924338411,51,3,High (40-80%),Asia,East Asia & Pacific
ERI,Eritrea,2080,bau,bws,Irr,3.25186940684786,60,3,High (40-80%),Africa,Sub-Saharan Africa
SEN,Senegal,2030,opt,bws,Irr,3.25171660392478,51,3,High (40-80%),Africa,Sub-Saharan Africa
SEN,Senegal,2050,bau,bws,Irr,3.25131066455501,52,3,High (40-80%),Africa,Sub-Saharan Africa
MKD,Macedonia,2030,pes,bws,Irr,3.25083634389083,48,3,High (40-80%),Europe,Europe & Central Asia
TUR,Turkey,2030,pes,bws,Ind,3.24860352199578,50,3,High (40-80%),Asia,Europe & Central Asia
ERI,Eritrea,2050,pes,bws,Irr,3.24816071016803,52,3,High (40-80%),Africa,Sub-Saharan Africa
NPL,Nepal,2080,pes,bws,Tot,3.24756761577222,55,3,High (40-80%),Asia,South Asia
AZE,Azerbaijan,2080,bau,bws,Liv,3.24751321391999,49,3,High (40-80%),Asia,Europe & Central Asia
NPL,Nepal,2080,bau,bws,Irr,3.24719278430582,61,3,High (40-80%),Asia,South Asia
MLI,Mali,2030,pes,bws,One,3.246699644921,38,3,High (40-80%),Africa,Sub-Saharan Africa
LUX,Luxembourg,2050,bau,bws,Dom,3.2445665472459,52,3,High (40-80%),Europe,Europe & Central Asia
ITA,Italy,2030,bau,bws,One,3.24456408316009,38,3,High (40-80%),Europe,Europe & Central Asia
MNG,Mongolia,2080,pes,bws,Tot,3.24374627783306,56,3,High (40-80%),Asia,East Asia & Pacific
MNG,Mongolia,2030,opt,bws,Dom,3.24124595028162,48,3,High (40-80%),Asia,East Asia & Pacific
AUS,Australia,2050,pes,bws,Tot,3.2404412696021,52,3,High (40-80%),Oceania,East Asia & Pacific
NPL,Nepal,2030,opt,bws,Irr,3.23966076052687,52,3,High (40-80%),Asia,South Asia
KGZ,Kyrgyzstan,2050,opt,bws,Dom,3.2387463409268,49,3,High (40-80%),Asia,Europe & Central Asia
NER,Niger,2080,pes,bws,One,3.23802956512553,47,3,High (40-80%),Africa,Sub-Saharan Africa
LUX,Luxembourg,2030,pes,bws,Ind,3.23792796965205,51,3,High (40-80%),Europe,Europe & Central Asia
COG,Republic of Congo,2080,bau,bws,Irr,3.23702112361344,63,3,High (40-80%),Africa,Sub-Saharan Africa
PER,Peru,2030,pes,bws,Ind,3.23678890135901,52,3,High (40-80%),Americas,Latin America & Caribbean
THA,Thailand,2050,pes,bws,Liv,3.23579820615909,45,3,High (40-80%),Asia,East Asia & Pacific
ZWE,Zimbabwe,2080,pes,bws,Ind,3.23534216633597,54,3,High (40-80%),Africa,Sub-Saharan Africa
LUX,Luxembourg,2030,pes,bws,Tot,3.23518439174363,48,3,High (40-80%),Europe,Europe & Central Asia
SEN,Senegal,2050,opt,bws,Irr,3.23510987218278,50,3,High (40-80%),Africa,Sub-Saharan Africa
NPL,Nepal,2030,opt,bws,Ind,3.23413209780481,52,3,High (40-80%),Asia,South Asia
MLI,Mali,2050,opt,bws,One,3.23388991678923,38,3,High (40-80%),Africa,Sub-Saharan Africa
MKD,Macedonia,2030,bau,bws,Irr,3.23383623306179,49,3,High (40-80%),Europe,Europe & Central Asia
PRT,Portugal,2080,opt,bws,Liv,3.23336935162737,45,3,High (40-80%),Europe,Europe & Central Asia
MEX,Mexico,2080,opt,bws,One,3.23293130673597,44,3,High (40-80%),Americas,Latin America & Caribbean
AFG,Afghanistan,2050,opt,bws,Tot,3.23253700141869,50,3,High (40-80%),Asia,South Asia
THA,Thailand,2080,opt,bws,Liv,3.23097128874144,46,3,High (40-80%),Asia,East Asia & Pacific
ARM,Armenia,2050,pes,bws,Ind,3.22923252367226,54,3,High (40-80%),Asia,Europe & Central Asia
PER,Peru,2080,opt,bws,Ind,3.22920434342253,52,3,High (40-80%),Americas,Latin America & Caribbean
NER,Niger,2030,pes,bws,Tot,3.22722178458857,50,3,High (40-80%),Africa,Sub-Saharan Africa
AFG,Afghanistan,2080,bau,bws,Dom,3.22518666996404,54,3,High (40-80%),Asia,South Asia
THA,Thailand,2030,opt,bws,Liv,3.22484729694384,42,3,High (40-80%),Asia,East Asia & Pacific
PER,Peru,2030,opt,bws,Ind,3.22366222458653,53,3,High (40-80%),Americas,Latin America & Caribbean
TUR,Turkey,2050,opt,bws,Ind,3.22364675835924,49,3,High (40-80%),Asia,Europe & Central Asia
MKD,Macedonia,2030,opt,bws,One,3.22081491975341,40,3,High (40-80%),Europe,Europe & Central Asia
AUS,Australia,2080,opt,bws,Tot,3.22074375808008,53,3,High (40-80%),Oceania,East Asia & Pacific
TUR,Turkey,2080,opt,bws,Liv,3.22064643558066,47,3,High (40-80%),Asia,Europe & Central Asia
NPL,Nepal,2050,opt,bws,Irr,3.21931828586903,51,3,High (40-80%),Asia,South Asia
ERI,Eritrea,2080,opt,bws,Dom,3.21922122524689,51,3,High (40-80%),Africa,Sub-Saharan Africa
ITA,Italy,2030,opt,bws,Liv,3.21833921967739,43,3,High (40-80%),Europe,Europe & Central Asia
THA,Thailand,2050,pes,bws,Dom,3.21811778640532,49,3,High (40-80%),Asia,East Asia & Pacific
ARM,Armenia,2050,pes,bws,Dom,3.21790379148187,50,3,High (40-80%),Asia,Europe & Central Asia
MNG,Mongolia,2030,pes,bws,Tot,3.21774586335594,51,3,High (40-80%),Asia,East Asia & Pacific
NER,Niger,2080,bau,bws,One,3.21717903486609,50,3,High (40-80%),Africa,Sub-Saharan Africa
ALB,Albania,2050,opt,bws,One,3.21717700767118,39,3,High (40-80%),Europe,Europe & Central Asia
MLI,Mali,2050,pes,bws,One,3.21691598116444,42,3,High (40-80%),Africa,Sub-Saharan Africa
AFG,Afghanistan,2030,pes,bws,One,3.21652091268968,39,3,High (40-80%),Asia,South Asia
ALB,Albania,2030,bau,bws,Liv,3.21651883299619,37,3,High (40-80%),Europe,Europe & Central Asia
LUX,Luxembourg,2030,pes,bws,Dom,3.21363832579432,48,3,High (40-80%),Europe,Europe & Central Asia
MKD,Macedonia,2030,pes,bws,Tot,3.21359416181491,52,3,High (40-80%),Europe,Europe & Central Asia
ALB,Albania,2030,pes,bws,Liv,3.21332847365642,39,3,High (40-80%),Europe,Europe & Central Asia
THA,Thailand,2030,bau,bws,Dom,3.21257247578901,48,3,High (40-80%),Asia,East Asia & Pacific
THA,Thailand,2080,opt,bws,Dom,3.21212439888244,52,3,High (40-80%),Asia,East Asia & Pacific
NER,Niger,2030,bau,bws,Tot,3.21141414381857,49,3,High (40-80%),Africa,Sub-Saharan Africa
BFA,Burkina Faso,2080,bau,bws,Liv,3.20999556369763,50,3,High (40-80%),Africa,Sub-Saharan Africa
NER,Niger,2050,opt,bws,Dom,3.20934186147699,50,3,High (40-80%),Africa,Sub-Saharan Africa
THA,Thailand,2030,bau,bws,Liv,3.20878409267535,38,3,High (40-80%),Asia,East Asia & Pacific
LUX,Luxembourg,2030,opt,bws,One,3.2055595123587,41,3,High (40-80%),Europe,Europe & Central Asia
NPL,Nepal,2050,pes,bws,Tot,3.20552757096262,53,3,High (40-80%),Asia,South Asia
THA,Thailand,2030,opt,bws,Dom,3.20397441983896,49,3,High (40-80%),Asia,East Asia & Pacific
AZE,Azerbaijan,2080,bau,bws,Dom,3.20311872277913,56,3,High (40-80%),Asia,Europe & Central Asia
ARM,Armenia,2080,bau,bws,One,3.20182478360142,51,3,High (40-80%),Asia,Europe & Central Asia
NPL,Nepal,2030,opt,bws,Tot,3.19768340236815,52,3,High (40-80%),Asia,South Asia
ARM,Armenia,2030,opt,bws,Tot,3.19698074202635,53,3,High (40-80%),Asia,Europe & Central Asia
ZWE,Zimbabwe,2080,opt,bws,Ind,3.19669562243717,53,3,High (40-80%),Africa,Sub-Saharan Africa
AUS,Australia,2080,bau,bws,Irr,3.19561544088119,64,3,High (40-80%),Oceania,East Asia & Pacific
CAN,Canada,2080,pes,bws,Irr,3.19486750434894,59,3,High (40-80%),Americas,North America
MKD,Macedonia,2030,bau,bws,Tot,3.19371949693644,50,3,High (40-80%),Europe,Europe & Central Asia
ARM,Armenia,2030,bau,bws,Tot,3.19305580097417,51,3,High (40-80%),Asia,Europe & Central Asia
MEX,Mexico,2080,pes,bws,One,3.18964344680415,48,3,High (40-80%),Americas,Latin America & Caribbean
TZA,Tanzania,2080,pes,bws,Ind,3.18931433122854,55,3,High (40-80%),Africa,Sub-Saharan Africa
ARM,Armenia,2030,pes,bws,Tot,3.18908316633086,53,3,High (40-80%),Asia,Europe & Central Asia
NER,Niger,2030,pes,bws,Irr,3.18905866624812,49,3,High (40-80%),Africa,Sub-Saharan Africa
LSO,Lesotho,2030,opt,bws,Dom,3.18843815017483,50,3,High (40-80%),Africa,Sub-Saharan Africa
AFG,Afghanistan,2030,opt,bws,One,3.18650214135784,42,3,High (40-80%),Asia,South Asia
LUX,Luxembourg,2050,bau,bws,Irr,3.18601872612215,54,3,High (40-80%),Europe,Europe & Central Asia
PRT,Portugal,2050,opt,bws,Liv,3.18242248316758,42,3,High (40-80%),Europe,Europe & Central Asia
BFA,Burkina Faso,2080,pes,bws,Dom,3.18238409822513,54,3,High (40-80%),Africa,Sub-Saharan Africa
LUX,Luxembourg,2050,bau,bws,Liv,3.18219852534775,46,3,High (40-80%),Europe,Europe & Central Asia
MNG,Mongolia,2030,opt,bws,Tot,3.18179871564766,54,3,High (40-80%),Asia,East Asia & Pacific
NPL,Nepal,2030,pes,bws,Irr,3.18159170596426,50,3,High (40-80%),Asia,South Asia
ZWE,Zimbabwe,2080,bau,bws,Tot,3.18133153507016,58,3,High (40-80%),Africa,Sub-Saharan Africa
MKD,Macedonia,2030,pes,bws,Ind,3.18104268329805,53,3,High (40-80%),Europe,Europe & Central Asia
THA,Thailand,2080,bau,bws,Dom,3.18055945447751,57,3,High (40-80%),Asia,East Asia & Pacific
LSO,Lesotho,2030,bau,bws,Dom,3.17950834572408,49,3,High (40-80%),Africa,Sub-Saharan Africa
ZWE,Zimbabwe,2050,bau,bws,Ind,3.17910669950079,54,3,High (40-80%),Africa,Sub-Saharan Africa
MNG,Mongolia,2080,opt,bws,Dom,3.177447254828,53,3,High (40-80%),Asia,East Asia & Pacific
ERI,Eritrea,2030,bau,bws,Tot,3.17741882834849,52,3,High (40-80%),Africa,Sub-Saharan Africa
ITA,Italy,2030,pes,bws,Liv,3.1773959446888,40,3,High (40-80%),Europe,Europe & Central Asia
THA,Thailand,2080,bau,bws,Liv,3.17599756291783,51,3,High (40-80%),Asia,East Asia & Pacific
AZE,Azerbaijan,2080,pes,bws,Ind,3.17522334473963,56,3,High (40-80%),Asia,Europe & Central Asia
THA,Thailand,2030,pes,bws,Liv,3.17399142247543,41,3,High (40-80%),Asia,East Asia & Pacific
PRT,Portugal,2080,opt,bws,One,3.17200498061017,45,3,High (40-80%),Europe,Europe & Central Asia
ALB,Albania,2030,bau,bws,One,3.1717037627036,39,3,High (40-80%),Europe,Europe & Central Asia
AZE,Azerbaijan,2080,pes,bws,Liv,3.17167868443916,50,3,High (40-80%),Asia,Europe & Central Asia
AGO,Angola,2050,opt,bws,Irr,3.17146516534456,52,3,High (40-80%),Africa,Sub-Saharan Africa
NER,Niger,2050,bau,bws,Irr,3.17012151506773,55,3,High (40-80%),Africa,Sub-Saharan Africa
ALB,Albania,2030,pes,bws,One,3.16822770060022,40,3,High (40-80%),Europe,Europe & Central Asia
KAZ,Kazakhstan,2080,pes,bws,Tot,3.16805754651763,57,3,High (40-80%),Asia,Europe & Central Asia
AZE,Azerbaijan,2080,bau,bws,One,3.16763574222925,52,3,High (40-80%),Asia,Europe & Central Asia
MKD,Macedonia,2030,pes,bws,Dom,3.16519357495236,49,3,High (40-80%),Europe,Europe & Central Asia
MKD,Macedonia,2050,opt,bws,Irr,3.16510478404003,53,3,High (40-80%),Europe,Europe & Central Asia
MKD,Macedonia,2030,bau,bws,Ind,3.16424205901439,51,3,High (40-80%),Europe,Europe & Central Asia
NPL,Nepal,2050,opt,bws,Ind,3.16129227072898,51,3,High (40-80%),Asia,South Asia
AUS,Australia,2080,bau,bws,Tot,3.16124948859831,59,3,High (40-80%),Oceania,East Asia & Pacific
AUS,Australia,2050,bau,bws,Tot,3.15852585250353,54,3,High (40-80%),Oceania,East Asia & Pacific
KAZ,Kazakhstan,2050,bau,bws,Irr,3.15442508355024,56,3,High (40-80%),Asia,Europe & Central Asia
AUS,Australia,2050,pes,bws,Ind,3.15402160221218,55,3,High (40-80%),Oceania,East Asia & Pacific
ERI,Eritrea,2030,pes,bws,Ind,3.15164678753357,54,3,High (40-80%),Africa,Sub-Saharan Africa
NPL,Nepal,2080,bau,bws,Ind,3.14899865093738,61,3,High (40-80%),Asia,South Asia
MKD,Macedonia,2030,bau,bws,Dom,3.14851448117385,50,3,High (40-80%),Europe,Europe & Central Asia
SOM,Somalia,2030,bau,bws,Liv,3.14811721671478,39,3,High (40-80%),Africa,Sub-Saharan Africa
ARM,Armenia,2050,opt,bws,Ind,3.14802923184026,52,3,High (40-80%),Asia,Europe & Central Asia
MKD,Macedonia,2030,pes,bws,Liv,3.14771748082819,42,3,High (40-80%),Europe,Europe & Central Asia
TJK,Tajikistan,2080,bau,bws,Tot,3.14742160900506,60,3,High (40-80%),Asia,Europe & Central Asia
KGZ,Kyrgyzstan,2030,opt,bws,Liv,3.1451319645808,44,3,High (40-80%),Asia,Europe & Central Asia
ZMB,Zambia,2080,bau,bws,Irr,3.14293118604332,65,3,High (40-80%),Africa,Sub-Saharan Africa
ITA,Italy,2030,bau,bws,Liv,3.14268495228225,40,3,High (40-80%),Europe,Europe & Central Asia
AZE,Azerbaijan,2080,bau,bws,Tot,3.14189912893171,61,3,High (40-80%),Asia,Europe & Central Asia
MEX,Mexico,2050,bau,bws,One,3.14147584120265,45,3,High (40-80%),Americas,Latin America & Caribbean
AZE,Azerbaijan,2080,pes,bws,Dom,3.14061481373256,55,3,High (40-80%),Asia,Europe & Central Asia
LUX,Luxembourg,2080,bau,bws,One,3.14058670295608,53,3,High (40-80%),Europe,Europe & Central Asia
NPL,Nepal,2080,pes,bws,Liv,3.14056356138318,52,3,High (40-80%),Asia,South Asia
LSO,Lesotho,2050,opt,bws,One,3.13912276385346,40,3,High (40-80%),Africa,Sub-Saharan Africa
NER,Niger,2080,pes,bws,Tot,3.13739677347237,58,3,High (40-80%),Africa,Sub-Saharan Africa
ARM,Armenia,2050,pes,bws,Tot,3.1340308568211,54,3,High (40-80%),Asia,Europe & Central Asia
BFA,Burkina Faso,2030,bau,bws,Irr,3.13315449393003,50,3,High (40-80%),Africa,Sub-Saharan Africa
NPL,Nepal,2030,pes,bws,Tot,3.13281184715459,54,3,High (40-80%),Asia,South Asia
LUX,Luxembourg,2030,pes,bws,Liv,3.13264498021182,43,3,High (40-80%),Europe,Europe & Central Asia
LUX,Luxembourg,2030,pes,bws,Irr,3.13156578409834,51,3,High (40-80%),Europe,Europe & Central Asia
MKD,Macedonia,2050,opt,bws,Tot,3.1307287188378,52,3,High (40-80%),Europe,Europe & Central Asia
LUX,Luxembourg,2030,bau,bws,Ind,3.12689205989903,52,3,High (40-80%),Europe,Europe & Central Asia
ARM,Armenia,2050,opt,bws,Dom,3.12676252986371,51,3,High (40-80%),Asia,Europe & Central Asia
MKD,Macedonia,2030,bau,bws,Liv,3.12610788880341,41,3,High (40-80%),Europe,Europe & Central Asia
MEX,Mexico,2050,bau,bws,Liv,3.12552753706799,47,3,High (40-80%),Americas,Latin America & Caribbean
PER,Peru,2080,pes,bws,Ind,3.12499424688354,57,3,High (40-80%),Americas,Latin America & Caribbean
NPL,Nepal,2050,opt,bws,Tot,3.12472922889976,53,3,High (40-80%),Asia,South Asia
LUX,Luxembourg,2030,bau,bws,Tot,3.12431703538124,53,3,High (40-80%),Europe,Europe & Central Asia
NGA,Nigeria,2080,bau,bws,Irr,3.1241057155243,66,3,High (40-80%),Africa,Sub-Saharan Africa
AUS,Australia,2030,pes,bws,Dom,3.12381944158206,50,3,High (40-80%),Oceania,East Asia & Pacific
NPL,Nepal,2030,pes,bws,Ind,3.12262441883265,55,3,High (40-80%),Asia,South Asia
MEX,Mexico,2050,pes,bws,One,3.12030637945067,44,3,High (40-80%),Americas,Latin America & Caribbean
BFA,Burkina Faso,2050,bau,bws,Tot,3.11885229798398,55,3,High (40-80%),Africa,Sub-Saharan Africa
THA,Thailand,2030,pes,bws,Dom,3.11756638622304,51,3,High (40-80%),Asia,East Asia & Pacific
NER,Niger,2050,opt,bws,Tot,3.11756434922711,54,3,High (40-80%),Africa,Sub-Saharan Africa
LUX,Luxembourg,2030,opt,bws,Ind,3.11652034019107,54,3,High (40-80%),Europe,Europe & Central Asia
SLV,El Salvador,2080,pes,bws,Irr,3.1161246160367,60,3,High (40-80%),Americas,Latin America & Caribbean
LUX,Luxembourg,2030,opt,bws,Tot,3.11458549107562,55,3,High (40-80%),Europe,Europe & Central Asia
MRT,Mauritania,2030,opt,bws,Liv,3.11358016015767,45,3,High (40-80%),Africa,Sub-Saharan Africa
AFG,Afghanistan,2030,bau,bws,One,3.11302874810219,41,3,High (40-80%),Asia,South Asia
ERI,Eritrea,2030,opt,bws,Ind,3.1127091856774,55,3,High (40-80%),Africa,Sub-Saharan Africa
AZE,Azerbaijan,2080,pes,bws,One,3.11248368512727,49,3,High (40-80%),Asia,Europe & Central Asia
TJK,Tajikistan,2080,bau,bws,Dom,3.11077351412872,58,3,High (40-80%),Asia,Europe & Central Asia
KAZ,Kazakhstan,2080,bau,bws,Tot,3.10802781606557,62,3,High (40-80%),Asia,Europe & Central Asia
MEX,Mexico,2080,opt,bws,Liv,3.1069579379199,48,3,High (40-80%),Americas,Latin America & Caribbean
LUX,Luxembourg,2030,bau,bws,Dom,3.10423920529463,51,3,High (40-80%),Europe,Europe & Central Asia
ARM,Armenia,2080,bau,bws,Liv,3.103942122348,52,3,High (40-80%),Asia,Europe & Central Asia
AFG,Afghanistan,2080,opt,bws,One,3.10142911147803,46,3,High (40-80%),Asia,South Asia
NPL,Nepal,2080,opt,bws,Irr,3.10140339241808,55,3,High (40-80%),Asia,South Asia
CHN,China,2050,pes,bws,Ind,3.09998806174654,56,3,High (40-80%),Asia,East Asia & Pacific
AUS,Australia,2050,opt,bws,Tot,3.09976308510044,55,3,High (40-80%),Oceania,East Asia & Pacific
MKD,Macedonia,2050,opt,bws,Ind,3.09963835183225,53,3,High (40-80%),Europe,Europe & Central Asia
NER,Niger,2030,bau,bws,Irr,3.09958410485017,51,3,High (40-80%),Africa,Sub-Saharan Africa
LUX,Luxembourg,2030,opt,bws,Dom,3.09921710308985,51,3,High (40-80%),Europe,Europe & Central Asia
SEN,Senegal,2030,pes,bws,Dom,3.09443120458449,52,3,High (40-80%),Africa,Sub-Saharan Africa
NPL,Nepal,2050,pes,bws,Liv,3.08692572222275,46,3,High (40-80%),Asia,South Asia
MKD,Macedonia,2050,opt,bws,Dom,3.08609193567054,52,3,High (40-80%),Europe,Europe & Central Asia
BFA,Burkina Faso,2050,pes,bws,Irr,3.08602645800645,53,3,High (40-80%),Africa,Sub-Saharan Africa
SLV,El Salvador,2080,bau,bws,Liv,3.08494756806166,53,3,High (40-80%),Americas,Latin America & Caribbean
AFG,Afghanistan,2080,bau,bws,Ind,3.08321824075587,62,3,High (40-80%),Asia,South Asia
MEX,Mexico,2030,bau,bws,One,3.08216921483096,42,3,High (40-80%),Americas,Latin America & Caribbean
MRT,Mauritania,2030,bau,bws,Liv,3.08180144090775,42,3,High (40-80%),Africa,Sub-Saharan Africa
CHN,China,2050,bau,bws,Ind,3.08179452775008,55,3,High (40-80%),Asia,East Asia & Pacific
NPL,Nepal,2050,bau,bws,Irr,3.07980282821984,57,3,High (40-80%),Asia,South Asia
SOM,Somalia,2030,bau,bws,Dom,3.07902638695372,52,3,High (40-80%),Africa,Sub-Saharan Africa
NPL,Nepal,2080,bau,bws,Tot,3.07819692248895,63,3,High (40-80%),Asia,South Asia
MEX,Mexico,2050,pes,bws,Liv,3.07768017391832,47,3,High (40-80%),Americas,Latin America & Caribbean
ZWE,Zimbabwe,2050,opt,bws,Ind,3.07628394884476,54,3,High (40-80%),Africa,Sub-Saharan Africa
ARM,Armenia,2080,pes,bws,One,3.074000060345,50,3,High (40-80%),Asia,Europe & Central Asia
ERI,Eritrea,2050,opt,bws,Ind,3.0737830195703,55,3,High (40-80%),Africa,Sub-Saharan Africa
AFG,Afghanistan,2080,pes,bws,Dom,3.07188535986825,56,3,High (40-80%),Asia,South Asia
CHN,China,2050,opt,bws,Ind,3.068641525999,56,3,High (40-80%),Asia,East Asia & Pacific
IND,India,2050,bau,bws,One,3.06824227277046,46,3,High (40-80%),Asia,South Asia
PRT,Portugal,2050,opt,bws,One,3.06739434552538,41,3,High (40-80%),Europe,Europe & Central Asia
ERI,Eritrea,2050,opt,bws,Dom,3.06701890838586,53,3,High (40-80%),Africa,Sub-Saharan Africa
TUR,Turkey,2050,bau,bws,One,3.06661413929364,47,3,High (40-80%),Asia,Europe & Central Asia
NER,Niger,2050,opt,bws,Irr,3.06247388222734,54,3,High (40-80%),Africa,Sub-Saharan Africa
TUR,Turkey,2030,opt,bws,Liv,3.06225671877482,46,3,High (40-80%),Asia,Europe & Central Asia
ARM,Armenia,2050,opt,bws,Tot,3.0619355602891,56,3,High (40-80%),Asia,Europe & Central Asia
AUS,Australia,2050,bau,bws,Irr,3.06130060442023,58,3,High (40-80%),Oceania,East Asia & Pacific
KGZ,Kyrgyzstan,2080,opt,bws,Liv,3.05997561387962,49,3,High (40-80%),Asia,Europe & Central Asia
AUS,Australia,2050,bau,bws,Ind,3.05996057165479,56,3,High (40-80%),Oceania,East Asia & Pacific
MKD,Macedonia,2050,opt,bws,Liv,3.05876205136437,43,3,High (40-80%),Europe,Europe & Central Asia
USA,United States,2080,pes,bws,Tot,3.0554255847766,59,3,High (40-80%),Americas,North America
KGZ,Kyrgyzstan,2030,bau,bws,Liv,3.05513030344149,43,3,High (40-80%),Asia,Europe & Central Asia
BFA,Burkina Faso,2080,pes,bws,Liv,3.05511493819475,53,3,High (40-80%),Africa,Sub-Saharan Africa
AUS,Australia,2050,pes,bws,Irr,3.05129809408972,55,3,High (40-80%),Oceania,East Asia & Pacific
CHN,China,2030,pes,bws,Ind,3.04946967870172,56,3,High (40-80%),Asia,East Asia & Pacific
MKD,Macedonia,2030,pes,bws,One,3.04921082737268,42,3,High (40-80%),Europe,Europe & Central Asia
KGZ,Kyrgyzstan,2050,bau,bws,Liv,3.04836121008476,48,3,High (40-80%),Asia,Europe & Central Asia
PHL,Philippines,2080,bau,bws,Tot,3.04563833811913,64,3,High (40-80%),Asia,East Asia & Pacific
AZE,Azerbaijan,2080,pes,bws,Tot,3.04429035561085,60,3,High (40-80%),Asia,Europe & Central Asia
LSO,Lesotho,2030,pes,bws,Dom,3.04422534104978,53,3,High (40-80%),Africa,Sub-Saharan Africa
BFA,Burkina Faso,2050,opt,bws,Dom,3.04314635068874,54,3,High (40-80%),Africa,Sub-Saharan Africa
DJI,Djibouti,2030,pes,bws,Tot,3.04199552936056,55,3,High (40-80%),Africa,Middle East & North Africa
LUX,Luxembourg,2030,opt,bws,Irr,3.04084084940459,54,3,High (40-80%),Europe,Europe & Central Asia
LUX,Luxembourg,2030,opt,bws,Liv,3.0398556705971,47,3,High (40-80%),Europe,Europe & Central Asia
TUR,Turkey,2030,bau,bws,Liv,3.03958372162332,44,3,High (40-80%),Asia,Europe & Central Asia
AGO,Angola,2030,pes,bws,Irr,3.03922630966527,52,3,High (40-80%),Africa,Sub-Saharan Africa
ZWE,Zimbabwe,2030,opt,bws,Ind,3.03772953304026,56,3,High (40-80%),Africa,Sub-Saharan Africa
KGZ,Kyrgyzstan,2030,pes,bws,Liv,3.03712685462838,44,3,High (40-80%),Asia,Europe & Central Asia
BFA,Burkina Faso,2050,opt,bws,Liv,3.03709365975762,44,3,High (40-80%),Africa,Sub-Saharan Africa
CHN,China,2030,bau,bws,Ind,3.03479404755345,53,3,High (40-80%),Asia,East Asia & Pacific
IND,India,2050,pes,bws,One,3.0332507524827,45,3,High (40-80%),Asia,South Asia
MEX,Mexico,2050,opt,bws,One,3.03299142593249,42,3,High (40-80%),Americas,Latin America & Caribbean
SEN,Senegal,2030,bau,bws,Liv,3.03234420210361,45,3,High (40-80%),Africa,Sub-Saharan Africa
NER,Niger,2050,pes,bws,Dom,3.03021460609433,51,3,High (40-80%),Africa,Sub-Saharan Africa
LUX,Luxembourg,2080,bau,bws,Ind,3.02889468613814,63,3,High (40-80%),Europe,Europe & Central Asia
AZE,Azerbaijan,2080,bau,bws,Irr,3.02876995480215,67,3,High (40-80%),Asia,Europe & Central Asia
LUX,Luxembourg,2080,bau,bws,Tot,3.02773764394491,65,3,High (40-80%),Europe,Europe & Central Asia
SOM,Somalia,2030,bau,bws,One,3.02566817448867,43,3,High (40-80%),Africa,Sub-Saharan Africa
MKD,Macedonia,2030,bau,bws,One,3.02493989650166,44,3,High (40-80%),Europe,Europe & Central Asia
IND,India,2080,bau,bws,One,3.02455996652892,54,3,High (40-80%),Asia,South Asia
NER,Niger,2080,pes,bws,Irr,3.02316117489809,61,3,High (40-80%),Africa,Sub-Saharan Africa
LSO,Lesotho,2050,bau,bws,One,3.0226570194153,48,3,High (40-80%),Africa,Sub-Saharan Africa
AFG,Afghanistan,2080,pes,bws,Ind,3.02247840993325,58,3,High (40-80%),Asia,South Asia
MRT,Mauritania,2030,pes,bws,Liv,3.02246663518919,45,3,High (40-80%),Africa,Sub-Saharan Africa
CHN,China,2030,opt,bws,Ind,3.02209808242058,57,3,High (40-80%),Asia,East Asia & Pacific
DJI,Djibouti,2030,opt,bws,Tot,3.02146054597987,56,3,High (40-80%),Africa,Middle East & North Africa
ERI,Eritrea,2050,bau,bws,Tot,3.020137850725,56,3,High (40-80%),Africa,Sub-Saharan Africa
NPL,Nepal,2080,opt,bws,Ind,3.01928776580173,54,3,High (40-80%),Asia,South Asia
LUX,Luxembourg,2080,bau,bws,Dom,3.01907938422531,59,3,High (40-80%),Europe,Europe & Central Asia
KEN,Kenya,2050,pes,bws,Ind,3.01801126446221,57,3,High (40-80%),Africa,Sub-Saharan Africa
MEX,Mexico,2030,opt,bws,One,3.01751074152532,43,3,High (40-80%),Americas,Latin America & Caribbean
AFG,Afghanistan,2050,opt,bws,One,3.01699376492312,43,3,High (40-80%),Asia,South Asia
IND,India,2050,opt,bws,One,3.01659303733106,44,3,High (40-80%),Asia,South Asia
LSO,Lesotho,2030,bau,bws,One,3.01633044788966,45,3,High (40-80%),Africa,Sub-Saharan Africa
LSO,Lesotho,2050,pes,bws,One,3.01611534894704,46,3,High (40-80%),Africa,Sub-Saharan Africa
MAR,Morocco,2050,opt,bws,One,3.01478956208441,45,3,High (40-80%),Africa,Middle East & North Africa
MNG,Mongolia,2080,bau,bws,Ind,3.01354858589874,64,3,High (40-80%),Asia,East Asia & Pacific
MNG,Mongolia,2080,opt,bws,Tot,3.01273971236869,55,3,High (40-80%),Asia,East Asia & Pacific
LUX,Luxembourg,2030,bau,bws,Irr,3.0124175395929,52,3,High (40-80%),Europe,Europe & Central Asia
MAR,Morocco,2030,pes,bws,One,3.01153124071422,43,3,High (40-80%),Africa,Middle East & North Africa
TZA,Tanzania,2080,opt,bws,Ind,3.01072928873329,55,3,High (40-80%),Africa,Sub-Saharan Africa
LUX,Luxembourg,2030,bau,bws,Liv,3.00985045253475,46,3,High (40-80%),Europe,Europe & Central Asia
ARM,Armenia,2030,opt,bws,Irr,3.00982434219998,55,3,High (40-80%),Asia,Europe & Central Asia
IND,India,2080,pes,bws,One,3.00979578919921,51,3,High (40-80%),Asia,South Asia
CHN,China,2080,pes,bws,Ind,3.00707976082614,59,3,High (40-80%),Asia,East Asia & Pacific
NPL,Nepal,2080,bau,bws,Liv,3.00457951281752,54,3,High (40-80%),Asia,South Asia
KAZ,Kazakhstan,2080,opt,bws,Irr,3.00442001477355,56,3,High (40-80%),Asia,Europe & Central Asia
AUS,Australia,2050,opt,bws,Ind,3.00389253230568,57,3,High (40-80%),Oceania,East Asia & Pacific
ARM,Armenia,2030,pes,bws,Irr,3.00332877394199,53,3,High (40-80%),Asia,Europe & Central Asia
NPL,Nepal,2030,opt,bws,Liv,3.00313820722328,48,3,High (40-80%),Asia,South Asia
USA,United States,2080,pes,bws,Liv,3.00275209122194,54,3,High (40-80%),Americas,North America
IND,India,2030,opt,bws,One,3.00182377130905,44,3,High (40-80%),Asia,South Asia
TJK,Tajikistan,2080,bau,bws,Irr,3.00139465800379,68,3,High (40-80%),Asia,Europe & Central Asia
SDN,Sudan,2080,opt,bws,One,3.00127506638575,47,3,High (40-80%),Africa,Sub-Saharan Africa
KAZ,Kazakhstan,2050,opt,bws,Irr,3.00064614013736,55,3,High (40-80%),Asia,Europe & Central Asia
AUS,Australia,2030,opt,bws,Dom,2.99929125693461,53,2,Medium - High (20-40%),Oceania,East Asia & Pacific
KAZ,Kazakhstan,2050,pes,bws,Irr,2.99900554986134,56,2,Medium - High (20-40%),Asia,Europe & Central Asia
AZE,Azerbaijan,2050,bau,bws,Ind,2.99658761818041,57,2,Medium - High (20-40%),Asia,Europe & Central Asia
TUR,Turkey,2030,pes,bws,Liv,2.9964316683922,46,2,Medium - High (20-40%),Asia,Europe & Central Asia
CHN,China,2080,opt,bws,Ind,2.99430229008307,56,2,Medium - High (20-40%),Asia,East Asia & Pacific
USA,United States,2080,pes,bws,Dom,2.9939805740051,57,2,Medium - High (20-40%),Americas,North America
IND,India,2030,pes,bws,One,2.99285207818701,44,2,Medium - High (20-40%),Asia,South Asia
ARM,Armenia,2050,bau,bws,One,2.99281002183978,49,2,Medium - High (20-40%),Asia,Europe & Central Asia
MAR,Morocco,2030,opt,bws,One,2.99265290624634,45,2,Medium - High (20-40%),Africa,Middle East & North Africa
KEN,Kenya,2080,opt,bws,Ind,2.99189018172124,57,2,Medium - High (20-40%),Africa,Sub-Saharan Africa
AUS,Australia,2050,opt,bws,Irr,2.99025379226404,56,2,Medium - High (20-40%),Oceania,East Asia & Pacific
AUS,Australia,2030,bau,bws,Dom,2.99001811088861,53,2,Medium - High (20-40%),Oceania,East Asia & Pacific
NPL,Nepal,2050,bau,bws,Ind,2.98913734056044,58,2,Medium - High (20-40%),Asia,South Asia
MNG,Mongolia,2030,bau,bws,Ind,2.98911862757213,54,2,Medium - High (20-40%),Asia,East Asia & Pacific
MEX,Mexico,2030,pes,bws,One,2.9877779896385,45,2,Medium - High (20-40%),Americas,Latin America & Caribbean
THA,Thailand,2080,pes,bws,One,2.98719302166646,52,2,Medium - High (20-40%),Asia,East Asia & Pacific
IND,India,2080,opt,bws,One,2.98672796909541,48,2,Medium - High (20-40%),Asia,South Asia
KGZ,Kyrgyzstan,2050,opt,bws,Liv,2.98660927013569,45,2,Medium - High (20-40%),Asia,Europe & Central Asia
TUR,Turkey,2050,pes,bws,One,2.98637058043469,47,2,Medium - High (20-40%),Asia,Europe & Central Asia
KGZ,Kyrgyzstan,2050,pes,bws,Liv,2.9854464216153,48,2,Medium - High (20-40%),Asia,Europe & Central Asia
ZWE,Zimbabwe,2080,bau,bws,Dom,2.98412843661759,60,2,Medium - High (20-40%),Africa,Sub-Saharan Africa
NPL,Nepal,2050,bau,bws,Tot,2.98408505658556,57,2,Medium - High (20-40%),Asia,South Asia
NPL,Nepal,2030,bau,bws,Irr,2.98179774863514,54,2,Medium - High (20-40%),Asia,South Asia
MAR,Morocco,2030,bau,bws,One,2.98156047756025,46,2,Medium - High (20-40%),Africa,Middle East & North Africa
PHL,Philippines,2080,pes,bws,Irr,2.98009419123427,62,2,Medium - High (20-40%),Asia,East Asia & Pacific
KAZ,Kazakhstan,2050,bau,bws,Tot,2.97938643269306,58,2,Medium - High (20-40%),Asia,Europe & Central Asia
MRT,Mauritania,2050,opt,bws,Liv,2.97904135013462,46,2,Medium - High (20-40%),Africa,Sub-Saharan Africa
CHN,China,2080,bau,bws,Ind,2.97901415582725,65,2,Medium - High (20-40%),Asia,East Asia & Pacific
NPL,Nepal,2080,opt,bws,Tot,2.97688135877652,56,2,Medium - High (20-40%),Asia,South Asia
TJK,Tajikistan,2080,bau,bws,Liv,2.97614779389134,55,2,Medium - High (20-40%),Asia,Europe & Central Asia
ARM,Armenia,2030,bau,bws,Irr,2.97570290406956,55,2,Medium - High (20-40%),Asia,Europe & Central Asia
TZA,Tanzania,2080,pes,bws,Irr,2.97287488234403,63,2,Medium - High (20-40%),Africa,Sub-Saharan Africa
ERI,Eritrea,2080,pes,bws,Tot,2.9712389196484,61,2,Medium - High (20-40%),Africa,Sub-Saharan Africa
KEN,Kenya,2050,opt,bws,Ind,2.97037403893157,58,2,Medium - High (20-40%),Africa,Sub-Saharan Africa
ERI,Eritrea,2050,bau,bws,Ind,2.9700680542774,59,2,Medium - High (20-40%),Africa,Sub-Saharan Africa
CAN,Canada,2080,opt,bws,Irr,2.96897203526288,57,2,Medium - High (20-40%),Americas,North America
MRT,Mauritania,2050,pes,bws,Dom,2.96860335833366,53,2,Medium - High (20-40%),Africa,Sub-Saharan Africa
MEX,Mexico,2030,bau,bws,Liv,2.96618661452318,47,2,Medium - High (20-40%),Americas,Latin America & Caribbean
MKD,Macedonia,2050,opt,bws,One,2.964683338704,47,2,Medium - High (20-40%),Europe,Europe & Central Asia
ETH,Ethiopia,2080,opt,bws,Ind,2.96454825881857,59,2,Medium - High (20-40%),Africa,Sub-Saharan Africa
TUR,Turkey,2050,opt,bws,Liv,2.96293499717144,47,2,Medium - High (20-40%),Asia,Europe & Central Asia
ARM,Armenia,2050,pes,bws,Irr,2.96245549154037,57,2,Medium - High (20-40%),Asia,Europe & Central Asia
AFG,Afghanistan,2050,pes,bws,Dom,2.96094789263742,54,2,Medium - High (20-40%),Asia,South Asia
SEN,Senegal,2080,opt,bws,One,2.9607756918936,49,2,Medium - High (20-40%),Africa,Sub-Saharan Africa
ZWE,Zimbabwe,2080,bau,bws,One,2.96054433143444,55,2,Medium - High (20-40%),Africa,Sub-Saharan Africa
FRA,France,2080,pes,bws,Dom,2.96012716069626,58,2,Medium - High (20-40%),Europe,Europe & Central Asia
ZWE,Zimbabwe,2080,pes,bws,Irr,2.95981355023994,64,2,Medium - High (20-40%),Africa,Sub-Saharan Africa
MEX,Mexico,2030,pes,bws,Liv,2.95942658737007,47,2,Medium - High (20-40%),Americas,Latin America & Caribbean
SLV,El Salvador,2080,pes,bws,One,2.95883726630292,53,2,Medium - High (20-40%),Americas,Latin America & Caribbean
MOZ,Mozambique,2080,bau,bws,Irr,2.95883712060787,69,2,Medium - High (20-40%),Africa,Sub-Saharan Africa
SLV,El Salvador,2080,pes,bws,Tot,2.95818828429911,62,2,Medium - High (20-40%),Americas,Latin America & Caribbean
LSO,Lesotho,2030,opt,bws,One,2.95694550015951,46,2,Medium - High (20-40%),Africa,Sub-Saharan Africa
AUS,Australia,2080,opt,bws,Irr,2.95496236779154,58,2,Medium - High (20-40%),Oceania,East Asia & Pacific
MRT,Mauritania,2030,opt,bws,Tot,2.95098260586999,57,2,Medium - High (20-40%),Africa,Sub-Saharan Africa
BGD,Bangladesh,2080,opt,bws,Irr,2.94992241967346,59,2,Medium - High (20-40%),Asia,South Asia
DJI,Djibouti,2030,pes,bws,Dom,2.94873438555604,54,2,Medium - High (20-40%),Africa,Middle East & North Africa
BFA,Burkina Faso,2030,bau,bws,Tot,2.94298425813993,54,2,Medium - High (20-40%),Africa,Sub-Saharan Africa
SDN,Sudan,2080,opt,bws,Dom,2.942676490501,55,2,Medium - High (20-40%),Africa,Sub-Saharan Africa
LUX,Luxembourg,2080,bau,bws,Irr,2.94222815015804,70,2,Medium - High (20-40%),Europe,Europe & Central Asia
LUX,Luxembourg,2080,bau,bws,Liv,2.94118805082514,56,2,Medium - High (20-40%),Europe,Europe & Central Asia
ZWE,Zimbabwe,2050,pes,bws,Tot,2.94039288831152,55,2,Medium - High (20-40%),Africa,Sub-Saharan Africa
KAZ,Kazakhstan,2030,pes,bws,Irr,2.9396607261784,54,2,Medium - High (20-40%),Asia,Europe & Central Asia
FRA,France,2080,pes,bws,Ind,2.93789759146654,60,2,Medium - High (20-40%),Europe,Europe & Central Asia
ERI,Eritrea,2080,bau,bws,Tot,2.93730634333549,66,2,Medium - High (20-40%),Africa,Sub-Saharan Africa
THA,Thailand,2050,bau,bws,One,2.93602501056046,50,2,Medium - High (20-40%),Asia,East Asia & Pacific
FRA,France,2080,pes,bws,Liv,2.93550109359833,55,2,Medium - High (20-40%),Europe,Europe & Central Asia
AZE,Azerbaijan,2050,bau,bws,Liv,2.93544686290914,49,2,Medium - High (20-40%),Asia,Europe & Central Asia
ERI,Eritrea,2030,opt,bws,Dom,2.93470796302964,54,2,Medium - High (20-40%),Africa,Sub-Saharan Africa
AUS,Australia,2030,pes,bws,Tot,2.93432233878198,56,2,Medium - High (20-40%),Oceania,East Asia & Pacific
SLV,El Salvador,2050,bau,bws,Irr,2.93347100035104,59,2,Medium - High (20-40%),Americas,Latin America & Caribbean
ARM,Armenia,2080,opt,bws,Ind,2.9327804934841,60,2,Medium - High (20-40%),Asia,Europe & Central Asia
AUS,Australia,2080,bau,bws,Ind,2.93270932499998,66,2,Medium - High (20-40%),Oceania,East Asia & Pacific
PAK,Pakistan,2080,pes,bws,One,2.93258615832151,54,2,Medium - High (20-40%),Asia,South Asia
AGO,Angola,2050,pes,bws,Tot,2.93217346004004,56,2,Medium - High (20-40%),Africa,Sub-Saharan Africa
NPL,Nepal,2030,bau,bws,Tot,2.93167791159938,55,2,Medium - High (20-40%),Asia,South Asia
ARM,Armenia,2080,opt,bws,Dom,2.93090871259959,56,2,Medium - High (20-40%),Asia,Europe & Central Asia
AZE,Azerbaijan,2080,pes,bws,Irr,2.92949518197957,65,2,Medium - High (20-40%),Asia,Europe & Central Asia
DJI,Djibouti,2030,pes,bws,Irr,2.92812671413616,56,2,Medium - High (20-40%),Africa,Middle East & North Africa
MEX,Mexico,2050,opt,bws,Liv,2.92646029683327,48,2,Medium - High (20-40%),Americas,Latin America & Caribbean
SEN,Senegal,2050,opt,bws,Liv,2.92592780565746,49,2,Medium - High (20-40%),Africa,Sub-Saharan Africa
FRA,France,2080,pes,bws,Tot,2.92564292323752,63,2,Medium - High (20-40%),Europe,Europe & Central Asia
DJI,Djibouti,2030,opt,bws,Dom,2.92461131713545,55,2,Medium - High (20-40%),Africa,Middle East & North Africa
NPL,Nepal,2050,opt,bws,Liv,2.92353032046048,50,2,Medium - High (20-40%),Asia,South Asia
IND,India,2030,bau,bws,One,2.92322208918002,47,2,Medium - High (20-40%),Asia,South Asia
NPL,Nepal,2080,pes,bws,Dom,2.92319321994474,59,2,Medium - High (20-40%),Asia,South Asia
BGD,Bangladesh,2080,opt,bws,Tot,2.92278015873771,57,2,Medium - High (20-40%),Asia,South Asia
AZE,Azerbaijan,2050,bau,bws,Dom,2.92224386229536,54,2,Medium - High (20-40%),Asia,Europe & Central Asia
ARM,Armenia,2050,opt,bws,Irr,2.92059479402915,57,2,Medium - High (20-40%),Asia,Europe & Central Asia
MWI,Malawi,2080,bau,bws,Irr,2.91825865359934,71,2,Medium - High (20-40%),Africa,Sub-Saharan Africa
KEN,Kenya,2080,pes,bws,Ind,2.915258144975,61,2,Medium - High (20-40%),Africa,Sub-Saharan Africa
CHN,China,2050,pes,bws,Liv,2.91406357496659,49,2,Medium - High (20-40%),Asia,East Asia & Pacific
AFG,Afghanistan,2080,bau,bws,Liv,2.91184471511602,57,2,Medium - High (20-40%),Asia,South Asia
MEX,Mexico,2030,opt,bws,Liv,2.9110133461364,49,2,Medium - High (20-40%),Americas,Latin America & Caribbean
ZWE,Zimbabwe,2080,pes,bws,Tot,2.91075597971338,64,2,Medium - High (20-40%),Africa,Sub-Saharan Africa
KEN,Kenya,2050,bau,bws,Ind,2.91054692382009,60,2,Medium - High (20-40%),Africa,Sub-Saharan Africa
PRT,Portugal,2030,bau,bws,Liv,2.90948328146522,48,2,Medium - High (20-40%),Europe,Europe & Central Asia
BGD,Bangladesh,2080,pes,bws,Irr,2.9083501142591,66,2,Medium - High (20-40%),Asia,South Asia
AZE,Azerbaijan,2050,bau,bws,One,2.90796499831998,51,2,Medium - High (20-40%),Asia,Europe & Central Asia
NER,Niger,2050,pes,bws,One,2.90701570542491,48,2,Medium - High (20-40%),Africa,Sub-Saharan Africa
NPL,Nepal,2030,pes,bws,Liv,2.90577648020483,48,2,Medium - High (20-40%),Asia,South Asia
ZWE,Zimbabwe,2050,pes,bws,Dom,2.90459184443452,55,2,Medium - High (20-40%),Africa,Sub-Saharan Africa
CHN,China,2050,bau,bws,Liv,2.90298568996149,50,2,Medium - High (20-40%),Asia,East Asia & Pacific
ZWE,Zimbabwe,2050,pes,bws,Irr,2.90224852530071,58,2,Medium - High (20-40%),Africa,Sub-Saharan Africa
AUS,Australia,2030,pes,bws,Irr,2.90183702521179,57,2,Medium - High (20-40%),Oceania,East Asia & Pacific
SOM,Somalia,2030,pes,bws,Dom,2.90176564042155,55,2,Medium - High (20-40%),Africa,Sub-Saharan Africa
PHL,Philippines,2080,bau,bws,Dom,2.90152989837998,61,2,Medium - High (20-40%),Asia,East Asia & Pacific
TUR,Turkey,2080,opt,bws,One,2.89975536489649,50,2,Medium - High (20-40%),Asia,Europe & Central Asia
MNG,Mongolia,2080,pes,bws,Ind,2.89824668563377,62,2,Medium - High (20-40%),Asia,East Asia & Pacific
DJI,Djibouti,2030,opt,bws,Irr,2.89376254703887,56,2,Medium - High (20-40%),Africa,Middle East & North Africa
THA,Thailand,2050,opt,bws,One,2.89276062957683,48,2,Medium - High (20-40%),Asia,East Asia & Pacific
NPL,Nepal,2030,opt,bws,Dom,2.89185260354318,56,2,Medium - High (20-40%),Asia,South Asia
NPL,Nepal,2050,pes,bws,Dom,2.89171046051623,56,2,Medium - High (20-40%),Asia,South Asia
TZA,Tanzania,2080,bau,bws,Tot,2.89038481855318,67,2,Medium - High (20-40%),Africa,Sub-Saharan Africa
BFA,Burkina Faso,2050,opt,bws,Tot,2.88969971142112,57,2,Medium - High (20-40%),Africa,Sub-Saharan Africa
AUS,Australia,2030,opt,bws,Tot,2.88712653798406,58,2,Medium - High (20-40%),Oceania,East Asia & Pacific
KAZ,Kazakhstan,2050,opt,bws,Tot,2.88545380945691,58,2,Medium - High (20-40%),Asia,Europe & Central Asia
ERI,Eritrea,2080,bau,bws,Ind,2.88496751919021,67,2,Medium - High (20-40%),Africa,Sub-Saharan Africa
PRT,Portugal,2030,pes,bws,Liv,2.88459051393569,49,2,Medium - High (20-40%),Europe,Europe & Central Asia
TZA,Tanzania,2030,pes,bws,Irr,2.88377041472345,58,2,Medium - High (20-40%),Africa,Sub-Saharan Africa
CHN,China,2050,opt,bws,Liv,2.88370403042581,51,2,Medium - High (20-40%),Asia,East Asia & Pacific
MNG,Mongolia,2050,pes,bws,Ind,2.88274117696248,58,2,Medium - High (20-40%),Asia,East Asia & Pacific
SDN,Sudan,2030,opt,bws,One,2.88112654886438,47,2,Medium - High (20-40%),Africa,Sub-Saharan Africa
NPL,Nepal,2030,bau,bws,Ind,2.88008412102014,55,2,Medium - High (20-40%),Asia,South Asia
TJK,Tajikistan,2080,pes,bws,Ind,2.87894484264829,63,2,Medium - High (20-40%),Asia,Europe & Central Asia
BGD,Bangladesh,2080,pes,bws,Tot,2.87700970933106,66,2,Medium - High (20-40%),Asia,South Asia
CHN,China,2030,bau,bws,Liv,2.87674287123747,49,2,Medium - High (20-40%),Asia,East Asia & Pacific
PHL,Philippines,2080,bau,bws,Irr,2.87397635384018,72,2,Medium - High (20-40%),Asia,East Asia & Pacific
KAZ,Kazakhstan,2030,opt,bws,Irr,2.87367730850141,57,2,Medium - High (20-40%),Asia,Europe & Central Asia
BFA,Burkina Faso,2030,bau,bws,Liv,2.87188303591781,50,2,Medium - High (20-40%),Africa,Sub-Saharan Africa
ZWE,Zimbabwe,2080,bau,bws,Liv,2.87067526055935,59,2,Medium - High (20-40%),Africa,Sub-Saharan Africa
CHN,China,2030,pes,bws,Liv,2.86980816923583,50,2,Medium - High (20-40%),Asia,East Asia & Pacific
USA,United States,2050,pes,bws,Tot,2.86825550494286,57,2,Medium - High (20-40%),Americas,North America
AUS,Australia,2030,opt,bws,Irr,2.86738726764764,58,2,Medium - High (20-40%),Oceania,East Asia & Pacific
PHL,Philippines,2080,pes,bws,Ind,2.86605491337801,65,2,Medium - High (20-40%),Asia,East Asia & Pacific
MNG,Mongolia,2030,pes,bws,Ind,2.86547162444234,57,2,Medium - High (20-40%),Asia,East Asia & Pacific
MNG,Mongolia,2050,opt,bws,Ind,2.86147628153938,59,2,Medium - High (20-40%),Asia,East Asia & Pacific
TZA,Tanzania,2050,pes,bws,Irr,2.8610606480326,59,2,Medium - High (20-40%),Africa,Sub-Saharan Africa
THA,Thailand,2080,opt,bws,One,2.85968174299087,51,2,Medium - High (20-40%),Asia,East Asia & Pacific
TZA,Tanzania,2080,opt,bws,Irr,2.85798652827709,60,2,Medium - High (20-40%),Africa,Sub-Saharan Africa
AFG,Afghanistan,2050,bau,bws,Dom,2.8560978532875,55,2,Medium - High (20-40%),Asia,South Asia
MRT,Mauritania,2050,bau,bws,Tot,2.85508953694843,59,2,Medium - High (20-40%),Africa,Sub-Saharan Africa
THA,Thailand,2030,opt,bws,One,2.85316893257688,48,2,Medium - High (20-40%),Asia,East Asia & Pacific
AZE,Azerbaijan,2050,pes,bws,Ind,2.85204863336144,59,2,Medium - High (20-40%),Asia,Europe & Central Asia
THA,Thailand,2050,pes,bws,One,2.85112952120456,49,2,Medium - High (20-40%),Asia,East Asia & Pacific
AZE,Azerbaijan,2030,opt,bws,Ind,2.8503272209721,58,2,Medium - High (20-40%),Asia,Europe & Central Asia
AZE,Azerbaijan,2050,bau,bws,Tot,2.84915722923503,60,2,Medium - High (20-40%),Asia,Europe & Central Asia
THA,Thailand,2030,bau,bws,One,2.84574364655922,48,2,Medium - High (20-40%),Asia,East Asia & Pacific
CHN,China,2080,bau,bws,Liv,2.84519580919512,60,2,Medium - High (20-40%),Asia,East Asia & Pacific
TZA,Tanzania,2050,opt,bws,Irr,2.84409385218426,59,2,Medium - High (20-40%),Africa,Sub-Saharan Africa
PRT,Portugal,2030,opt,bws,Liv,2.8405520688348,50,2,Medium - High (20-40%),Europe,Europe & Central Asia
KAZ,Kazakhstan,2030,bau,bws,Irr,2.83899429822614,56,2,Medium - High (20-40%),Asia,Europe & Central Asia
CHN,China,2030,opt,bws,Liv,2.83861631121984,51,2,Medium - High (20-40%),Asia,East Asia & Pacific
KAZ,Kazakhstan,2030,pes,bws,Tot,2.83787358633266,57,2,Medium - High (20-40%),Asia,Europe & Central Asia
BGD,Bangladesh,2080,opt,bws,Ind,2.83721259798469,61,2,Medium - High (20-40%),Asia,South Asia
CHN,China,2080,pes,bws,Liv,2.83456343917904,57,2,Medium - High (20-40%),Asia,East Asia & Pacific
MNG,Mongolia,2030,opt,bws,Ind,2.83427313303521,59,2,Medium - High (20-40%),Asia,East Asia & Pacific
SDN,Sudan,2050,bau,bws,Dom,2.83423759201208,56,2,Medium - High (20-40%),Africa,Sub-Saharan Africa
ARM,Armenia,2080,opt,bws,Tot,2.8339241737324,58,2,Medium - High (20-40%),Asia,Europe & Central Asia
ERI,Eritrea,2030,bau,bws,Ind,2.82997579340756,56,2,Medium - High (20-40%),Africa,Sub-Saharan Africa
LSO,Lesotho,2030,pes,bws,One,2.82972841712867,46,2,Medium - High (20-40%),Africa,Sub-Saharan Africa
FRA,France,2080,pes,bws,Irr,2.82949748280999,68,2,Medium - High (20-40%),Europe,Europe & Central Asia
PHL,Philippines,2080,pes,bws,Tot,2.82932173968256,67,2,Medium - High (20-40%),Asia,East Asia & Pacific
AUS,Australia,2030,bau,bws,Tot,2.82853703478248,56,2,Medium - High (20-40%),Oceania,East Asia & Pacific
TZA,Tanzania,2030,opt,bws,Irr,2.82792196861092,59,2,Medium - High (20-40%),Africa,Sub-Saharan Africa
ARM,Armenia,2050,bau,bws,Liv,2.82757480666634,51,2,Medium - High (20-40%),Asia,Europe & Central Asia
MRT,Mauritania,2050,pes,bws,Tot,2.82742281786951,58,2,Medium - High (20-40%),Africa,Sub-Saharan Africa
BGD,Bangladesh,2050,bau,bws,Irr,2.82719465100334,60,2,Medium - High (20-40%),Asia,South Asia
ERI,Eritrea,2080,opt,bws,Liv,2.82714021342411,50,2,Medium - High (20-40%),Africa,Sub-Saharan Africa
KAZ,Kazakhstan,2080,pes,bws,Ind,2.82552671055315,66,2,Medium - High (20-40%),Asia,Europe & Central Asia
PRT,Portugal,2030,bau,bws,One,2.82417715326079,49,2,Medium - High (20-40%),Europe,Europe & Central Asia
CHN,China,2080,opt,bws,Liv,2.82326744644306,51,2,Medium - High (20-40%),Asia,East Asia & Pacific
CZE,Czech Republic,2080,pes,bws,Irr,2.82321083366889,69,2,Medium - High (20-40%),Europe,Europe & Central Asia
PRT,Portugal,2030,pes,bws,One,2.82249141226123,47,2,Medium - High (20-40%),Europe,Europe & Central Asia
SLV,El Salvador,2080,pes,bws,Dom,2.82247520963872,61,2,Medium - High (20-40%),Americas,Latin America & Caribbean
KAZ,Kazakhstan,2050,pes,bws,Tot,2.81992796905788,59,2,Medium - High (20-40%),Asia,Europe & Central Asia
TJK,Tajikistan,2050,bau,bws,Ind,2.81738902062512,61,2,Medium - High (20-40%),Asia,Europe & Central Asia
AFG,Afghanistan,2080,pes,bws,Liv,2.81643181606798,58,2,Medium - High (20-40%),Asia,South Asia
AFG,Afghanistan,2080,opt,bws,Dom,2.81619360615195,57,2,Medium - High (20-40%),Asia,South Asia
NPL,Nepal,2030,pes,bws,Dom,2.81542698752492,57,2,Medium - High (20-40%),Asia,South Asia
NPL,Nepal,2080,bau,bws,Dom,2.8148878081551,62,2,Medium - High (20-40%),Asia,South Asia
THA,Thailand,2080,bau,bws,One,2.81298479851949,56,2,Medium - High (20-40%),Asia,East Asia & Pacific
AZE,Azerbaijan,2030,pes,bws,Ind,2.81211065727649,58,2,Medium - High (20-40%),Asia,Europe & Central Asia
BGD,Bangladesh,2050,pes,bws,Irr,2.80879331055475,60,2,Medium - High (20-40%),Asia,South Asia
USA,United States,2080,opt,bws,Dom,2.80759198503846,58,2,Medium - High (20-40%),Americas,North America
SEN,Senegal,2050,bau,bws,One,2.80755982026305,52,2,Medium - High (20-40%),Africa,Sub-Saharan Africa
BGD,Bangladesh,2050,opt,bws,Irr,2.80621955026859,60,2,Medium - High (20-40%),Asia,South Asia
BGD,Bangladesh,2080,bau,bws,Irr,2.80619219675845,73,2,Medium - High (20-40%),Asia,South Asia
CHN,China,2050,opt,bws,Tot,2.80413862873425,59,2,Medium - High (20-40%),Asia,East Asia & Pacific
THA,Thailand,2030,pes,bws,One,2.80327440461638,48,2,Medium - High (20-40%),Asia,East Asia & Pacific
BGD,Bangladesh,2080,pes,bws,Ind,2.80174849575061,67,2,Medium - High (20-40%),Asia,South Asia
KAZ,Kazakhstan,2080,opt,bws,Tot,2.80067741996009,59,2,Medium - High (20-40%),Asia,Europe & Central Asia
NER,Niger,2050,pes,bws,Tot,2.79892913073115,60,2,Medium - High (20-40%),Africa,Sub-Saharan Africa
SEN,Senegal,2030,pes,bws,Liv,2.79885042526983,51,2,Medium - High (20-40%),Africa,Sub-Saharan Africa
TUR,Turkey,2030,opt,bws,One,2.79884305594522,49,2,Medium - High (20-40%),Asia,Europe & Central Asia
USA,United States,2080,opt,bws,Tot,2.79874181944188,60,2,Medium - High (20-40%),Americas,North America
TJK,Tajikistan,2080,pes,bws,Tot,2.79685518173595,68,2,Medium - High (20-40%),Asia,Europe & Central Asia
NPL,Nepal,2050,opt,bws,Dom,2.79341540747571,55,2,Medium - High (20-40%),Asia,South Asia
ZWE,Zimbabwe,2050,pes,bws,One,2.79306415521247,50,2,Medium - High (20-40%),Africa,Sub-Saharan Africa
PHL,Philippines,2050,bau,bws,Ind,2.79078256783848,62,2,Medium - High (20-40%),Asia,East Asia & Pacific
KEN,Kenya,2050,bau,bws,Irr,2.79047199432017,61,2,Medium - High (20-40%),Africa,Sub-Saharan Africa
BGD,Bangladesh,2050,bau,bws,Tot,2.79031097527768,61,2,Medium - High (20-40%),Asia,South Asia
ZWE,Zimbabwe,2030,pes,bws,Ind,2.78580151612923,59,2,Medium - High (20-40%),Africa,Sub-Saharan Africa
PHL,Philippines,2050,pes,bws,Irr,2.78459771495174,61,2,Medium - High (20-40%),Asia,East Asia & Pacific
ZWE,Zimbabwe,2050,pes,bws,Liv,2.78282019615382,50,2,Medium - High (20-40%),Africa,Sub-Saharan Africa
USA,United States,2050,pes,bws,Dom,2.78277717121124,57,2,Medium - High (20-40%),Americas,North America
SDN,Sudan,2030,opt,bws,Dom,2.78115991727824,57,2,Medium - High (20-40%),Africa,Sub-Saharan Africa
USA,United States,2050,bau,bws,Tot,2.78067067628067,62,2,Medium - High (20-40%),Americas,North America
TJK,Tajikistan,2080,pes,bws,Dom,2.77831822640042,62,2,Medium - High (20-40%),Asia,Europe & Central Asia
NPL,Nepal,2050,bau,bws,Liv,2.7780947261173,53,2,Medium - High (20-40%),Asia,South Asia
CHN,China,2050,bau,bws,Dom,2.77777762179541,57,2,Medium - High (20-40%),Asia,East Asia & Pacific
BFA,Burkina Faso,2050,bau,bws,Dom,2.777764207904,58,2,Medium - High (20-40%),Africa,Sub-Saharan Africa
MRT,Mauritania,2030,opt,bws,Irr,2.77724490949951,60,2,Medium - High (20-40%),Africa,Sub-Saharan Africa
CHN,China,2050,opt,bws,Irr,2.77708591712224,61,2,Medium - High (20-40%),Asia,East Asia & Pacific
NPL,Nepal,2080,opt,bws,Liv,2.77703378672235,52,2,Medium - High (20-40%),Asia,South Asia
CHN,China,2050,pes,bws,Dom,2.77611817931735,58,2,Medium - High (20-40%),Asia,East Asia & Pacific
USA,United States,2050,opt,bws,Tot,2.77604674199759,60,2,Medium - High (20-40%),Americas,North America
BFA,Burkina Faso,2080,opt,bws,Irr,2.77578274783048,61,2,Medium - High (20-40%),Africa,Sub-Saharan Africa
PRT,Portugal,2030,opt,bws,One,2.77568859988443,50,2,Medium - High (20-40%),Europe,Europe & Central Asia
USA,United States,2050,opt,bws,Liv,2.77487298871922,52,2,Medium - High (20-40%),Americas,North America
BGD,Bangladesh,2050,pes,bws,Tot,2.77443937266592,61,2,Medium - High (20-40%),Asia,South Asia
CHN,China,2030,pes,bws,Tot,2.77399445295053,58,2,Medium - High (20-40%),Asia,East Asia & Pacific
SLV,El Salvador,2080,pes,bws,Ind,2.77163128878604,68,2,Medium - High (20-40%),Americas,Latin America & Caribbean
BGD,Bangladesh,2050,opt,bws,Tot,2.77142492104871,61,2,Medium - High (20-40%),Asia,South Asia
MLI,Mali,2080,pes,bws,Dom,2.77137632567834,63,2,Medium - High (20-40%),Africa,Sub-Saharan Africa
ERI,Eritrea,2050,pes,bws,Tot,2.77038676374274,62,2,Medium - High (20-40%),Africa,Sub-Saharan Africa
AZE,Azerbaijan,2050,opt,bws,Ind,2.76854837826497,60,2,Medium - High (20-40%),Asia,Europe & Central Asia
AZE,Azerbaijan,2030,bau,bws,Ind,2.7683518575125,57,2,Medium - High (20-40%),Asia,Europe & Central Asia
USA,United States,2080,pes,bws,Ind,2.76700950354694,69,2,Medium - High (20-40%),Americas,North America
ZWE,Zimbabwe,2080,pes,bws,Dom,2.7667759561755,64,2,Medium - High (20-40%),Africa,Sub-Saharan Africa
ETH,Ethiopia,2080,pes,bws,Ind,2.76674425493867,70,2,Medium - High (20-40%),Africa,Sub-Saharan Africa
CHN,China,2080,opt,bws,Tot,2.76674302287964,61,2,Medium - High (20-40%),Asia,East Asia & Pacific
BFA,Burkina Faso,2050,pes,bws,Tot,2.76492849933735,63,2,Medium - High (20-40%),Africa,Sub-Saharan Africa
CHN,China,2050,bau,bws,Tot,2.76448550930835,63,2,Medium - High (20-40%),Asia,East Asia & Pacific
CHN,China,2030,bau,bws,Tot,2.76332620247751,57,2,Medium - High (20-40%),Asia,East Asia & Pacific
AFG,Afghanistan,2050,pes,bws,Ind,2.76323302798058,60,2,Medium - High (20-40%),Asia,South Asia
AUS,Australia,2030,bau,bws,Irr,2.76315938362737,57,2,Medium - High (20-40%),Oceania,East Asia & Pacific
CHN,China,2050,opt,bws,Dom,2.76136322514573,57,2,Medium - High (20-40%),Asia,East Asia & Pacific
USA,United States,2050,pes,bws,Liv,2.76026035430741,51,2,Medium - High (20-40%),Americas,North America
SEN,Senegal,2030,opt,bws,One,2.75907904700254,51,2,Medium - High (20-40%),Africa,Sub-Saharan Africa
AZE,Azerbaijan,2030,opt,bws,Dom,2.7587452435173,58,2,Medium - High (20-40%),Asia,Europe & Central Asia
CHN,China,2030,opt,bws,Tot,2.7579655386627,59,2,Medium - High (20-40%),Asia,East Asia & Pacific
CHN,China,2080,bau,bws,Tot,2.75747977069495,68,2,Medium - High (20-40%),Asia,East Asia & Pacific
KAZ,Kazakhstan,2030,opt,bws,Tot,2.75731529286033,60,2,Medium - High (20-40%),Asia,Europe & Central Asia
AZE,Azerbaijan,2050,pes,bws,Dom,2.75626918322984,59,2,Medium - High (20-40%),Asia,Europe & Central Asia
KEN,Kenya,2050,pes,bws,Irr,2.75579506130544,62,2,Medium - High (20-40%),Africa,Sub-Saharan Africa
SDN,Sudan,2050,opt,bws,Dom,2.75547991536094,58,2,Medium - High (20-40%),Africa,Sub-Saharan Africa
CHN,China,2030,pes,bws,Dom,2.75479484461439,58,2,Medium - High (20-40%),Asia,East Asia & Pacific
BGD,Bangladesh,2080,bau,bws,Tot,2.75429168090742,69,2,Medium - High (20-40%),Asia,South Asia
BFA,Burkina Faso,2080,opt,bws,One,2.75393889021309,52,2,Medium - High (20-40%),Africa,Sub-Saharan Africa
NER,Niger,2030,opt,bws,Ind,2.75380038118208,60,2,Medium - High (20-40%),Africa,Sub-Saharan Africa
TUR,Turkey,2030,bau,bws,One,2.75138954100014,50,2,Medium - High (20-40%),Asia,Europe & Central Asia
CHN,China,2080,opt,bws,Irr,2.75135981787501,62,2,Medium - High (20-40%),Asia,East Asia & Pacific
BGD,Bangladesh,2080,opt,bws,Dom,2.75083577217565,59,2,Medium - High (20-40%),Asia,South Asia
SLV,El Salvador,2050,bau,bws,Tot,2.75064888613794,64,2,Medium - High (20-40%),Americas,Latin America & Caribbean
KAZ,Kazakhstan,2080,pes,bws,Dom,2.74991435397795,65,2,Medium - High (20-40%),Asia,Europe & Central Asia
CHN,China,2030,bau,bws,Dom,2.74910168407407,55,2,Medium - High (20-40%),Asia,East Asia & Pacific
CHN,China,2030,pes,bws,Irr,2.74903224431631,59,2,Medium - High (20-40%),Asia,East Asia & Pacific
SDN,Sudan,2030,pes,bws,One,2.74899064855852,49,2,Medium - High (20-40%),Africa,Sub-Saharan Africa
TJK,Tajikistan,2080,pes,bws,Irr,2.74801075481572,70,2,Medium - High (20-40%),Asia,Europe & Central Asia
SLV,El Salvador,2050,bau,bws,One,2.7477051446802,53,2,Medium - High (20-40%),Americas,Latin America & Caribbean
BFA,Burkina Faso,2030,bau,bws,Dom,2.74532294013821,56,2,Medium - High (20-40%),Africa,Sub-Saharan Africa
ERI,Eritrea,2080,pes,bws,Ind,2.7443974969622,71,2,Medium - High (20-40%),Africa,Sub-Saharan Africa
ARM,Armenia,2080,pes,bws,Liv,2.74409540227187,59,2,Medium - High (20-40%),Asia,Europe & Central Asia
AZE,Azerbaijan,2080,opt,bws,Ind,2.74351840606796,62,2,Medium - High (20-40%),Asia,Europe & Central Asia
ETH,Ethiopia,2050,pes,bws,Ind,2.7434406939774,61,2,Medium - High (20-40%),Africa,Sub-Saharan Africa
KAZ,Kazakhstan,2080,bau,bws,Dom,2.74312183222664,63,2,Medium - High (20-40%),Asia,Europe & Central Asia
BGD,Bangladesh,2030,bau,bws,Irr,2.74150896515303,58,2,Medium - High (20-40%),Asia,South Asia
USA,United States,2030,opt,bws,Tot,2.74002579557035,61,2,Medium - High (20-40%),Americas,North America
CHN,China,2080,bau,bws,Irr,2.73969942225602,74,2,Medium - High (20-40%),Asia,East Asia & Pacific
BFA,Burkina Faso,2030,pes,bws,Dom,2.73929424427409,59,2,Medium - High (20-40%),Africa,Sub-Saharan Africa
BFA,Burkina Faso,2030,opt,bws,Dom,2.73919324250128,59,2,Medium - High (20-40%),Africa,Sub-Saharan Africa
CHN,China,2030,opt,bws,Irr,2.73710111098752,61,2,Medium - High (20-40%),Asia,East Asia & Pacific
USA,United States,2080,opt,bws,Liv,2.73648541075676,54,2,Medium - High (20-40%),Americas,North America
CHN,China,2050,pes,bws,Tot,2.73577682025676,64,2,Medium - High (20-40%),Asia,East Asia & Pacific
MRT,Mauritania,2030,pes,bws,Tot,2.73531380185491,59,2,Medium - High (20-40%),Africa,Sub-Saharan Africa
TUR,Turkey,2030,pes,bws,One,2.73430536239627,50,2,Medium - High (20-40%),Asia,Europe & Central Asia
CHN,China,2030,bau,bws,Irr,2.73391548949711,59,2,Medium - High (20-40%),Asia,East Asia & Pacific
ZWE,Zimbabwe,2080,opt,bws,Dom,2.73191507020232,60,2,Medium - High (20-40%),Africa,Sub-Saharan Africa
ERI,Eritrea,2050,pes,bws,Ind,2.73092956106377,62,2,Medium - High (20-40%),Africa,Sub-Saharan Africa
BFA,Burkina Faso,2030,pes,bws,Liv,2.73020786598448,52,2,Medium - High (20-40%),Africa,Sub-Saharan Africa
BFA,Burkina Faso,2030,opt,bws,Liv,2.72956584804325,52,2,Medium - High (20-40%),Africa,Sub-Saharan Africa
ARM,Armenia,2030,opt,bws,One,2.72912051935783,52,2,Medium - High (20-40%),Asia,Europe & Central Asia
AZE,Azerbaijan,2030,pes,bws,Dom,2.72899766752646,60,2,Medium - High (20-40%),Asia,Europe & Central Asia
CHN,China,2050,bau,bws,Irr,2.72871360457588,62,2,Medium - High (20-40%),Asia,East Asia & Pacific
TJK,Tajikistan,2080,pes,bws,Liv,2.72637135046083,60,2,Medium - High (20-40%),Asia,Europe & Central Asia
GUY,Guyana,2080,pes,bws,Irr,2.72610207213093,71,2,Medium - High (20-40%),Americas,Latin America & Caribbean
ZWE,Zimbabwe,2030,bau,bws,Ind,2.72563679609661,58,2,Medium - High (20-40%),Africa,Sub-Saharan Africa
PHL,Philippines,2050,opt,bws,Irr,2.72535992696994,62,2,Medium - High (20-40%),Asia,East Asia & Pacific
KAZ,Kazakhstan,2030,bau,bws,Tot,2.72465756290921,58,2,Medium - High (20-40%),Asia,Europe & Central Asia
ERI,Eritrea,2080,pes,bws,Dom,2.72414150921374,66,2,Medium - High (20-40%),Africa,Sub-Saharan Africa
ERI,Eritrea,2030,pes,bws,Liv,2.72335503952027,53,2,Medium - High (20-40%),Africa,Sub-Saharan Africa
NGA,Nigeria,2080,opt,bws,Irr,2.72265937785865,63,2,Medium - High (20-40%),Africa,Sub-Saharan Africa
ZWE,Zimbabwe,2050,bau,bws,Irr,2.72261157443793,63,2,Medium - High (20-40%),Africa,Sub-Saharan Africa
TJK,Tajikistan,2030,opt,bws,Ind,2.72233857431411,61,2,Medium - High (20-40%),Asia,Europe & Central Asia
TZA,Tanzania,2050,bau,bws,Tot,2.72168911430503,65,2,Medium - High (20-40%),Africa,Sub-Saharan Africa
BGD,Bangladesh,2030,pes,bws,Irr,2.72137620008958,60,2,Medium - High (20-40%),Asia,South Asia
GUY,Guyana,2080,pes,bws,Tot,2.72122066527063,69,2,Medium - High (20-40%),Americas,Latin America & Caribbean
AUS,Australia,2030,pes,bws,Ind,2.72056178108591,60,2,Medium - High (20-40%),Oceania,East Asia & Pacific
BFA,Burkina Faso,2080,bau,bws,One,2.72055684042502,57,2,Medium - High (20-40%),Africa,Sub-Saharan Africa
BGD,Bangladesh,2030,opt,bws,Irr,2.71975603513207,62,2,Medium - High (20-40%),Asia,South Asia
CHN,China,2080,pes,bws,Dom,2.71966036808688,67,2,Medium - High (20-40%),Asia,East Asia & Pacific
USA,United States,2050,opt,bws,Dom,2.71957961653898,59,2,Medium - High (20-40%),Americas,North America
SOM,Somalia,2030,pes,bws,Liv,2.719325943052,54,2,Medium - High (20-40%),Africa,Sub-Saharan Africa
SDN,Sudan,2030,pes,bws,Dom,2.71917508260994,61,2,Medium - High (20-40%),Africa,Sub-Saharan Africa
BFA,Burkina Faso,2050,bau,bws,Liv,2.71913394539419,54,2,Medium - High (20-40%),Africa,Sub-Saharan Africa
SEN,Senegal,2030,bau,bws,Tot,2.71903094626823,59,2,Medium - High (20-40%),Africa,Sub-Saharan Africa
SDN,Sudan,2080,bau,bws,Dom,2.71891840756768,64,2,Medium - High (20-40%),Africa,Sub-Saharan Africa
AZE,Azerbaijan,2030,pes,bws,One,2.71860916496137,51,2,Medium - High (20-40%),Asia,Europe & Central Asia
CHN,China,2080,bau,bws,Dom,2.71827721231049,65,2,Medium - High (20-40%),Asia,East Asia & Pacific
SDN,Sudan,2050,bau,bws,One,2.71620748631762,54,2,Medium - High (20-40%),Africa,Sub-Saharan Africa
BGD,Bangladesh,2030,bau,bws,Tot,2.71593398406409,60,2,Medium - High (20-40%),Asia,South Asia
MLI,Mali,2080,pes,bws,Liv,2.71577608179993,61,2,Medium - High (20-40%),Africa,Sub-Saharan Africa
MRT,Mauritania,2080,opt,bws,Tot,2.71394839496335,62,2,Medium - High (20-40%),Africa,Sub-Saharan Africa
CHN,China,2030,opt,bws,Dom,2.71288651002984,60,2,Medium - High (20-40%),Asia,East Asia & Pacific
CHN,China,2080,pes,bws,Tot,2.71284572121811,70,2,Medium - High (20-40%),Asia,East Asia & Pacific
AFG,Afghanistan,2050,pes,bws,Liv,2.71119571203283,52,2,Medium - High (20-40%),Asia,South Asia
AZE,Azerbaijan,2030,opt,bws,One,2.71024465449992,53,2,Medium - High (20-40%),Asia,Europe & Central Asia
ARM,Armenia,2050,pes,bws,One,2.70989300086427,51,2,Medium - High (20-40%),Asia,Europe & Central Asia
MNG,Mongolia,2080,opt,bws,Ind,2.70798060263104,63,2,Medium - High (20-40%),Asia,East Asia & Pacific
NPL,Nepal,2050,bau,bws,Dom,2.70797253196131,59,2,Medium - High (20-40%),Asia,South Asia
ETH,Ethiopia,2080,bau,bws,Ind,2.70578922460415,68,2,Medium - High (20-40%),Africa,Sub-Saharan Africa
AZE,Azerbaijan,2050,pes,bws,One,2.7056849506894,52,2,Medium - High (20-40%),Asia,Europe & Central Asia
USA,United States,2030,pes,bws,Tot,2.70456492980871,60,2,Medium - High (20-40%),Americas,North America
ARM,Armenia,2030,bau,bws,One,2.70419282557906,51,2,Medium - High (20-40%),Asia,Europe & Central Asia
CHN,China,2080,opt,bws,Dom,2.70265842800594,61,2,Medium - High (20-40%),Asia,East Asia & Pacific
PHL,Philippines,2030,pes,bws,Irr,2.70262875175854,61,2,Medium - High (20-40%),Asia,East Asia & Pacific
PAK,Pakistan,2080,opt,bws,One,2.70064554612074,53,2,Medium - High (20-40%),Asia,South Asia
NER,Niger,2030,pes,bws,Ind,2.69818019558909,61,2,Medium - High (20-40%),Africa,Sub-Saharan Africa
BGD,Bangladesh,2030,pes,bws,Tot,2.69779003200521,61,2,Medium - High (20-40%),Asia,South Asia
ARM,Armenia,2030,pes,bws,One,2.69697231112414,52,2,Medium - High (20-40%),Asia,Europe & Central Asia
SDN,Sudan,2050,opt,bws,One,2.6965059445685,49,2,Medium - High (20-40%),Africa,Sub-Saharan Africa
TJK,Tajikistan,2080,opt,bws,Ind,2.69643090236001,64,2,Medium - High (20-40%),Asia,Europe & Central Asia
BGD,Bangladesh,2030,opt,bws,Tot,2.69570058970655,62,2,Medium - High (20-40%),Asia,South Asia
TJK,Tajikistan,2030,opt,bws,Liv,2.69560375526671,54,2,Medium - High (20-40%),Asia,Europe & Central Asia
BGD,Bangladesh,2050,bau,bws,Ind,2.69519088537249,63,2,Medium - High (20-40%),Asia,South Asia
PHL,Philippines,2050,bau,bws,Irr,2.69482081370853,64,2,Medium - High (20-40%),Asia,East Asia & Pacific
PHL,Philippines,2030,bau,bws,Irr,2.69435880974381,60,2,Medium - High (20-40%),Asia,East Asia & Pacific
TJK,Tajikistan,2050,bau,bws,Tot,2.69399787010147,66,2,Medium - High (20-40%),Asia,Europe & Central Asia
AZE,Azerbaijan,2080,opt,bws,Dom,2.6935259945072,62,2,Medium - High (20-40%),Asia,Europe & Central Asia
SDN,Sudan,2030,bau,bws,One,2.69300169852982,52,2,Medium - High (20-40%),Africa,Sub-Saharan Africa
MRT,Mauritania,2030,bau,bws,Tot,2.69255537665404,61,2,Medium - High (20-40%),Africa,Sub-Saharan Africa
CHN,China,2050,pes,bws,Irr,2.69220353720361,63,2,Medium - High (20-40%),Asia,East Asia & Pacific
ERI,Eritrea,2050,opt,bws,Liv,2.69201139401314,53,2,Medium - High (20-40%),Africa,Sub-Saharan Africa
TJK,Tajikistan,2080,opt,bws,Liv,2.69064508111437,55,2,Medium - High (20-40%),Asia,Europe & Central Asia
ZWE,Zimbabwe,2080,opt,bws,Tot,2.68999169249898,63,2,Medium - High (20-40%),Africa,Sub-Saharan Africa
NER,Niger,2030,bau,bws,Ind,2.68966487165873,59,2,Medium - High (20-40%),Africa,Sub-Saharan Africa
CHN,China,2080,pes,bws,Irr,2.68914610616918,72,2,Medium - High (20-40%),Asia,East Asia & Pacific
AZE,Azerbaijan,2050,pes,bws,Liv,2.68763923287949,53,2,Medium - High (20-40%),Asia,Europe & Central Asia
KAZ,Kazakhstan,2050,bau,bws,Ind,2.68750456267154,64,2,Medium - High (20-40%),Asia,Europe & Central Asia
AZE,Azerbaijan,2050,opt,bws,Dom,2.68734974601621,60,2,Medium - High (20-40%),Asia,Europe & Central Asia
AZE,Azerbaijan,2050,bau,bws,Irr,2.6870995481109,65,2,Medium - High (20-40%),Asia,Europe & Central Asia
AZE,Azerbaijan,2030,opt,bws,Liv,2.68688472508665,55,2,Medium - High (20-40%),Asia,Europe & Central Asia
ARM,Armenia,2080,opt,bws,Irr,2.68555394599524,64,2,Medium - High (20-40%),Asia,Europe & Central Asia
TJK,Tajikistan,2050,bau,bws,Liv,2.68438526148283,55,2,Medium - High (20-40%),Asia,Europe & Central Asia
PHL,Philippines,2050,opt,bws,Ind,2.68269852269889,61,2,Medium - High (20-40%),Asia,East Asia & Pacific
AZE,Azerbaijan,2030,pes,bws,Liv,2.68252548992215,55,2,Medium - High (20-40%),Asia,Europe & Central Asia
TUR,Turkey,2050,opt,bws,One,2.68248374934226,50,2,Medium - High (20-40%),Asia,Europe & Central Asia
ZWE,Zimbabwe,2050,bau,bws,Tot,2.67934359912184,67,2,Medium - High (20-40%),Africa,Sub-Saharan Africa
NER,Niger,2050,pes,bws,Irr,2.67891082782997,64,2,Medium - High (20-40%),Africa,Sub-Saharan Africa
AFG,Afghanistan,2030,opt,bws,Dom,2.67669660612451,61,2,Medium - High (20-40%),Asia,South Asia
AZE,Azerbaijan,2030,bau,bws,Dom,2.6765620506189,57,2,Medium - High (20-40%),Asia,Europe & Central Asia
AZE,Azerbaijan,2050,opt,bws,One,2.67473761310762,51,2,Medium - High (20-40%),Asia,Europe & Central Asia
TJK,Tajikistan,2030,bau,bws,Ind,2.67425780386892,60,2,Medium - High (20-40%),Asia,Europe & Central Asia
AZE,Azerbaijan,2030,opt,bws,Tot,2.67330256463568,63,2,Medium - High (20-40%),Asia,Europe & Central Asia
NPL,Nepal,2080,opt,bws,Dom,2.67281400879977,63,2,Medium - High (20-40%),Asia,South Asia
SEN,Senegal,2050,pes,bws,One,2.67265735226564,53,2,Medium - High (20-40%),Africa,Sub-Saharan Africa
USA,United States,2030,bau,bws,Tot,2.67153349205486,62,2,Medium - High (20-40%),Americas,North America
TJK,Tajikistan,2050,bau,bws,Dom,2.67130157113714,60,2,Medium - High (20-40%),Asia,Europe & Central Asia
PHL,Philippines,2050,pes,bws,Ind,2.67097797605325,63,2,Medium - High (20-40%),Asia,East Asia & Pacific
BGD,Bangladesh,2050,opt,bws,Ind,2.67038421692299,62,2,Medium - High (20-40%),Asia,South Asia
BGD,Bangladesh,2030,bau,bws,Ind,2.67014438910122,61,2,Medium - High (20-40%),Asia,South Asia
AUS,Australia,2030,opt,bws,Ind,2.66810716498169,62,2,Medium - High (20-40%),Oceania,East Asia & Pacific
AUS,Australia,2080,opt,bws,One,2.66781366346236,54,2,Medium - High (20-40%),Oceania,East Asia & Pacific
HND,Honduras,2080,pes,bws,One,2.66687475664801,56,2,Medium - High (20-40%),Americas,Latin America & Caribbean
AZE,Azerbaijan,2050,pes,bws,Tot,2.66681140803264,65,2,Medium - High (20-40%),Asia,Europe & Central Asia
AZE,Azerbaijan,2030,bau,bws,One,2.66499471940713,53,2,Medium - High (20-40%),Asia,Europe & Central Asia
USA,United States,2080,bau,bws,Tot,2.66373999732187,70,2,Medium - High (20-40%),Americas,North America
ARG,Argentina,2080,bau,bws,Irr,2.66289921968052,75,2,Medium - High (20-40%),Americas,Latin America & Caribbean
PHL,Philippines,2080,opt,bws,Ind,2.66216316788385,65,2,Medium - High (20-40%),Asia,East Asia & Pacific
AFG,Afghanistan,2080,opt,bws,Ind,2.66160482505884,66,2,Medium - High (20-40%),Asia,South Asia
FRA,France,2080,pes,bws,One,2.66011006858585,57,2,Medium - High (20-40%),Europe,Europe & Central Asia
BGD,Bangladesh,2080,pes,bws,Dom,2.65983047314375,68,2,Medium - High (20-40%),Asia,South Asia
CHL,Chile,2080,pes,bws,One,2.65905330275803,58,2,Medium - High (20-40%),Americas,Latin America & Caribbean
MRT,Mauritania,2050,pes,bws,Irr,2.65588195231486,65,2,Medium - High (20-40%),Africa,Sub-Saharan Africa
AFG,Afghanistan,2030,bau,bws,Dom,2.65417412370471,58,2,Medium - High (20-40%),Asia,South Asia
AZE,Azerbaijan,2080,opt,bws,One,2.65291280109761,55,2,Medium - High (20-40%),Asia,Europe & Central Asia
AZE,Azerbaijan,2050,opt,bws,Liv,2.65107552210959,54,2,Medium - High (20-40%),Asia,Europe & Central Asia
TJK,Tajikistan,2050,pes,bws,Ind,2.64884838146027,64,2,Medium - High (20-40%),Asia,Europe & Central Asia
BGD,Bangladesh,2080,bau,bws,Ind,2.64762287075379,69,2,Medium - High (20-40%),Asia,South Asia
PHL,Philippines,2050,pes,bws,Tot,2.64678676948865,66,2,Medium - High (20-40%),Asia,East Asia & Pacific
TJK,Tajikistan,2050,pes,bws,Liv,2.64277815698995,55,2,Medium - High (20-40%),Asia,Europe & Central Asia
PAK,Pakistan,2080,bau,bws,One,2.64261702684257,58,2,Medium - High (20-40%),Asia,South Asia
USA,United States,2030,opt,bws,Dom,2.64230991965357,62,2,Medium - High (20-40%),Americas,North America
BGD,Bangladesh,2030,opt,bws,Ind,2.64118763813131,63,2,Medium - High (20-40%),Asia,South Asia
SLV,El Salvador,2050,bau,bws,Dom,2.64101632237196,61,2,Medium - High (20-40%),Americas,Latin America & Caribbean
KAZ,Kazakhstan,2080,bau,bws,Ind,2.64040298012652,70,2,Medium - High (20-40%),Asia,Europe & Central Asia
GUY,Guyana,2050,pes,bws,Irr,2.63805966899589,66,2,Medium - High (20-40%),Americas,Latin America & Caribbean
TJK,Tajikistan,2030,pes,bws,Liv,2.6379796999505,56,2,Medium - High (20-40%),Asia,Europe & Central Asia
AFG,Afghanistan,2030,pes,bws,Dom,2.63785091806582,62,2,Medium - High (20-40%),Asia,South Asia
PAK,Pakistan,2050,pes,bws,One,2.63746838148641,54,2,Medium - High (20-40%),Asia,South Asia
AZE,Azerbaijan,2080,opt,bws,Liv,2.63745123161047,56,2,Medium - High (20-40%),Asia,Europe & Central Asia
PHL,Philippines,2050,bau,bws,Tot,2.63739657907849,68,2,Medium - High (20-40%),Asia,East Asia & Pacific
AUS,Australia,2030,bau,bws,Ind,2.63721629488458,62,2,Medium - High (20-40%),Oceania,East Asia & Pacific
MRT,Mauritania,2050,opt,bws,Tot,2.63584272548008,62,2,Medium - High (20-40%),Africa,Sub-Saharan Africa
PHL,Philippines,2080,pes,bws,Dom,2.63537678603001,69,2,Medium - High (20-40%),Asia,East Asia & Pacific
NPL,Nepal,2030,bau,bws,Dom,2.6353565392441,59,2,Medium - High (20-40%),Asia,South Asia
ETH,Ethiopia,2050,opt,bws,Ind,2.63523308476834,63,2,Medium - High (20-40%),Africa,Sub-Saharan Africa
KAZ,Kazakhstan,2080,pes,bws,Liv,2.63455002669078,62,2,Medium - High (20-40%),Asia,Europe & Central Asia
GUY,Guyana,2080,bau,bws,Ind,2.63446509939079,71,2,Medium - High (20-40%),Americas,Latin America & Caribbean
GUY,Guyana,2050,pes,bws,Tot,2.63266819262895,67,2,Medium - High (20-40%),Americas,Latin America & Caribbean
AFG,Afghanistan,2050,bau,bws,Liv,2.63138320598139,56,2,Medium - High (20-40%),Asia,South Asia
BGD,Bangladesh,2030,pes,bws,Ind,2.63099567896408,62,2,Medium - High (20-40%),Asia,South Asia
KAZ,Kazakhstan,2080,bau,bws,One,2.63093899026293,59,2,Medium - High (20-40%),Asia,Europe & Central Asia
BGD,Bangladesh,2050,pes,bws,Ind,2.63046286386048,65,2,Medium - High (20-40%),Asia,South Asia
GUY,Guyana,2050,opt,bws,Irr,2.62875448306865,63,2,Medium - High (20-40%),Americas,Latin America & Caribbean
USA,United States,2050,bau,bws,Liv,2.62829896457103,57,2,Medium - High (20-40%),Americas,North America
PHL,Philippines,2030,opt,bws,Irr,2.62659853026056,63,2,Medium - High (20-40%),Asia,East Asia & Pacific
USA,United States,2050,bau,bws,Dom,2.62630413739842,62,2,Medium - High (20-40%),Americas,North America
USA,United States,2030,opt,bws,Liv,2.62531814657244,56,2,Medium - High (20-40%),Americas,North America
NPL,Nepal,2030,bau,bws,Liv,2.62472382882926,51,2,Medium - High (20-40%),Asia,South Asia
GUY,Guyana,2050,opt,bws,Tot,2.6232781881548,63,2,Medium - High (20-40%),Americas,Latin America & Caribbean
TZA,Tanzania,2050,pes,bws,Ind,2.62226896181849,66,2,Medium - High (20-40%),Africa,Sub-Saharan Africa
KAZ,Kazakhstan,2050,pes,bws,Ind,2.62120318324142,67,2,Medium - High (20-40%),Asia,Europe & Central Asia
AZE,Azerbaijan,2030,pes,bws,Tot,2.62030488478452,62,2,Medium - High (20-40%),Asia,Europe & Central Asia
AGO,Angola,2080,pes,bws,Tot,2.61762369469951,71,2,Medium - High (20-40%),Africa,Sub-Saharan Africa
KAZ,Kazakhstan,2030,pes,bws,Ind,2.61650049859971,63,2,Medium - High (20-40%),Asia,Europe & Central Asia
TJK,Tajikistan,2030,pes,bws,Ind,2.61647738240848,64,2,Medium - High (20-40%),Asia,Europe & Central Asia
TJK,Tajikistan,2030,opt,bws,Tot,2.61622222818266,64,2,Medium - High (20-40%),Asia,Europe & Central Asia
AZE,Azerbaijan,2030,bau,bws,Liv,2.61594177638924,52,2,Medium - High (20-40%),Asia,Europe & Central Asia
USA,United States,2030,pes,bws,Liv,2.61479627401365,57,2,Medium - High (20-40%),Americas,North America
TJK,Tajikistan,2030,bau,bws,Liv,2.61434491762684,53,2,Medium - High (20-40%),Asia,Europe & Central Asia
AFG,Afghanistan,2050,bau,bws,Ind,2.61281976382284,65,2,Medium - High (20-40%),Asia,South Asia
BGD,Bangladesh,2080,opt,bws,Liv,2.61047373371534,57,2,Medium - High (20-40%),Asia,South Asia
PHL,Philippines,2050,opt,bws,Tot,2.60989611286072,64,2,Medium - High (20-40%),Asia,East Asia & Pacific
SEN,Senegal,2030,bau,bws,Irr,2.60934187647536,61,2,Medium - High (20-40%),Africa,Sub-Saharan Africa
SDN,Sudan,2080,bau,bws,One,2.60884014846763,60,2,Medium - High (20-40%),Africa,Sub-Saharan Africa
ZWE,Zimbabwe,2080,pes,bws,One,2.60841525900932,59,2,Medium - High (20-40%),Africa,Sub-Saharan Africa
TJK,Tajikistan,2030,opt,bws,Dom,2.60737693750011,63,2,Medium - High (20-40%),Asia,Europe & Central Asia
PAK,Pakistan,2030,opt,bws,One,2.60621068729614,54,2,Medium - High (20-40%),Asia,South Asia
DJI,Djibouti,2030,pes,bws,One,2.60593840369502,53,2,Medium - High (20-40%),Africa,Middle East & North Africa
SDN,Sudan,2050,pes,bws,One,2.60567267799617,55,2,Medium - High (20-40%),Africa,Sub-Saharan Africa
TJK,Tajikistan,2050,opt,bws,Ind,2.605548109045,64,2,Medium - High (20-40%),Asia,Europe & Central Asia
TJK,Tajikistan,2050,bau,bws,Irr,2.60459831621118,66,2,Medium - High (20-40%),Asia,Europe & Central Asia
SOM,Somalia,2030,pes,bws,One,2.6033420205724,54,2,Medium - High (20-40%),Africa,Sub-Saharan Africa
ZWE,Zimbabwe,2080,pes,bws,Liv,2.60207939556517,63,2,Medium - High (20-40%),Africa,Sub-Saharan Africa
CHL,Chile,2050,pes,bws,One,2.60097884782063,56,2,Medium - High (20-40%),Americas,Latin America & Caribbean
KAZ,Kazakhstan,2050,opt,bws,Ind,2.60077529853362,65,2,Medium - High (20-40%),Asia,Europe & Central Asia
CHL,Chile,2080,bau,bws,One,2.60059375283767,61,2,Medium - High (20-40%),Americas,Latin America & Caribbean
KAZ,Kazakhstan,2080,bau,bws,Liv,2.59932889726719,61,2,Medium - High (20-40%),Asia,Europe & Central Asia
ARM,Armenia,2050,opt,bws,One,2.59885274217104,52,2,Medium - High (20-40%),Asia,Europe & Central Asia
VEN,Venezuela,2080,bau,bws,Dom,2.59855429114947,66,2,Medium - High (20-40%),Americas,Latin America & Caribbean
AFG,Afghanistan,2050,opt,bws,Dom,2.59838665252723,61,2,Medium - High (20-40%),Asia,South Asia
SDN,Sudan,2030,opt,bws,Liv,2.59816089744334,57,2,Medium - High (20-40%),Africa,Sub-Saharan Africa
TJK,Tajikistan,2080,opt,bws,Tot,2.59152948172286,64,2,Medium - High (20-40%),Asia,Europe & Central Asia
SDN,Sudan,2050,pes,bws,Dom,2.58992305074057,60,2,Medium - High (20-40%),Africa,Sub-Saharan Africa
SDN,Sudan,2030,bau,bws,Dom,2.58989821931862,60,2,Medium - High (20-40%),Africa,Sub-Saharan Africa
FRA,France,2050,pes,bws,Dom,2.58734675303641,61,2,Medium - High (20-40%),Europe,Europe & Central Asia
KAZ,Kazakhstan,2080,pes,bws,One,2.58619141083515,60,2,Medium - High (20-40%),Asia,Europe & Central Asia
SDN,Sudan,2080,opt,bws,Liv,2.58616667737454,58,2,Medium - High (20-40%),Africa,Sub-Saharan Africa
SLV,El Salvador,2030,bau,bws,Irr,2.58427312388626,62,2,Medium - High (20-40%),Americas,Latin America & Caribbean
SOM,Somalia,2030,opt,bws,Dom,2.58396545752679,64,2,Medium - High (20-40%),Africa,Sub-Saharan Africa
ZWE,Zimbabwe,2050,bau,bws,Dom,2.58355484032843,63,2,Medium - High (20-40%),Africa,Sub-Saharan Africa
AZE,Azerbaijan,2030,bau,bws,Tot,2.58238856640832,63,2,Medium - High (20-40%),Asia,Europe & Central Asia
DOM,Dominican Republic,2080,pes,bws,Tot,2.58223214886793,72,2,Medium - High (20-40%),Americas,Latin America & Caribbean
DOM,Dominican Republic,2080,pes,bws,One,2.58223214886793,61,2,Medium - High (20-40%),Americas,Latin America & Caribbean
DOM,Dominican Republic,2080,pes,bws,Liv,2.58223214886793,64,2,Medium - High (20-40%),Americas,Latin America & Caribbean
DOM,Dominican Republic,2080,pes,bws,Irr,2.58223214886793,73,2,Medium - High (20-40%),Americas,Latin America & Caribbean
DOM,Dominican Republic,2080,pes,bws,Ind,2.58223214886793,72.5,2,Medium - High (20-40%),Americas,Latin America & Caribbean
HTI,Haiti,2080,pes,bws,Ind,2.58223214886793,72.5,2,Medium - High (20-40%),Americas,Latin America & Caribbean
DOM,Dominican Republic,2080,pes,bws,Dom,2.58223214886793,70,2,Medium - High (20-40%),Americas,Latin America & Caribbean
HTI,Haiti,2080,pes,bws,Irr,2.58219418607447,74,2,Medium - High (20-40%),Americas,Latin America & Caribbean
HTI,Haiti,2080,pes,bws,Tot,2.58112431620817,73,2,Medium - High (20-40%),Americas,Latin America & Caribbean
CHL,Chile,2080,opt,bws,One,2.58091149927892,56,2,Medium - High (20-40%),Americas,Latin America & Caribbean
HTI,Haiti,2080,pes,bws,Liv,2.58061691953106,65,2,Medium - High (20-40%),Americas,Latin America & Caribbean
BFA,Burkina Faso,2050,pes,bws,Dom,2.57896113447784,62,2,Medium - High (20-40%),Africa,Sub-Saharan Africa
CHL,Chile,2050,opt,bws,One,2.57881544575243,53,2,Medium - High (20-40%),Americas,Latin America & Caribbean
AZE,Azerbaijan,2050,opt,bws,Tot,2.5782776526437,65,2,Medium - High (20-40%),Asia,Europe & Central Asia
HTI,Haiti,2080,pes,bws,Dom,2.57785681953295,71,2,Medium - High (20-40%),Americas,Latin America & Caribbean
TJK,Tajikistan,2080,opt,bws,Dom,2.57773214614682,64,2,Medium - High (20-40%),Asia,Europe & Central Asia
GUY,Guyana,2030,bau,bws,Irr,2.57530081733426,63,2,Medium - High (20-40%),Americas,Latin America & Caribbean
ZWE,Zimbabwe,2050,opt,bws,Tot,2.57388994266516,66,2,Medium - High (20-40%),Africa,Sub-Saharan Africa
CHL,Chile,2050,bau,bws,One,2.57261125502188,56,2,Medium - High (20-40%),Americas,Latin America & Caribbean
KAZ,Kazakhstan,2050,bau,bws,Dom,2.57242324234684,64,2,Medium - High (20-40%),Asia,Europe & Central Asia
TJK,Tajikistan,2050,opt,bws,Liv,2.57119508798878,55,2,Medium - High (20-40%),Asia,Europe & Central Asia
TZA,Tanzania,2030,bau,bws,Irr,2.57107774234679,64,2,Medium - High (20-40%),Africa,Sub-Saharan Africa
USA,United States,2030,bau,bws,Liv,2.5699117156179,55,2,Medium - High (20-40%),Americas,North America
ZWE,Zimbabwe,2080,opt,bws,Irr,2.56971305281336,65,2,Medium - High (20-40%),Africa,Sub-Saharan Africa
GMB,Gambia,2080,bau,bws,Irr,2.56956668807689,76,2,Medium - High (20-40%),Africa,Sub-Saharan Africa
BGD,Bangladesh,2050,bau,bws,Dom,2.56951625601059,65,2,Medium - High (20-40%),Asia,South Asia
GUY,Guyana,2030,bau,bws,Tot,2.56933108378342,64,2,Medium - High (20-40%),Americas,Latin America & Caribbean
TJK,Tajikistan,2030,opt,bws,Irr,2.56896248690013,64,2,Medium - High (20-40%),Asia,Europe & Central Asia
HND,Honduras,2080,pes,bws,Liv,2.56670845470182,66,2,Medium - High (20-40%),Americas,Latin America & Caribbean
CAN,Canada,2050,pes,bws,Irr,2.56517558575482,67,2,Medium - High (20-40%),Americas,North America
PER,Peru,2080,opt,bws,Dom,2.56492118077765,65,2,Medium - High (20-40%),Americas,Latin America & Caribbean
KAZ,Kazakhstan,2030,pes,bws,One,2.56479058509681,55,2,Medium - High (20-40%),Asia,Europe & Central Asia
ZWE,Zimbabwe,2050,opt,bws,Dom,2.56453475122129,62,2,Medium - High (20-40%),Africa,Sub-Saharan Africa
TJK,Tajikistan,2030,bau,bws,Tot,2.56370719444829,65,2,Medium - High (20-40%),Asia,Europe & Central Asia
AGO,Angola,2030,pes,bws,Tot,2.5631266623991,63,2,Medium - High (20-40%),Africa,Sub-Saharan Africa
TZA,Tanzania,2050,opt,bws,Ind,2.56266185010506,66,2,Medium - High (20-40%),Africa,Sub-Saharan Africa
FRA,France,2050,pes,bws,Liv,2.56224551007887,56,2,Medium - High (20-40%),Europe,Europe & Central Asia
LSO,Lesotho,2080,opt,bws,Liv,2.5616453879339,59,2,Medium - High (20-40%),Africa,Sub-Saharan Africa
BGD,Bangladesh,2050,pes,bws,Dom,2.5614902500592,63,2,Medium - High (20-40%),Asia,South Asia
CAN,Canada,2050,bau,bws,Irr,2.56137888675138,68,2,Medium - High (20-40%),Americas,North America
PER,Peru,2050,pes,bws,Dom,2.56111556239709,64,2,Medium - High (20-40%),Americas,Latin America & Caribbean
USA,United States,2030,pes,bws,Dom,2.55873681128001,63,2,Medium - High (20-40%),Americas,North America
NGA,Nigeria,2050,bau,bws,Irr,2.55762247800612,69,2,Medium - High (20-40%),Africa,Sub-Saharan Africa
BFA,Burkina Faso,2050,pes,bws,Liv,2.55687931245279,57,2,Medium - High (20-40%),Africa,Sub-Saharan Africa
ZWE,Zimbabwe,2030,opt,bws,Dom,2.55687466063617,65,2,Medium - High (20-40%),Africa,Sub-Saharan Africa
PER,Peru,2030,bau,bws,Dom,2.55662332494546,61,2,Medium - High (20-40%),Americas,Latin America & Caribbean
FRA,France,2080,opt,bws,Dom,2.55635470596217,66,2,Medium - High (20-40%),Europe,Europe & Central Asia
BFA,Burkina Faso,2080,pes,bws,One,2.55633409039891,62,2,Medium - High (20-40%),Africa,Sub-Saharan Africa
TJK,Tajikistan,2030,bau,bws,Dom,2.55613672408035,62,2,Medium - High (20-40%),Asia,Europe & Central Asia
IDN,Indonesia,2080,pes,bws,Ind,2.55514965752216,74,2,Medium - High (20-40%),Asia,East Asia & Pacific
AFG,Afghanistan,2030,opt,bws,Liv,2.5545084325967,58,2,Medium - High (20-40%),Asia,South Asia
SDN,Sudan,2050,bau,bws,Liv,2.55345507735494,58,2,Medium - High (20-40%),Africa,Sub-Saharan Africa
BGD,Bangladesh,2050,opt,bws,Dom,2.54933660155995,63,2,Medium - High (20-40%),Asia,South Asia
GUY,Guyana,2050,bau,bws,Irr,2.54780169760526,70,2,Medium - High (20-40%),Americas,Latin America & Caribbean
VEN,Venezuela,2080,pes,bws,Dom,2.54745005854834,72,2,Medium - High (20-40%),Americas,Latin America & Caribbean
PER,Peru,2050,opt,bws,Dom,2.54701128353043,64,2,Medium - High (20-40%),Americas,Latin America & Caribbean
PER,Peru,2030,pes,bws,Dom,2.54693162051704,64,2,Medium - High (20-40%),Americas,Latin America & Caribbean
TJK,Tajikistan,2030,pes,bws,Tot,2.54674480456168,64,2,Medium - High (20-40%),Asia,Europe & Central Asia
GUY,Guyana,2080,bau,bws,Irr,2.54652481219891,77,2,Medium - High (20-40%),Americas,Latin America & Caribbean
USA,United States,2080,opt,bws,Ind,2.54640818799007,67,2,Medium - High (20-40%),Americas,North America
KAZ,Kazakhstan,2030,opt,bws,Ind,2.54556153886269,64,2,Medium - High (20-40%),Asia,Europe & Central Asia
AZE,Azerbaijan,2080,opt,bws,Tot,2.54550326124602,65,2,Medium - High (20-40%),Asia,Europe & Central Asia
AFG,Afghanistan,2030,pes,bws,Liv,2.54478518071387,58,2,Medium - High (20-40%),Asia,South Asia
BGD,Bangladesh,2080,bau,bws,Dom,2.54339154272878,67,2,Medium - High (20-40%),Asia,South Asia
PHL,Philippines,2080,opt,bws,Irr,2.5432590146552,66,2,Medium - High (20-40%),Asia,East Asia & Pacific
PRK,North Korea,2050,bau,bws,Irr,2.54320677621643,71,2,Medium - High (20-40%),Asia,East Asia & Pacific
USA,United States,2080,bau,bws,Liv,2.54265697145402,62,2,Medium - High (20-40%),Americas,North America
FRA,France,2050,pes,bws,Ind,2.54233638496934,68,2,Medium - High (20-40%),Europe,Europe & Central Asia
TJK,Tajikistan,2050,pes,bws,Tot,2.5421878823152,68,2,Medium - High (20-40%),Asia,Europe & Central Asia
TJK,Tajikistan,2030,pes,bws,Dom,2.54195203469232,65,2,Medium - High (20-40%),Asia,Europe & Central Asia
ETH,Ethiopia,2050,bau,bws,Ind,2.54113078707639,67,2,Medium - High (20-40%),Africa,Sub-Saharan Africa
AFG,Afghanistan,2030,bau,bws,Liv,2.5410734338561,56,2,Medium - High (20-40%),Asia,South Asia
GUY,Guyana,2050,bau,bws,Tot,2.540656166395,70,2,Medium - High (20-40%),Americas,Latin America & Caribbean
UKR,Ukraine,2080,pes,bws,Irr,2.53874935256576,75,2,Medium - High (20-40%),Europe,Europe & Central Asia
GUY,Guyana,2080,bau,bws,Tot,2.53793469617706,71,2,Medium - High (20-40%),Americas,Latin America & Caribbean
PER,Peru,2030,opt,bws,Dom,2.53656228618382,66,2,Medium - High (20-40%),Americas,Latin America & Caribbean
PER,Peru,2050,bau,bws,Dom,2.53626940836344,66,2,Medium - High (20-40%),Americas,Latin America & Caribbean
MOZ,Mozambique,2080,bau,bws,Tot,2.53622804839443,72,2,Medium - High (20-40%),Africa,Sub-Saharan Africa
KAZ,Kazakhstan,2050,bau,bws,One,2.53557202862649,57,2,Medium - High (20-40%),Asia,Europe & Central Asia
TJK,Tajikistan,2080,opt,bws,Irr,2.53480363647065,67,2,Medium - High (20-40%),Asia,Europe & Central Asia
USA,United States,2030,bau,bws,Dom,2.5347460051936,63,2,Medium - High (20-40%),Americas,North America
CHL,Chile,2030,bau,bws,One,2.53459227250711,54,2,Medium - High (20-40%),Americas,Latin America & Caribbean
CZE,Czech Republic,2080,opt,bws,Irr,2.53315983572265,68,2,Medium - High (20-40%),Europe,Europe & Central Asia
ZWE,Zimbabwe,2030,opt,bws,Tot,2.53184971360834,65,2,Medium - High (20-40%),Africa,Sub-Saharan Africa
KAZ,Kazakhstan,2050,bau,bws,Liv,2.53074518119505,59,2,Medium - High (20-40%),Asia,Europe & Central Asia
TZA,Tanzania,2050,bau,bws,Ind,2.53061766508944,68,2,Medium - High (20-40%),Africa,Sub-Saharan Africa
CHL,Chile,2030,pes,bws,One,2.52975567039419,56,2,Medium - High (20-40%),Americas,Latin America & Caribbean
FRA,France,2080,opt,bws,Ind,2.52946655400646,68,2,Medium - High (20-40%),Europe,Europe & Central Asia
PHL,Philippines,2030,bau,bws,Tot,2.5291778183968,66,2,Medium - High (20-40%),Asia,East Asia & Pacific
TJK,Tajikistan,2050,pes,bws,Dom,2.52851482677242,65,2,Medium - High (20-40%),Asia,Europe & Central Asia
KAZ,Kazakhstan,2030,bau,bws,Ind,2.52839516781339,63,2,Medium - High (20-40%),Asia,Europe & Central Asia
ZWE,Zimbabwe,2080,opt,bws,Liv,2.52672328230054,60,2,Medium - High (20-40%),Africa,Sub-Saharan Africa
AFG,Afghanistan,2080,opt,bws,Liv,2.52635797989341,61,2,Medium - High (20-40%),Asia,South Asia
FRA,France,2050,pes,bws,Tot,2.52578804849844,69,2,Medium - High (20-40%),Europe,Europe & Central Asia
AGO,Angola,2050,opt,bws,Tot,2.52578473527894,67,2,Medium - High (20-40%),Africa,Sub-Saharan Africa
ARG,Argentina,2050,bau,bws,Irr,2.52303333269277,72,2,Medium - High (20-40%),Americas,Latin America & Caribbean
PHL,Philippines,2080,opt,bws,Tot,2.52253678943038,66,2,Medium - High (20-40%),Asia,East Asia & Pacific
CHL,Chile,2030,opt,bws,One,2.51815201206995,55,2,Medium - High (20-40%),Americas,Latin America & Caribbean
FRA,France,2080,opt,bws,Liv,2.51771717780253,62,2,Medium - High (20-40%),Europe,Europe & Central Asia
PAK,Pakistan,2030,pes,bws,One,2.51672154627409,57,2,Medium - High (20-40%),Asia,South Asia
MOZ,Mozambique,2050,bau,bws,Irr,2.51650608220466,73,2,Medium - High (20-40%),Africa,Sub-Saharan Africa
BGD,Bangladesh,2080,pes,bws,Liv,2.51646953761015,67,2,Medium - High (20-40%),Asia,South Asia
KAZ,Kazakhstan,2030,bau,bws,One,2.51640504189681,55,2,Medium - High (20-40%),Asia,Europe & Central Asia
TJK,Tajikistan,2030,pes,bws,Irr,2.51558392424213,62,2,Medium - High (20-40%),Asia,Europe & Central Asia
SOM,Somalia,2050,opt,bws,Liv,2.51518130356953,56,2,Medium - High (20-40%),Africa,Sub-Saharan Africa
SLV,El Salvador,2050,bau,bws,Ind,2.51415679998666,69,2,Medium - High (20-40%),Americas,Latin America & Caribbean
KAZ,Kazakhstan,2080,opt,bws,Ind,2.51414976559917,69,2,Medium - High (20-40%),Asia,Europe & Central Asia
KEN,Kenya,2030,opt,bws,Irr,2.51378012141086,65,2,Medium - High (20-40%),Africa,Sub-Saharan Africa
PER,Peru,2080,pes,bws,Dom,2.51205785368426,73,2,Medium - High (20-40%),Americas,Latin America & Caribbean
FRA,France,2080,opt,bws,Tot,2.51187307972616,67,2,Medium - High (20-40%),Europe,Europe & Central Asia
TJK,Tajikistan,2030,bau,bws,Irr,2.51177109400007,65,2,Medium - High (20-40%),Asia,Europe & Central Asia
CAN,Canada,2030,bau,bws,Irr,2.51160352545984,66,2,Medium - High (20-40%),Americas,North America
SDN,Sudan,2030,pes,bws,Liv,2.50959325579829,59,2,Medium - High (20-40%),Africa,Sub-Saharan Africa
GUY,Guyana,2050,bau,bws,Ind,2.50725976591224,70,2,Medium - High (20-40%),Americas,Latin America & Caribbean
PHL,Philippines,2030,pes,bws,Tot,2.50631325588661,65,2,Medium - High (20-40%),Asia,East Asia & Pacific
FRA,France,2080,bau,bws,Liv,2.50543957512977,63,2,Medium - High (20-40%),Europe,Europe & Central Asia
ERI,Eritrea,2030,bau,bws,Dom,2.50520845822488,64,2,Medium - High (20-40%),Africa,Sub-Saharan Africa
PER,Peru,2080,bau,bws,Dom,2.50386437729075,68,2,Medium - High (20-40%),Americas,Latin America & Caribbean
PRK,North Korea,2050,pes,bws,Irr,2.50358079000709,68,2,Medium - High (20-40%),Asia,East Asia & Pacific
MLI,Mali,2080,bau,bws,Dom,2.5031267420963,69,2,Medium - High (20-40%),Africa,Sub-Saharan Africa
CZE,Czech Republic,2080,pes,bws,Liv,2.50172590595571,68,2,Medium - High (20-40%),Europe,Europe & Central Asia
MRT,Mauritania,2080,opt,bws,Irr,2.50029620592752,69,2,Medium - High (20-40%),Africa,Sub-Saharan Africa
PRK,North Korea,2030,bau,bws,Irr,2.50005887421436,67,2,Medium - High (20-40%),Asia,East Asia & Pacific
DJI,Djibouti,2030,opt,bws,One,2.5,56,2,Medium - High (20-40%),Africa,Middle East & North Africa
USA,United States,2050,pes,bws,Ind,2.49905937833114,69,2,Medium - High (20-40%),Americas,North America
ERI,Eritrea,2030,opt,bws,Liv,2.49904985226979,59,2,Medium - High (20-40%),Africa,Sub-Saharan Africa
ERI,Eritrea,2030,bau,bws,Liv,2.49882360118255,57,2,Medium - High (20-40%),Africa,Sub-Saharan Africa
CHN,China,2050,bau,bws,One,2.49683312607146,58,2,Medium - High (20-40%),Asia,East Asia & Pacific
PAK,Pakistan,2030,bau,bws,One,2.4966598607933,56,2,Medium - High (20-40%),Asia,South Asia
VEN,Venezuela,2080,pes,bws,Irr,2.49439703721903,76,2,Medium - High (20-40%),Americas,Latin America & Caribbean
MRT,Mauritania,2050,bau,bws,Irr,2.49418701946075,74,2,Medium - High (20-40%),Africa,Sub-Saharan Africa
KAZ,Kazakhstan,2050,opt,bws,Dom,2.49381553322475,65,2,Medium - High (20-40%),Asia,Europe & Central Asia
CAN,Canada,2050,opt,bws,Irr,2.49096422074528,64,2,Medium - High (20-40%),Americas,North America
CZE,Czech Republic,2050,bau,bws,Irr,2.4901628775588,75,2,Medium - High (20-40%),Europe,Europe & Central Asia
TJK,Tajikistan,2050,opt,bws,Tot,2.4899134966148,68,2,Medium - High (20-40%),Asia,Europe & Central Asia
PHL,Philippines,2030,bau,bws,Ind,2.48927066057632,64,2,Medium - High (20-40%),Asia,East Asia & Pacific
PRK,North Korea,2030,pes,bws,Irr,2.48902576258045,63,2,Medium - High (20-40%),Asia,East Asia & Pacific
MLI,Mali,2080,opt,bws,Liv,2.48841517002653,63,2,Medium - High (20-40%),Africa,Sub-Saharan Africa
TJK,Tajikistan,2050,pes,bws,Irr,2.48828189116333,69,2,Medium - High (20-40%),Asia,Europe & Central Asia
KAZ,Kazakhstan,2050,pes,bws,One,2.48794713404508,57,2,Medium - High (20-40%),Asia,Europe & Central Asia
KOR,South Korea,2030,bau,bws,Irr,2.48786986565488,68,2,Medium - High (20-40%),Asia,East Asia & Pacific
SDN,Sudan,2050,opt,bws,Liv,2.48598406842231,57,2,Medium - High (20-40%),Africa,Sub-Saharan Africa
ZWE,Zimbabwe,2050,opt,bws,Irr,2.4853618032618,65,2,Medium - High (20-40%),Africa,Sub-Saharan Africa
KAZ,Kazakhstan,2050,opt,bws,One,2.48516158931134,54,2,Medium - High (20-40%),Asia,Europe & Central Asia
KAZ,Kazakhstan,2080,opt,bws,One,2.48450814184208,57,2,Medium - High (20-40%),Asia,Europe & Central Asia
KAZ,Kazakhstan,2030,opt,bws,One,2.48441387553286,57,2,Medium - High (20-40%),Asia,Europe & Central Asia
FRA,France,2050,opt,bws,Liv,2.48335754136527,58,2,Medium - High (20-40%),Europe,Europe & Central Asia
GUY,Guyana,2030,pes,bws,Irr,2.47907948449564,64,2,Medium - High (20-40%),Americas,Latin America & Caribbean
CHN,China,2050,pes,bws,One,2.47841448580295,58,2,Medium - High (20-40%),Asia,East Asia & Pacific
AUS,Australia,2030,pes,bws,One,2.4779566502694,58,2,Medium - High (20-40%),Oceania,East Asia & Pacific
AGO,Angola,2080,pes,bws,Ind,2.47644675692463,75,2,Medium - High (20-40%),Africa,Sub-Saharan Africa
LKA,Sri Lanka,2080,pes,bws,One,2.47618840567821,63,2,Medium - High (20-40%),Asia,South Asia
GUY,Guyana,2030,pes,bws,Tot,2.47420304819856,66,2,Medium - High (20-40%),Americas,Latin America & Caribbean
VEN,Venezuela,2080,pes,bws,Tot,2.47393434522717,74,2,Medium - High (20-40%),Americas,Latin America & Caribbean
AZE,Azerbaijan,2030,opt,bws,Irr,2.47159606863178,66,2,Medium - High (20-40%),Asia,Europe & Central Asia
PHL,Philippines,2050,bau,bws,Dom,2.46917429911325,67,2,Medium - High (20-40%),Asia,East Asia & Pacific
NER,Niger,2080,opt,bws,Ind,2.46809695831409,70,2,Medium - High (20-40%),Africa,Sub-Saharan Africa
FRA,France,2050,opt,bws,Dom,2.46742176034319,66,2,Medium - High (20-40%),Europe,Europe & Central Asia
CZE,Czech Republic,2080,pes,bws,Ind,2.46734617271439,76,2,Medium - High (20-40%),Europe,Europe & Central Asia
GUY,Guyana,2030,opt,bws,Irr,2.46614374427107,67,2,Medium - High (20-40%),Americas,Latin America & Caribbean
CAN,Canada,2030,opt,bws,Irr,2.4660845282376,68,2,Medium - High (20-40%),Americas,North America
AUS,Australia,2080,opt,bws,Liv,2.46588014452914,64,2,Medium - High (20-40%),Oceania,East Asia & Pacific
MLI,Mali,2080,opt,bws,Dom,2.4640451082448,67,2,Medium - High (20-40%),Africa,Sub-Saharan Africa
TJK,Tajikistan,2050,opt,bws,Dom,2.46320326766672,67,2,Medium - High (20-40%),Asia,Europe & Central Asia
KEN,Kenya,2080,pes,bws,Irr,2.46264324225457,77,2,Medium - High (20-40%),Africa,Sub-Saharan Africa
FRA,France,2080,bau,bws,Tot,2.4623766611083,73,2,Medium - High (20-40%),Europe,Europe & Central Asia
ERI,Eritrea,2050,pes,bws,Dom,2.4616285902226,66,2,Medium - High (20-40%),Africa,Sub-Saharan Africa
PRK,North Korea,2080,bau,bws,Irr,2.46132948886842,78,2,Medium - High (20-40%),Asia,East Asia & Pacific
GUY,Guyana,2030,opt,bws,Tot,2.46107277930631,66,2,Medium - High (20-40%),Americas,Latin America & Caribbean
AZE,Azerbaijan,2050,pes,bws,Irr,2.45914191343965,70,2,Medium - High (20-40%),Asia,Europe & Central Asia
FRA,France,2050,opt,bws,Ind,2.4589546442435,67,2,Medium - High (20-40%),Europe,Europe & Central Asia
ARG,Argentina,2050,bau,bws,Liv,2.45856886068428,60,2,Medium - High (20-40%),Americas,Latin America & Caribbean
MRT,Mauritania,2030,pes,bws,Irr,2.45854049849733,65,2,Medium - High (20-40%),Africa,Sub-Saharan Africa
KAZ,Kazakhstan,2050,opt,bws,Liv,2.45810228369217,59,2,Medium - High (20-40%),Asia,Europe & Central Asia
USA,United States,2050,opt,bws,Ind,2.45742144366307,68,2,Medium - High (20-40%),Americas,North America
ZWE,Zimbabwe,2050,bau,bws,One,2.45701275637404,59,2,Medium - High (20-40%),Africa,Sub-Saharan Africa
BGD,Bangladesh,2050,bau,bws,Liv,2.45645112824342,61,2,Medium - High (20-40%),Asia,South Asia
KOR,South Korea,2080,bau,bws,Irr,2.45534925515076,80,2,Medium - High (20-40%),Asia,East Asia & Pacific
BGD,Bangladesh,2030,pes,bws,Dom,2.45502703339056,66,2,Medium - High (20-40%),Asia,South Asia
ARG,Argentina,2080,pes,bws,One,2.45456663115599,66,2,Medium - High (20-40%),Americas,Latin America & Caribbean
FRA,France,2080,bau,bws,Ind,2.45448386953789,74,2,Medium - High (20-40%),Europe,Europe & Central Asia
KGZ,Kyrgyzstan,2080,bau,bws,One,2.45375364453474,64,2,Medium - High (20-40%),Asia,Europe & Central Asia
CHN,China,2030,bau,bws,One,2.45242824410193,57,2,Medium - High (20-40%),Asia,East Asia & Pacific
SOM,Somalia,2030,opt,bws,Liv,2.45115953204387,60,2,Medium - High (20-40%),Africa,Sub-Saharan Africa
IDN,Indonesia,2080,pes,bws,Dom,2.45068465973104,75,2,Medium - High (20-40%),Asia,East Asia & Pacific
KOR,South Korea,2030,opt,bws,Irr,2.45059146874498,69,2,Medium - High (20-40%),Asia,East Asia & Pacific
KAZ,Kazakhstan,2030,pes,bws,Liv,2.45056637430312,61,2,Medium - High (20-40%),Asia,Europe & Central Asia
ZWE,Zimbabwe,2080,opt,bws,One,2.44969050360003,58,2,Medium - High (20-40%),Africa,Sub-Saharan Africa
BGD,Bangladesh,2030,bau,bws,Dom,2.44851456613112,65,2,Medium - High (20-40%),Asia,South Asia
MRT,Mauritania,2050,pes,bws,Liv,2.44758417607256,58,2,Medium - High (20-40%),Africa,Sub-Saharan Africa
CAN,Canada,2080,bau,bws,Irr,2.44687309623547,81,2,Medium - High (20-40%),Americas,North America
AUS,Australia,2050,bau,bws,Liv,2.44674272570114,62,2,Medium - High (20-40%),Oceania,East Asia & Pacific
DOM,Dominican Republic,2080,bau,bws,Tot,2.44626126967106,76,2,Medium - High (20-40%),Americas,Latin America & Caribbean
DOM,Dominican Republic,2080,bau,bws,One,2.44626126967106,65,2,Medium - High (20-40%),Americas,Latin America & Caribbean
DOM,Dominican Republic,2080,bau,bws,Liv,2.44626126967106,65,2,Medium - High (20-40%),Americas,Latin America & Caribbean
DOM,Dominican Republic,2080,bau,bws,Irr,2.44626126967106,82,2,Medium - High (20-40%),Americas,Latin America & Caribbean
DOM,Dominican Republic,2080,bau,bws,Ind,2.44626126967106,75.5,2,Medium - High (20-40%),Americas,Latin America & Caribbean
HTI,Haiti,2080,bau,bws,Ind,2.44626126967106,75.5,2,Medium - High (20-40%),Americas,Latin America & Caribbean
DOM,Dominican Republic,2080,bau,bws,Dom,2.44626126967106,71,2,Medium - High (20-40%),Americas,Latin America & Caribbean
CZE,Czech Republic,2050,pes,bws,Irr,2.44582555470393,71,2,Medium - High (20-40%),Europe,Europe & Central Asia
AUS,Australia,2050,bau,bws,One,2.44566757712425,60,2,Medium - High (20-40%),Oceania,East Asia & Pacific
FRA,France,2050,opt,bws,Tot,2.44551682409173,69,2,Medium - High (20-40%),Europe,Europe & Central Asia
HTI,Haiti,2080,bau,bws,Irr,2.44487626689945,83,2,Medium - High (20-40%),Americas,Latin America & Caribbean
BGD,Bangladesh,2030,opt,bws,Dom,2.44422774362528,67,2,Medium - High (20-40%),Asia,South Asia
PAK,Pakistan,2050,bau,bws,One,2.44419381037089,61,2,Medium - High (20-40%),Asia,South Asia
SLV,El Salvador,2050,pes,bws,Irr,2.44364477492009,72,2,Medium - High (20-40%),Americas,Latin America & Caribbean
ARG,Argentina,2080,pes,bws,Liv,2.44328353482616,70,2,Medium - High (20-40%),Americas,Latin America & Caribbean
LKA,Sri Lanka,2050,pes,bws,One,2.44248774170388,61,2,Medium - High (20-40%),Asia,South Asia
HTI,Haiti,2080,bau,bws,Liv,2.44147932910154,66,2,Medium - High (20-40%),Americas,Latin America & Caribbean
HTI,Haiti,2080,bau,bws,Tot,2.4405394642355,77,2,Medium - High (20-40%),Americas,Latin America & Caribbean
FRA,France,2080,bau,bws,Dom,2.43984867446165,72,2,Medium - High (20-40%),Europe,Europe & Central Asia
ZWE,Zimbabwe,2030,opt,bws,Irr,2.43969914382156,70,2,Medium - High (20-40%),Africa,Sub-Saharan Africa
SDN,Sudan,2030,bau,bws,Liv,2.43763152422193,58,2,Medium - High (20-40%),Africa,Sub-Saharan Africa
CHN,China,2030,pes,bws,One,2.4371299650558,59,2,Medium - High (20-40%),Asia,East Asia & Pacific
CZE,Czech Republic,2080,pes,bws,Tot,2.43685103027094,79,2,Medium - High (20-40%),Europe,Europe & Central Asia
PRK,North Korea,2030,opt,bws,Irr,2.43598784182737,71,2,Medium - High (20-40%),Asia,East Asia & Pacific
CZE,Czech Republic,2050,opt,bws,Irr,2.43517002937439,66,2,Medium - High (20-40%),Europe,Europe & Central Asia
HTI,Haiti,2080,bau,bws,Dom,2.43408979481915,73,2,Medium - High (20-40%),Americas,Latin America & Caribbean
ARG,Argentina,2080,pes,bws,Irr,2.43383017437844,79,2,Medium - High (20-40%),Americas,Latin America & Caribbean
USA,United States,2080,bau,bws,Dom,2.43375718369391,74,2,Medium - High (20-40%),Americas,North America
KAZ,Kazakhstan,2080,opt,bws,Dom,2.43274786519849,68,2,Medium - High (20-40%),Asia,Europe & Central Asia
PHL,Philippines,2030,pes,bws,Ind,2.43269892029059,65,2,Medium - High (20-40%),Asia,East Asia & Pacific
AUS,Australia,2080,pes,bws,Liv,2.43215978332474,71,2,Medium - High (20-40%),Oceania,East Asia & Pacific
DEU,Germany,2080,pes,bws,Ind,2.43207247745495,81,2,Medium - High (20-40%),Europe,Europe & Central Asia
BGD,Bangladesh,2080,bau,bws,Liv,2.43084160652707,67,2,Medium - High (20-40%),Asia,South Asia
TJK,Tajikistan,2050,opt,bws,Irr,2.42974806122085,67,2,Medium - High (20-40%),Asia,Europe & Central Asia
PHL,Philippines,2050,opt,bws,Dom,2.42860110054389,68,2,Medium - High (20-40%),Asia,East Asia & Pacific
IDN,Indonesia,2030,pes,bws,Irr,2.4263129860725,66,2,Medium - High (20-40%),Asia,East Asia & Pacific
IDN,Indonesia,2080,opt,bws,Ind,2.42596867342516,71,2,Medium - High (20-40%),Asia,East Asia & Pacific
MRT,Mauritania,2050,opt,bws,Irr,2.42560597887314,68,2,Medium - High (20-40%),Africa,Sub-Saharan Africa
SOM,Somalia,2050,opt,bws,Dom,2.42520936760083,69,2,Medium - High (20-40%),Africa,Sub-Saharan Africa
SLV,El Salvador,2080,pes,bws,Liv,2.42342324295028,72,2,Medium - High (20-40%),Americas,Latin America & Caribbean
FRA,France,2080,bau,bws,Irr,2.42102901698211,84,2,Medium - High (20-40%),Europe,Europe & Central Asia
NER,Niger,2050,bau,bws,Ind,2.42082444976513,71,2,Medium - High (20-40%),Africa,Sub-Saharan Africa
PHL,Philippines,2050,pes,bws,Dom,2.42019718690724,68,2,Medium - High (20-40%),Asia,East Asia & Pacific
AGO,Angola,2080,bau,bws,Irr,2.4192220199395,85,2,Medium - High (20-40%),Africa,Sub-Saharan Africa
BGD,Bangladesh,2050,pes,bws,Liv,2.41911895992182,59,2,Medium - High (20-40%),Asia,South Asia
DEU,Germany,2080,pes,bws,Tot,2.41775439813729,80,2,Medium - High (20-40%),Europe,Europe & Central Asia
PRK,North Korea,2080,opt,bws,Irr,2.41711169643519,70,2,Medium - High (20-40%),Asia,East Asia & Pacific
BGD,Bangladesh,2050,opt,bws,Liv,2.41701246614199,61,2,Medium - High (20-40%),Asia,South Asia
IDN,Indonesia,2080,bau,bws,Ind,2.41700791224842,77,2,Medium - High (20-40%),Asia,East Asia & Pacific
HTI,Haiti,2080,pes,bws,One,2.41621575035384,69,2,Medium - High (20-40%),Americas,Latin America & Caribbean
ZWE,Zimbabwe,2050,opt,bws,Liv,2.41544483222242,62,2,Medium - High (20-40%),Africa,Sub-Saharan Africa
BFA,Burkina Faso,2030,pes,bws,Tot,2.41476906351559,67,2,Medium - High (20-40%),Africa,Sub-Saharan Africa
SLV,El Salvador,2030,opt,bws,Irr,2.4145231376075,72,2,Medium - High (20-40%),Americas,Latin America & Caribbean
FIN,Finland,2080,pes,bws,Irr,2.41292202912619,80,2,Medium - High (20-40%),Europe,Europe & Central Asia
ARG,Argentina,2050,opt,bws,Liv,2.41244074445972,63,2,Medium - High (20-40%),Americas,Latin America & Caribbean
IDN,Indonesia,2030,pes,bws,Tot,2.41185038794799,68,2,Medium - High (20-40%),Asia,East Asia & Pacific
AFG,Afghanistan,2050,opt,bws,Liv,2.41009716921052,64,2,Medium - High (20-40%),Asia,South Asia
SOM,Somalia,2030,opt,bws,One,2.40955395418693,58,2,Medium - High (20-40%),Africa,Sub-Saharan Africa
KOR,South Korea,2050,bau,bws,Irr,2.40912045183382,76,2,Medium - High (20-40%),Asia,East Asia & Pacific
ARM,Armenia,2030,opt,bws,Liv,2.40767178663575,61,2,Medium - High (20-40%),Asia,Europe & Central Asia
SEN,Senegal,2030,bau,bws,One,2.40750918633587,58,2,Medium - High (20-40%),Africa,Sub-Saharan Africa
ZWE,Zimbabwe,2050,bau,bws,Liv,2.407462473619,63,2,Medium - High (20-40%),Africa,Sub-Saharan Africa
ARM,Armenia,2080,opt,bws,One,2.40668037013895,59,2,Medium - High (20-40%),Asia,Europe & Central Asia
CHN,China,2050,opt,bws,One,2.40526045428738,55,2,Medium - High (20-40%),Asia,East Asia & Pacific
SVK,Slovakia,2080,pes,bws,Liv,2.40488862309797,73,2,Medium - High (20-40%),Europe,Europe & Central Asia
PRK,North Korea,2050,opt,bws,Irr,2.40424477078421,69,2,Medium - High (20-40%),Asia,East Asia & Pacific
ERI,Eritrea,2080,bau,bws,Liv,2.40386727549489,68,2,Medium - High (20-40%),Africa,Sub-Saharan Africa
LKA,Sri Lanka,2080,pes,bws,Dom,2.40379618150902,77,2,Medium - High (20-40%),Asia,South Asia
IDN,Indonesia,2030,bau,bws,Irr,2.40358336290133,69,2,Medium - High (20-40%),Asia,East Asia & Pacific
KGZ,Kyrgyzstan,2080,pes,bws,One,2.4034294050603,70,2,Medium - High (20-40%),Asia,Europe & Central Asia
ZWE,Zimbabwe,2050,opt,bws,One,2.40289110495251,56,2,Medium - High (20-40%),Africa,Sub-Saharan Africa
GTM,Guatemala,2080,bau,bws,Irr,2.40207602307191,86,2,Medium - High (20-40%),Americas,Latin America & Caribbean
LKA,Sri Lanka,2080,pes,bws,Irr,2.40121866240555,81,2,Medium - High (20-40%),Asia,South Asia
LKA,Sri Lanka,2080,pes,bws,Tot,2.40120452538791,81,2,Medium - High (20-40%),Asia,South Asia
SOM,Somalia,2080,bau,bws,Liv,2.4002022395466,69,2,Medium - High (20-40%),Africa,Sub-Saharan Africa
BFA,Burkina Faso,2050,opt,bws,One,2.40015167566475,57,2,Medium - High (20-40%),Africa,Sub-Saharan Africa
PRK,North Korea,2050,bau,bws,Tot,2.39988777038089,71,2,Medium - High (20-40%),Asia,East Asia & Pacific
AZE,Azerbaijan,2030,pes,bws,Irr,2.39947907832647,67,2,Medium - High (20-40%),Asia,Europe & Central Asia
GUY,Guyana,2080,opt,bws,Irr,2.39889819140118,71,2,Medium - High (20-40%),Americas,Latin America & Caribbean
PHL,Philippines,2030,opt,bws,Tot,2.3979803120759,67,2,Medium - High (20-40%),Asia,East Asia & Pacific
KOR,South Korea,2080,opt,bws,Irr,2.39743314421804,72,2,Medium - High (20-40%),Asia,East Asia & Pacific
LKA,Sri Lanka,2080,pes,bws,Ind,2.39594501351449,82,2,Medium - High (20-40%),Asia,South Asia
PHL,Philippines,2080,opt,bws,Dom,2.3941856983257,69,2,Medium - High (20-40%),Asia,East Asia & Pacific
GUY,Guyana,2080,opt,bws,Tot,2.39397499756698,68,2,Medium - High (20-40%),Americas,Latin America & Caribbean
MRT,Mauritania,2030,bau,bws,Irr,2.39388409121541,70,2,Medium - High (20-40%),Africa,Sub-Saharan Africa
ZWE,Zimbabwe,2030,opt,bws,Liv,2.39387290261549,62,2,Medium - High (20-40%),Africa,Sub-Saharan Africa
SLV,El Salvador,2030,bau,bws,One,2.39374251872254,59,2,Medium - High (20-40%),Americas,Latin America & Caribbean
CZE,Czech Republic,2030,bau,bws,Irr,2.3935501324547,71,2,Medium - High (20-40%),Europe,Europe & Central Asia
KOR,South Korea,2030,bau,bws,Liv,2.3934668032796,59,2,Medium - High (20-40%),Asia,East Asia & Pacific
LKA,Sri Lanka,2030,bau,bws,One,2.39341658797256,60,2,Medium - High (20-40%),Asia,South Asia
BFA,Burkina Faso,2030,bau,bws,One,2.39201405516777,61,2,Medium - High (20-40%),Africa,Sub-Saharan Africa
ETH,Ethiopia,2030,pes,bws,Ind,2.39124275708224,66,2,Medium - High (20-40%),Africa,Sub-Saharan Africa
CHN,China,2080,bau,bws,One,2.39043161989894,66,2,Medium - High (20-40%),Asia,East Asia & Pacific
LKA,Sri Lanka,2080,pes,bws,Liv,2.39027392934994,74,2,Medium - High (20-40%),Asia,South Asia
KOR,South Korea,2030,opt,bws,Liv,2.38873832526536,63,2,Medium - High (20-40%),Asia,East Asia & Pacific
ARM,Armenia,2050,opt,bws,Liv,2.38861287767977,65,2,Medium - High (20-40%),Asia,Europe & Central Asia
SLV,El Salvador,2030,bau,bws,Tot,2.38853970491704,67,2,Medium - High (20-40%),Americas,Latin America & Caribbean
SLV,El Salvador,2030,pes,bws,Irr,2.38822858406784,68,2,Medium - High (20-40%),Americas,Latin America & Caribbean
KAZ,Kazakhstan,2050,pes,bws,Dom,2.38776157945588,69,2,Medium - High (20-40%),Asia,Europe & Central Asia
AGO,Angola,2080,opt,bws,Tot,2.38709187482213,69,2,Medium - High (20-40%),Africa,Sub-Saharan Africa
DEU,Germany,2080,pes,bws,Dom,2.38676152645947,78,2,Medium - High (20-40%),Europe,Europe & Central Asia
KOR,South Korea,2030,bau,bws,Tot,2.38672405119655,68,2,Medium - High (20-40%),Asia,East Asia & Pacific
SEN,Senegal,2050,opt,bws,One,2.38671889631944,58,2,Medium - High (20-40%),Africa,Sub-Saharan Africa
KAZ,Kazakhstan,2030,bau,bws,Liv,2.38657847177473,60,2,Medium - High (20-40%),Asia,Europe & Central Asia
CAN,Canada,2030,pes,bws,Irr,2.38625803932978,69,2,Medium - High (20-40%),Americas,North America
AUS,Australia,2080,bau,bws,Liv,2.38524743954038,70,2,Medium - High (20-40%),Oceania,East Asia & Pacific
KAZ,Kazakhstan,2030,pes,bws,Dom,2.3847044158385,67,2,Medium - High (20-40%),Asia,Europe & Central Asia
ERI,Eritrea,2050,bau,bws,Liv,2.38406615739913,64,2,Medium - High (20-40%),Africa,Sub-Saharan Africa
USA,United States,2050,bau,bws,Ind,2.38379843901151,72,2,Medium - High (20-40%),Americas,North America
AFG,Afghanistan,2030,pes,bws,Ind,2.38348610986436,67,2,Medium - High (20-40%),Asia,South Asia
IDN,Indonesia,2030,opt,bws,Irr,2.38337225001517,73,2,Medium - High (20-40%),Asia,East Asia & Pacific
DEU,Germany,2050,opt,bws,Ind,2.3833101648608,69,2,Medium - High (20-40%),Europe,Europe & Central Asia
CHN,China,2080,pes,bws,One,2.38330237772579,71,2,Medium - High (20-40%),Asia,East Asia & Pacific
ARG,Argentina,2050,bau,bws,One,2.38314923945938,62,2,Medium - High (20-40%),Americas,Latin America & Caribbean
MWI,Malawi,2080,pes,bws,Irr,2.38277442085511,82,2,Medium - High (20-40%),Africa,Sub-Saharan Africa
IDN,Indonesia,2030,bau,bws,Tot,2.38213215764147,69,2,Medium - High (20-40%),Asia,East Asia & Pacific
SOM,Somalia,2050,opt,bws,One,2.38171187721277,59,2,Medium - High (20-40%),Africa,Sub-Saharan Africa
KOR,South Korea,2050,opt,bws,Irr,2.38048924464428,70,2,Medium - High (20-40%),Asia,East Asia & Pacific
NER,Niger,2080,pes,bws,Ind,2.38000281617906,83,2,Medium - High (20-40%),Africa,Sub-Saharan Africa
ERI,Eritrea,2080,bau,bws,Dom,2.37851612592556,75,2,Medium - High (20-40%),Africa,Sub-Saharan Africa
KAZ,Kazakhstan,2050,pes,bws,Liv,2.37787705300653,60,2,Medium - High (20-40%),Asia,Europe & Central Asia
PRK,North Korea,2080,pes,bws,Irr,2.37782409183926,83,2,Medium - High (20-40%),Asia,East Asia & Pacific
USA,United States,2030,opt,bws,Ind,2.37758549576356,65,2,Medium - High (20-40%),Americas,North America
KAZ,Kazakhstan,2030,opt,bws,Liv,2.37725432742898,64,2,Medium - High (20-40%),Asia,Europe & Central Asia
AZE,Azerbaijan,2050,opt,bws,Irr,2.37634432735761,71,2,Medium - High (20-40%),Asia,Europe & Central Asia
ARG,Argentina,2050,pes,bws,Irr,2.37519483444582,73,2,Medium - High (20-40%),Americas,Latin America & Caribbean
ARM,Armenia,2030,bau,bws,Liv,2.37503067917497,61,2,Medium - High (20-40%),Asia,Europe & Central Asia
AFG,Afghanistan,2050,opt,bws,Ind,2.37476279075036,70,2,Medium - High (20-40%),Asia,South Asia
AGO,Angola,2080,bau,bws,Ind,2.37346884812001,78,2,Medium - High (20-40%),Africa,Sub-Saharan Africa
CHN,China,2030,opt,bws,One,2.37249573289373,59,2,Medium - High (20-40%),Asia,East Asia & Pacific
DEU,Germany,2050,opt,bws,Tot,2.37176464776352,70,2,Medium - High (20-40%),Europe,Europe & Central Asia
IDN,Indonesia,2030,opt,bws,Tot,2.37093165732816,68,2,Medium - High (20-40%),Asia,East Asia & Pacific
GTM,Guatemala,2080,bau,bws,Ind,2.37026801390894,79,2,Medium - High (20-40%),Americas,Latin America & Caribbean
ZWE,Zimbabwe,2030,pes,bws,Dom,2.37001559578554,68,2,Medium - High (20-40%),Africa,Sub-Saharan Africa
LKA,Sri Lanka,2050,pes,bws,Irr,2.36935980281824,74,2,Medium - High (20-40%),Asia,South Asia
LKA,Sri Lanka,2050,pes,bws,Tot,2.36717218199043,72,2,Medium - High (20-40%),Asia,South Asia
TCD,Chad,2080,opt,bws,One,2.36592305215294,60,2,Medium - High (20-40%),Africa,Sub-Saharan Africa
SEN,Senegal,2030,pes,bws,Tot,2.36585644202573,69,2,Medium - High (20-40%),Africa,Sub-Saharan Africa
AZE,Azerbaijan,2030,bau,bws,Irr,2.36493100411415,72,2,Medium - High (20-40%),Asia,Europe & Central Asia
LKA,Sri Lanka,2050,pes,bws,Dom,2.36475016218407,70,2,Medium - High (20-40%),Asia,South Asia
SOM,Somalia,2080,bau,bws,Dom,2.36360501199019,76,2,Medium - High (20-40%),Africa,Sub-Saharan Africa
SDN,Sudan,2080,bau,bws,Liv,2.3630309533794,71,2,Medium - High (20-40%),Africa,Sub-Saharan Africa
LSO,Lesotho,2050,opt,bws,Liv,2.36259215348667,66,2,Medium - High (20-40%),Africa,Sub-Saharan Africa
KOR,South Korea,2030,pes,bws,Irr,2.36219315048364,70,2,Medium - High (20-40%),Asia,East Asia & Pacific
ZWE,Zimbabwe,2030,opt,bws,One,2.36210079978746,60,2,Medium - High (20-40%),Africa,Sub-Saharan Africa
FRA,France,2050,opt,bws,Irr,2.3620759420718,72,2,Medium - High (20-40%),Europe,Europe & Central Asia
PRK,North Korea,2050,pes,bws,Tot,2.36194876298135,73,2,Medium - High (20-40%),Asia,East Asia & Pacific
ARM,Armenia,2050,pes,bws,Liv,2.36180270809759,61,2,Medium - High (20-40%),Asia,Europe & Central Asia
IDN,Indonesia,2030,pes,bws,Dom,2.36061883262448,69,2,Medium - High (20-40%),Asia,East Asia & Pacific
ZWE,Zimbabwe,2030,pes,bws,Tot,2.36021704438102,70,2,Medium - High (20-40%),Africa,Sub-Saharan Africa
KOR,South Korea,2030,opt,bws,Tot,2.35993956269115,69,2,Medium - High (20-40%),Asia,East Asia & Pacific
CHL,Chile,2080,pes,bws,Liv,2.35862312978215,75,2,Medium - High (20-40%),Americas,Latin America & Caribbean
LKA,Sri Lanka,2050,pes,bws,Ind,2.35645520599673,72,2,Medium - High (20-40%),Asia,South Asia
LKA,Sri Lanka,2050,pes,bws,Liv,2.35374884882556,62,2,Medium - High (20-40%),Asia,South Asia
MLI,Mali,2080,bau,bws,Liv,2.35332536764924,72,2,Medium - High (20-40%),Africa,Sub-Saharan Africa
LKA,Sri Lanka,2030,opt,bws,One,2.35286301211946,61,2,Medium - High (20-40%),Asia,South Asia
CZE,Czech Republic,2050,opt,bws,Liv,2.35282254993692,67,2,Medium - High (20-40%),Europe,Europe & Central Asia
RUS,Russia,2080,pes,bws,Irr,2.35278799855556,84,2,Medium - High (20-40%),Europe,Europe & Central Asia
PHL,Philippines,2030,bau,bws,Dom,2.35257363826474,66,2,Medium - High (20-40%),Asia,East Asia & Pacific
ARM,Armenia,2030,pes,bws,Liv,2.35057031103383,62,2,Medium - High (20-40%),Asia,Europe & Central Asia
AZE,Azerbaijan,2080,opt,bws,Irr,2.35014606302234,73,2,Medium - High (20-40%),Asia,Europe & Central Asia
PRK,North Korea,2030,bau,bws,Tot,2.3490088211343,70,2,Medium - High (20-40%),Asia,East Asia & Pacific
LKA,Sri Lanka,2050,bau,bws,One,2.34771774915468,63,2,Medium - High (20-40%),Asia,South Asia
KAZ,Kazakhstan,2030,opt,bws,Dom,2.34722920175068,68,2,Medium - High (20-40%),Asia,Europe & Central Asia
KOR,South Korea,2030,bau,bws,Dom,2.34715951320952,67,2,Medium - High (20-40%),Asia,East Asia & Pacific
FRA,France,2050,pes,bws,Irr,2.34691186882046,75,2,Medium - High (20-40%),Europe,Europe & Central Asia
KAZ,Kazakhstan,2080,opt,bws,Liv,2.34678099129446,65,2,Medium - High (20-40%),Asia,Europe & Central Asia
PAK,Pakistan,2050,opt,bws,One,2.34548115484813,62,2,Medium - High (20-40%),Asia,South Asia
TCD,Chad,2030,opt,bws,One,2.34367055932539,62,2,Medium - High (20-40%),Africa,Sub-Saharan Africa
MOZ,Mozambique,2080,pes,bws,Irr,2.34359783991464,85,2,Medium - High (20-40%),Africa,Sub-Saharan Africa
COG,Republic of Congo,2050,bau,bws,Irr,2.34294313163769,77,2,Medium - High (20-40%),Africa,Sub-Saharan Africa
MWI,Malawi,2080,opt,bws,Irr,2.34213841124878,74,2,Medium - High (20-40%),Africa,Sub-Saharan Africa
PRK,North Korea,2030,pes,bws,Tot,2.3416756870947,71,2,Medium - High (20-40%),Asia,East Asia & Pacific
IDN,Indonesia,2050,pes,bws,Ind,2.34145640716113,73,2,Medium - High (20-40%),Asia,East Asia & Pacific
LKA,Sri Lanka,2030,pes,bws,One,2.34097251571586,60,2,Medium - High (20-40%),Asia,South Asia
IDN,Indonesia,2080,opt,bws,Dom,2.34044776552548,70,2,Medium - High (20-40%),Asia,East Asia & Pacific
ERI,Eritrea,2030,pes,bws,One,2.33905437031363,61,2,Medium - High (20-40%),Africa,Sub-Saharan Africa
IDN,Indonesia,2080,bau,bws,Dom,2.33828473907688,77,2,Medium - High (20-40%),Asia,East Asia & Pacific
GUY,Guyana,2080,pes,bws,Ind,2.33770353515999,84,2,Medium - High (20-40%),Americas,Latin America & Caribbean
KOR,South Korea,2050,pes,bws,Irr,2.33632618241831,76,2,Medium - High (20-40%),Asia,East Asia & Pacific
KOR,South Korea,2030,bau,bws,Ind,2.33588699497206,65,2,Medium - High (20-40%),Asia,East Asia & Pacific
FRA,France,2080,opt,bws,Irr,2.33528060095469,75,2,Medium - High (20-40%),Europe,Europe & Central Asia
LKA,Sri Lanka,2030,bau,bws,Irr,2.33421939938595,73,2,Medium - High (20-40%),Asia,South Asia
AGO,Angola,2030,opt,bws,Irr,2.33355396451802,74,2,Medium - High (20-40%),Africa,Sub-Saharan Africa
LKA,Sri Lanka,2030,bau,bws,Tot,2.33351687684346,71,2,Medium - High (20-40%),Asia,South Asia
USA,United States,2030,pes,bws,Ind,2.3334894296959,68,2,Medium - High (20-40%),Americas,North America
KOR,South Korea,2030,opt,bws,Dom,2.33335480330044,69,2,Medium - High (20-40%),Asia,East Asia & Pacific
LKA,Sri Lanka,2030,bau,bws,Dom,2.33227096189112,68,2,Medium - High (20-40%),Asia,South Asia
TZA,Tanzania,2030,pes,bws,Tot,2.3318856857577,72,2,Medium - High (20-40%),Africa,Sub-Saharan Africa
DEU,Germany,2080,pes,bws,Liv,2.33129607348688,76,2,Medium - High (20-40%),Europe,Europe & Central Asia
CAN,Canada,2080,pes,bws,Liv,2.33077359722458,77,2,Medium - High (20-40%),Americas,North America
ZWE,Zimbabwe,2030,bau,bws,Dom,2.32977409876906,69,2,Medium - High (20-40%),Africa,Sub-Saharan Africa
KOR,South Korea,2030,pes,bws,Liv,2.32975701619773,63,2,Medium - High (20-40%),Asia,East Asia & Pacific
CZE,Czech Republic,2080,pes,bws,Dom,2.32953412219566,79,2,Medium - High (20-40%),Europe,Europe & Central Asia
BGD,Bangladesh,2030,bau,bws,Liv,2.32790720260751,62,2,Medium - High (20-40%),Asia,South Asia
IDN,Indonesia,2030,opt,bws,Dom,2.32766698173527,70,2,Medium - High (20-40%),Asia,East Asia & Pacific
LKA,Sri Lanka,2030,bau,bws,Ind,2.32669087555884,66,2,Medium - High (20-40%),Asia,South Asia
DEU,Germany,2050,opt,bws,Dom,2.32652276058451,71,2,Medium - High (20-40%),Europe,Europe & Central Asia
LKA,Sri Lanka,2030,bau,bws,Liv,2.32472458638898,63,2,Medium - High (20-40%),Asia,South Asia
DEU,Germany,2050,pes,bws,Ind,2.32322670343403,74,2,Medium - High (20-40%),Europe,Europe & Central Asia
PHL,Philippines,2030,opt,bws,Ind,2.3225012937683,66,2,Medium - High (20-40%),Asia,East Asia & Pacific
SDN,Sudan,2080,pes,bws,Dom,2.31995345947749,80,2,Medium - High (20-40%),Africa,Sub-Saharan Africa
AGO,Angola,2080,opt,bws,Ind,2.31921286718441,72,2,Medium - High (20-40%),Africa,Sub-Saharan Africa
VEN,Venezuela,2080,bau,bws,Ind,2.31767017473643,80,2,Medium - High (20-40%),Americas,Latin America & Caribbean
AFG,Afghanistan,2030,opt,bws,Ind,2.31760981035699,67,2,Medium - High (20-40%),Asia,South Asia
KOR,South Korea,2050,opt,bws,Liv,2.31669033112432,68,2,Medium - High (20-40%),Asia,East Asia & Pacific
PRK,North Korea,2080,bau,bws,Tot,2.3166388225719,78,2,Medium - High (20-40%),Asia,East Asia & Pacific
KOR,South Korea,2030,opt,bws,Ind,2.31627044801082,68,2,Medium - High (20-40%),Asia,East Asia & Pacific
BGD,Bangladesh,2030,opt,bws,Liv,2.31552149513908,65,2,Medium - High (20-40%),Asia,South Asia
NGA,Nigeria,2050,opt,bws,Irr,2.3141578501255,73,2,Medium - High (20-40%),Africa,Sub-Saharan Africa
BGD,Bangladesh,2030,pes,bws,Liv,2.31352342451173,64,2,Medium - High (20-40%),Asia,South Asia
KAZ,Kazakhstan,2030,bau,bws,Dom,2.31166043858267,70,2,Medium - High (20-40%),Asia,Europe & Central Asia
DEU,Germany,2050,pes,bws,Tot,2.31067419833282,74,2,Medium - High (20-40%),Europe,Europe & Central Asia
AFG,Afghanistan,2030,bau,bws,Ind,2.30951193728497,67,2,Medium - High (20-40%),Asia,South Asia
CHN,China,2080,opt,bws,One,2.30860193434399,61,2,Medium - High (20-40%),Asia,East Asia & Pacific
AUS,Australia,2080,bau,bws,One,2.30840192700799,67,2,Medium - High (20-40%),Oceania,East Asia & Pacific
LSO,Lesotho,2050,bau,bws,Liv,2.3083427670981,65,2,Medium - High (20-40%),Africa,Sub-Saharan Africa
ARG,Argentina,2080,bau,bws,One,2.30792645278189,68,2,Medium - High (20-40%),Americas,Latin America & Caribbean
IDN,Indonesia,2050,pes,bws,Dom,2.30473323908059,71,2,Medium - High (20-40%),Asia,East Asia & Pacific
ERI,Eritrea,2050,opt,bws,One,2.30338101467823,63,2,Medium - High (20-40%),Africa,Sub-Saharan Africa
GBR,United Kingdom,2080,pes,bws,Dom,2.30042890899275,81,2,Medium - High (20-40%),Europe,Europe & Central Asia
ARG,Argentina,2030,pes,bws,Irr,2.29755305989878,71,2,Medium - High (20-40%),Americas,Latin America & Caribbean
BFA,Burkina Faso,2030,opt,bws,Tot,2.29712627713266,70,2,Medium - High (20-40%),Africa,Sub-Saharan Africa
LSO,Lesotho,2050,pes,bws,Liv,2.29665252011358,63,2,Medium - High (20-40%),Africa,Sub-Saharan Africa
GMB,Gambia,2080,bau,bws,One,2.2959827836421,69,2,Medium - High (20-40%),Africa,Sub-Saharan Africa
DEU,Germany,2080,opt,bws,Ind,2.29572220441431,73,2,Medium - High (20-40%),Europe,Europe & Central Asia
CZE,Czech Republic,2050,opt,bws,Ind,2.29467645458062,73,2,Medium - High (20-40%),Europe,Europe & Central Asia
KOR,South Korea,2030,pes,bws,Tot,2.2942944197997,73,2,Medium - High (20-40%),Asia,East Asia & Pacific
CZE,Czech Republic,2080,bau,bws,Irr,2.29422511466034,87,2,Medium - High (20-40%),Europe,Europe & Central Asia
KOR,South Korea,2050,bau,bws,Tot,2.29408426171036,72,2,Medium - High (20-40%),Asia,East Asia & Pacific
KOR,South Korea,2050,pes,bws,Liv,2.29382223912496,64,2,Medium - High (20-40%),Asia,East Asia & Pacific
IDN,Indonesia,2080,pes,bws,Tot,2.29334045699552,82,2,Medium - High (20-40%),Asia,East Asia & Pacific
ERI,Eritrea,2080,pes,bws,Liv,2.29318539010663,78,2,Medium - High (20-40%),Africa,Sub-Saharan Africa
ZWE,Zimbabwe,2030,pes,bws,Irr,2.28913310184495,72,2,Medium - High (20-40%),Africa,Sub-Saharan Africa
KOR,South Korea,2050,opt,bws,Tot,2.28866904032543,73,2,Medium - High (20-40%),Asia,East Asia & Pacific
SOM,Somalia,2080,bau,bws,One,2.28808181420247,70,2,Medium - High (20-40%),Africa,Sub-Saharan Africa
IDN,Indonesia,2030,bau,bws,Dom,2.28807250829731,71,2,Medium - High (20-40%),Asia,East Asia & Pacific
PRK,North Korea,2080,opt,bws,Tot,2.28774153136345,70,2,Medium - High (20-40%),Asia,East Asia & Pacific
NER,Niger,2050,opt,bws,Ind,2.28723101177378,74,2,Medium - High (20-40%),Africa,Sub-Saharan Africa
FRA,France,2050,bau,bws,Liv,2.2872268472869,66,2,Medium - High (20-40%),Europe,Europe & Central Asia
DEU,Germany,2050,opt,bws,Liv,2.28722354399294,69,2,Medium - High (20-40%),Europe,Europe & Central Asia
CHL,Chile,2080,bau,bws,Liv,2.28684868319004,73,2,Medium - High (20-40%),Americas,Latin America & Caribbean
DEU,Germany,2080,opt,bws,Tot,2.2857503466797,71,2,Medium - High (20-40%),Europe,Europe & Central Asia
VEN,Venezuela,2080,pes,bws,Ind,2.28515356170033,85,2,Medium - High (20-40%),Americas,Latin America & Caribbean
PRK,North Korea,2030,opt,bws,Tot,2.28364163482231,71,2,Medium - High (20-40%),Asia,East Asia & Pacific
KEN,Kenya,2080,bau,bws,Tot,2.28305966111806,79,2,Medium - High (20-40%),Africa,Sub-Saharan Africa
AUS,Australia,2050,pes,bws,Liv,2.28222869024125,65,2,Medium - High (20-40%),Oceania,East Asia & Pacific
MOZ,Mozambique,2050,bau,bws,Tot,2.28210580383687,73,2,Medium - High (20-40%),Africa,Sub-Saharan Africa
SOM,Somalia,2030,pes,bws,Tot,2.28160981578524,74,2,Medium - High (20-40%),Africa,Sub-Saharan Africa
CZE,Czech Republic,2080,opt,bws,Liv,2.28145212561284,66,2,Medium - High (20-40%),Europe,Europe & Central Asia
HND,Honduras,2080,pes,bws,Dom,2.28095131498972,82,2,Medium - High (20-40%),Americas,Latin America & Caribbean
KOR,South Korea,2030,pes,bws,Dom,2.28021691452725,70,2,Medium - High (20-40%),Asia,East Asia & Pacific
ZWE,Zimbabwe,2030,bau,bws,Tot,2.27899058725767,72,2,Medium - High (20-40%),Africa,Sub-Saharan Africa
MLI,Mali,2050,bau,bws,Dom,2.2789616811743,68,2,Medium - High (20-40%),Africa,Sub-Saharan Africa
TZA,Tanzania,2030,opt,bws,Tot,2.27862779390887,72,2,Medium - High (20-40%),Africa,Sub-Saharan Africa
KOR,South Korea,2050,bau,bws,Liv,2.27800747194414,67,2,Medium - High (20-40%),Asia,East Asia & Pacific
SVK,Slovakia,2080,pes,bws,Irr,2.27710195890994,86,2,Medium - High (20-40%),Europe,Europe & Central Asia
KEN,Kenya,2030,bau,bws,Irr,2.27696201706828,74,2,Medium - High (20-40%),Africa,Sub-Saharan Africa
KOR,South Korea,2080,pes,bws,Irr,2.27555231986582,87,2,Medium - High (20-40%),Asia,East Asia & Pacific
FRA,France,2030,bau,bws,Liv,2.27499291435301,64,2,Medium - High (20-40%),Europe,Europe & Central Asia
FRA,France,2050,pes,bws,One,2.27406676183481,62,2,Medium - High (20-40%),Europe,Europe & Central Asia
SLV,El Salvador,2030,opt,bws,One,2.27367423659028,63,2,Medium - High (20-40%),Americas,Latin America & Caribbean
DEU,Germany,2050,pes,bws,Dom,2.27363352341048,72,2,Medium - High (20-40%),Europe,Europe & Central Asia
SLV,El Salvador,2080,opt,bws,Irr,2.27298380048585,76,2,Medium - High (20-40%),Americas,Latin America & Caribbean
FRA,France,2050,bau,bws,Dom,2.27212152283705,69,2,Medium - High (20-40%),Europe,Europe & Central Asia
CZE,Czech Republic,2030,pes,bws,Irr,2.27106103419268,73,2,Medium - High (20-40%),Europe,Europe & Central Asia
FRA,France,2030,bau,bws,Dom,2.27075306475867,72,2,Medium - High (20-40%),Europe,Europe & Central Asia
FRA,France,2050,bau,bws,Ind,2.27034777681897,73,2,Medium - High (20-40%),Europe,Europe & Central Asia
KOR,South Korea,2050,pes,bws,Tot,2.26992455820654,75,2,Medium - High (20-40%),Asia,East Asia & Pacific
SOM,Somalia,2080,opt,bws,Dom,2.26985131235534,71,2,Medium - High (20-40%),Africa,Sub-Saharan Africa
GUY,Guyana,2050,pes,bws,Ind,2.26920277122606,75,2,Medium - High (20-40%),Americas,Latin America & Caribbean
TCD,Chad,2030,pes,bws,One,2.26908131421114,62,2,Medium - High (20-40%),Africa,Sub-Saharan Africa
AUS,Australia,2050,opt,bws,Liv,2.26899655162013,70,2,Medium - High (20-40%),Oceania,East Asia & Pacific
FRA,France,2050,bau,bws,Tot,2.26821282854705,74,2,Medium - High (20-40%),Europe,Europe & Central Asia
CHL,Chile,2050,pes,bws,Liv,2.26663270930559,66,2,Medium - High (20-40%),Americas,Latin America & Caribbean
PHL,Philippines,2030,pes,bws,Dom,2.266555083148,71,2,Medium - High (20-40%),Asia,East Asia & Pacific
GBR,United Kingdom,2080,pes,bws,Irr,2.26638294970675,88,2,Medium - High (20-40%),Europe,Europe & Central Asia
ARG,Argentina,2080,opt,bws,Irr,2.26599796103024,77,2,Medium - High (20-40%),Americas,Latin America & Caribbean
FRA,France,2050,bau,bws,Irr,2.2647874692426,78,2,Medium - High (20-40%),Europe,Europe & Central Asia
IDN,Indonesia,2030,pes,bws,Ind,2.26327777101147,69,2,Medium - High (20-40%),Asia,East Asia & Pacific
GUY,Guyana,2030,bau,bws,Ind,2.26294410013307,68,2,Medium - High (20-40%),Americas,Latin America & Caribbean
AUS,Australia,2050,opt,bws,One,2.26293606438191,64,2,Medium - High (20-40%),Oceania,East Asia & Pacific
VEN,Venezuela,2050,pes,bws,Irr,2.25991941212341,77,2,Medium - High (20-40%),Americas,Latin America & Caribbean
KOR,South Korea,2080,opt,bws,Liv,2.25939663442422,67,2,Medium - High (20-40%),Asia,East Asia & Pacific
KOR,South Korea,2030,pes,bws,Ind,2.25851300690729,70,2,Medium - High (20-40%),Asia,East Asia & Pacific
SLV,El Salvador,2030,bau,bws,Dom,2.2583893876835,73,2,Medium - High (20-40%),Americas,Latin America & Caribbean
AGO,Angola,2050,bau,bws,Irr,2.25809349284387,79,2,Medium - High (20-40%),Africa,Sub-Saharan Africa
ERI,Eritrea,2050,pes,bws,Liv,2.25786963254237,67,2,Medium - High (20-40%),Africa,Sub-Saharan Africa
VNM,Vietnam,2080,bau,bws,Irr,2.25762043239354,88,2,Medium - High (20-40%),Asia,East Asia & Pacific
CZE,Czech Republic,2050,opt,bws,Tot,2.25713267004016,74,2,Medium - High (20-40%),Europe,Europe & Central Asia
PRK,North Korea,2050,opt,bws,Tot,2.25698475114481,75,2,Medium - High (20-40%),Asia,East Asia & Pacific
AUS,Australia,2030,opt,bws,One,2.25654985492539,64,2,Medium - High (20-40%),Oceania,East Asia & Pacific
KOR,South Korea,2080,opt,bws,Tot,2.25626733174925,72,2,Medium - High (20-40%),Asia,East Asia & Pacific
DEU,Germany,2080,opt,bws,Dom,2.25600516140833,72,2,Medium - High (20-40%),Europe,Europe & Central Asia
FRA,France,2030,bau,bws,Ind,2.25578058997856,69,2,Medium - High (20-40%),Europe,Europe & Central Asia
CZE,Czech Republic,2050,bau,bws,Liv,2.25264510814256,68,2,Medium - High (20-40%),Europe,Europe & Central Asia
KOR,South Korea,2050,pes,bws,Dom,2.2512064586234,73,2,Medium - High (20-40%),Asia,East Asia & Pacific
VNM,Vietnam,2050,bau,bws,Irr,2.25067619594179,80,2,Medium - High (20-40%),Asia,East Asia & Pacific
VNM,Vietnam,2080,bau,bws,Tot,2.25040831291648,80,2,Medium - High (20-40%),Asia,East Asia & Pacific
ARG,Argentina,2050,bau,bws,Tot,2.24978068437355,75,2,Medium - High (20-40%),Americas,Latin America & Caribbean
MLI,Mali,2050,pes,bws,Dom,2.24957901283208,74,2,Medium - High (20-40%),Africa,Sub-Saharan Africa
PRK,North Korea,2080,pes,bws,Tot,2.24797949336075,83,2,Medium - High (20-40%),Asia,East Asia & Pacific
GTM,Guatemala,2080,bau,bws,Tot,2.24684427839586,81,2,Medium - High (20-40%),Americas,Latin America & Caribbean
VNM,Vietnam,2080,bau,bws,Ind,2.24683709517485,81,2,Medium - High (20-40%),Asia,East Asia & Pacific
ARG,Argentina,2050,pes,bws,One,2.24659223092964,63,2,Medium - High (20-40%),Americas,Latin America & Caribbean
SOM,Somalia,2030,pes,bws,Irr,2.24522845172641,74,2,Medium - High (20-40%),Africa,Sub-Saharan Africa
IDN,Indonesia,2080,opt,bws,Tot,2.24484463351698,73,2,Medium - High (20-40%),Asia,East Asia & Pacific
USA,United States,2030,bau,bws,Ind,2.2440698877056,70,2,Medium - High (20-40%),Americas,North America
CZE,Czech Republic,2030,opt,bws,Irr,2.24303035306283,75,2,Medium - High (20-40%),Europe,Europe & Central Asia
DEU,Germany,2050,pes,bws,Liv,2.24288400020327,68,2,Medium - High (20-40%),Europe,Europe & Central Asia
KOR,South Korea,2050,opt,bws,Ind,2.24246983002692,75,2,Medium - High (20-40%),Asia,East Asia & Pacific
IDN,Indonesia,2080,pes,bws,Irr,2.24177625941299,89,2,Medium - High (20-40%),Asia,East Asia & Pacific
MLI,Mali,2050,opt,bws,Dom,2.24170529672848,72,2,Medium - High (20-40%),Africa,Sub-Saharan Africa
GUY,Guyana,2050,opt,bws,Ind,2.24144887407908,76,2,Medium - High (20-40%),Americas,Latin America & Caribbean
CZE,Czech Republic,2050,pes,bws,Liv,2.24126762555663,69,2,Medium - High (20-40%),Europe,Europe & Central Asia
FRA,France,2030,bau,bws,Tot,2.24034931815535,73,2,Medium - High (20-40%),Europe,Europe & Central Asia
KOR,South Korea,2050,opt,bws,Dom,2.23907456845152,73,2,Medium - High (20-40%),Asia,East Asia & Pacific
LKA,Sri Lanka,2030,opt,bws,Irr,2.23858017027547,76,2,Medium - High (20-40%),Asia,South Asia
SLV,El Salvador,2030,opt,bws,Tot,2.23840057112553,73,2,Medium - High (20-40%),Americas,Latin America & Caribbean
BFA,Burkina Faso,2050,bau,bws,One,2.23798582773281,64,2,Medium - High (20-40%),Africa,Sub-Saharan Africa
LKA,Sri Lanka,2030,opt,bws,Tot,2.23660635788446,74,2,Medium - High (20-40%),Asia,South Asia
PHL,Philippines,2080,bau,bws,Liv,2.23623771332045,74,2,Medium - High (20-40%),Asia,East Asia & Pacific
VNM,Vietnam,2050,bau,bws,Tot,2.23601016334369,76,2,Medium - High (20-40%),Asia,East Asia & Pacific
TLS,Timor-Leste,2050,opt,bws,One,2.23435433853898,65,2,Medium - High (20-40%),Asia,East Asia & Pacific
KOR,South Korea,2050,pes,bws,Ind,2.23380079854365,76,2,Medium - High (20-40%),Asia,East Asia & Pacific
FRA,France,2080,bau,bws,One,2.23374441058691,71,2,Medium - High (20-40%),Europe,Europe & Central Asia
ARG,Argentina,2030,pes,bws,One,2.23345084124772,63,2,Medium - High (20-40%),Americas,Latin America & Caribbean
KEN,Kenya,2080,opt,bws,Tot,2.23333288812992,76,2,Medium - High (20-40%),Africa,Sub-Saharan Africa
SDN,Sudan,2080,pes,bws,One,2.23274577458733,72,2,Medium - High (20-40%),Africa,Sub-Saharan Africa
LKA,Sri Lanka,2030,opt,bws,Dom,2.23194967662782,71,2,Medium - High (20-40%),Asia,South Asia
ARG,Argentina,2080,bau,bws,Tot,2.23193152069529,82,2,Medium - High (20-40%),Americas,Latin America & Caribbean
SLV,El Salvador,2050,pes,bws,One,2.2317302768688,64,2,Medium - High (20-40%),Americas,Latin America & Caribbean
KOR,South Korea,2050,bau,bws,Dom,2.23171574310023,70,2,Medium - High (20-40%),Asia,East Asia & Pacific
KOR,South Korea,2050,bau,bws,Ind,2.23163540457575,74,2,Medium - High (20-40%),Asia,East Asia & Pacific
SEN,Senegal,2030,pes,bws,Irr,2.23148116317873,75,2,Medium - High (20-40%),Africa,Sub-Saharan Africa
AUS,Australia,2080,pes,bws,One,2.23139059200456,73,2,Medium - High (20-40%),Oceania,East Asia & Pacific
SOM,Somalia,2050,pes,bws,Dom,2.22996562732834,75,2,Medium - High (20-40%),Africa,Sub-Saharan Africa
CZE,Czech Republic,2080,opt,bws,Ind,2.22960623288466,76,2,Medium - High (20-40%),Europe,Europe & Central Asia
IDN,Indonesia,2050,bau,bws,Dom,2.2286416670931,71,2,Medium - High (20-40%),Asia,East Asia & Pacific
SLV,El Salvador,2050,pes,bws,Tot,2.22824915286269,76,2,Medium - High (20-40%),Americas,Latin America & Caribbean
TZA,Tanzania,2080,pes,bws,Tot,2.22817391696754,84,2,Medium - High (20-40%),Africa,Sub-Saharan Africa
SVK,Slovakia,2080,pes,bws,Tot,2.22732189525722,85,2,Medium - High (20-40%),Europe,Europe & Central Asia
IDN,Indonesia,2050,opt,bws,Ind,2.22597877991396,77,2,Medium - High (20-40%),Asia,East Asia & Pacific
LKA,Sri Lanka,2050,bau,bws,Irr,2.22504531719644,81,2,Medium - High (20-40%),Asia,South Asia
KOR,South Korea,2080,bau,bws,Tot,2.22465352199678,83,2,Medium - High (20-40%),Asia,East Asia & Pacific
NER,Niger,2080,bau,bws,Ind,2.22426446552295,82,2,Medium - High (20-40%),Africa,Sub-Saharan Africa
FRA,France,2080,opt,bws,One,2.22415841274552,64,2,Medium - High (20-40%),Europe,Europe & Central Asia
HTI,Haiti,2080,bau,bws,One,2.22387388151914,72,2,Medium - High (20-40%),Americas,Latin America & Caribbean
ERI,Eritrea,2050,bau,bws,Dom,2.22321963663536,72,2,Medium - High (20-40%),Africa,Sub-Saharan Africa
CZE,Czech Republic,2050,bau,bws,Ind,2.22249838395118,75,2,Medium - High (20-40%),Europe,Europe & Central Asia
SEN,Senegal,2030,pes,bws,One,2.22235441179664,64,2,Medium - High (20-40%),Africa,Sub-Saharan Africa
LKA,Sri Lanka,2030,pes,bws,Irr,2.22231785271884,76,2,Medium - High (20-40%),Asia,South Asia
LKA,Sri Lanka,2050,bau,bws,Tot,2.22203445838576,77,2,Medium - High (20-40%),Asia,South Asia
IDN,Indonesia,2030,opt,bws,Ind,2.22192864687369,69,2,Medium - High (20-40%),Asia,East Asia & Pacific
ARG,Argentina,2030,pes,bws,Liv,2.22173399456681,65,2,Medium - High (20-40%),Americas,Latin America & Caribbean
ZWE,Zimbabwe,2030,pes,bws,Liv,2.22121237507159,66,2,Medium - High (20-40%),Africa,Sub-Saharan Africa
LKA,Sri Lanka,2030,pes,bws,Tot,2.22102371934144,75,2,Medium - High (20-40%),Asia,South Asia
SLV,El Salvador,2050,opt,bws,Irr,2.22077549838899,74,2,Medium - High (20-40%),Americas,Latin America & Caribbean
TCD,Chad,2050,bau,bws,One,2.21900730097758,65,2,Medium - High (20-40%),Africa,Sub-Saharan Africa
SOM,Somalia,2050,pes,bws,Liv,2.21892841596532,70,2,Medium - High (20-40%),Africa,Sub-Saharan Africa
LKA,Sri Lanka,2030,pes,bws,Dom,2.21873924382961,72,2,Medium - High (20-40%),Asia,South Asia
ARG,Argentina,2030,bau,bws,Irr,2.21873558582943,75,2,Medium - High (20-40%),Americas,Latin America & Caribbean
LKA,Sri Lanka,2030,opt,bws,Ind,2.21868180839591,70,2,Medium - High (20-40%),Asia,South Asia
LKA,Sri Lanka,2050,bau,bws,Dom,2.21857575393577,73,2,Medium - High (20-40%),Asia,South Asia
MMR,Myanmar,2050,bau,bws,Irr,2.21438843617165,82,2,Medium - High (20-40%),Asia,East Asia & Pacific
LKA,Sri Lanka,2030,opt,bws,Liv,2.21400434591517,66,2,Medium - High (20-40%),Asia,South Asia
SLV,El Salvador,2050,bau,bws,Liv,2.21361008628015,69,2,Medium - High (20-40%),Americas,Latin America & Caribbean
MLI,Mali,2030,bau,bws,Dom,2.21351247659325,74,2,Medium - High (20-40%),Africa,Sub-Saharan Africa
IDN,Indonesia,2050,bau,bws,Ind,2.21320789290162,76,2,Medium - High (20-40%),Asia,East Asia & Pacific
CZE,Czech Republic,2050,pes,bws,Ind,2.21268871474618,77,2,Medium - High (20-40%),Europe,Europe & Central Asia
IDN,Indonesia,2050,opt,bws,Dom,2.21216312848513,74,2,Medium - High (20-40%),Asia,East Asia & Pacific
MMR,Myanmar,2050,bau,bws,Tot,2.21121100503954,78,2,Medium - High (20-40%),Asia,East Asia & Pacific
ZWE,Zimbabwe,2030,bau,bws,Liv,2.21090562523911,65,2,Medium - High (20-40%),Africa,Sub-Saharan Africa
IDN,Indonesia,2050,pes,bws,Tot,2.21014275091006,77,2,Medium - High (20-40%),Asia,East Asia & Pacific
IDN,Indonesia,2080,opt,bws,Irr,2.20963298821784,78,2,Medium - High (20-40%),Asia,East Asia & Pacific
TGO,Togo,2080,bau,bws,Ind,2.20862217277225,83,2,Medium - High (20-40%),Africa,Sub-Saharan Africa
LKA,Sri Lanka,2030,pes,bws,Ind,2.20741245736064,71,2,Medium - High (20-40%),Asia,South Asia
DEU,Germany,2030,pes,bws,Ind,2.20610024968226,72,2,Medium - High (20-40%),Europe,Europe & Central Asia
MMR,Myanmar,2050,opt,bws,Irr,2.20435370719997,75,2,Medium - High (20-40%),Asia,East Asia & Pacific
LKA,Sri Lanka,2030,pes,bws,Liv,2.20350151793921,67,2,Medium - High (20-40%),Asia,South Asia
SVK,Slovakia,2080,pes,bws,Ind,2.2028992005745,86,2,Medium - High (20-40%),Europe,Europe & Central Asia
LKA,Sri Lanka,2050,bau,bws,Ind,2.20166349800161,77,2,Medium - High (20-40%),Asia,South Asia
KOR,South Korea,2030,bau,bws,One,2.20103350987331,62,2,Medium - High (20-40%),Asia,East Asia & Pacific
ARM,Armenia,2080,opt,bws,Liv,2.20098082961609,68,2,Medium - High (20-40%),Asia,Europe & Central Asia
TLS,Timor-Leste,2080,opt,bws,One,2.20029784887629,65,2,Medium - High (20-40%),Asia,East Asia & Pacific
KEN,Kenya,2050,opt,bws,Tot,2.1997230426927,76,2,Medium - High (20-40%),Africa,Sub-Saharan Africa
MMR,Myanmar,2050,opt,bws,Tot,2.19862814252371,77,2,Medium - High (20-40%),Asia,East Asia & Pacific
IDN,Indonesia,2030,bau,bws,Ind,2.19857921644812,71,2,Medium - High (20-40%),Asia,East Asia & Pacific
CZE,Czech Republic,2080,opt,bws,Tot,2.19856281342279,77,2,Medium - High (20-40%),Europe,Europe & Central Asia
VNM,Vietnam,2080,bau,bws,Dom,2.1983312115629,78,2,Medium - High (20-40%),Asia,East Asia & Pacific
CHL,Chile,2050,bau,bws,Liv,2.19787596421999,70,2,Medium - High (20-40%),Americas,Latin America & Caribbean
KOR,South Korea,2030,opt,bws,One,2.19776474945781,65,2,Medium - High (20-40%),Asia,East Asia & Pacific
DEU,Germany,2030,pes,bws,Tot,2.19768271598301,76,2,Medium - High (20-40%),Europe,Europe & Central Asia
AUS,Australia,2050,pes,bws,One,2.19688676618603,65,2,Medium - High (20-40%),Oceania,East Asia & Pacific
LKA,Sri Lanka,2050,bau,bws,Liv,2.19681441291414,71,2,Medium - High (20-40%),Asia,South Asia
MMR,Myanmar,2030,opt,bws,Irr,2.19565436334271,77,2,Medium - High (20-40%),Asia,East Asia & Pacific
CAF,Central African Republic,2080,opt,bws,Irr,2.1911118288868,79,2,Medium - High (20-40%),Africa,Sub-Saharan Africa
MMR,Myanmar,2030,opt,bws,Tot,2.18970383576479,75,2,Medium - High (20-40%),Asia,East Asia & Pacific
CZE,Czech Republic,2050,bau,bws,Tot,2.18939290473823,79,2,Medium - High (20-40%),Europe,Europe & Central Asia
POL,Poland,2080,pes,bws,Irr,2.18868334058386,90,2,Medium - High (20-40%),Europe,Europe & Central Asia
KOR,South Korea,2080,opt,bws,Ind,2.1886327304393,77,2,Medium - High (20-40%),Asia,East Asia & Pacific
VNM,Vietnam,2050,bau,bws,Ind,2.18540388391722,78,2,Medium - High (20-40%),Asia,East Asia & Pacific
CZE,Czech Republic,2030,bau,bws,Liv,2.18499827794242,66,2,Medium - High (20-40%),Europe,Europe & Central Asia
IDN,Indonesia,2050,pes,bws,Irr,2.18492487749524,78,2,Medium - High (20-40%),Asia,East Asia & Pacific
SLV,El Salvador,2030,pes,bws,One,2.1845161095321,65,2,Medium - High (20-40%),Americas,Latin America & Caribbean
BFA,Burkina Faso,2030,opt,bws,One,2.18388171542921,66,2,Medium - High (20-40%),Africa,Sub-Saharan Africa
TCD,Chad,2030,bau,bws,One,2.18372736020828,63,2,Medium - High (20-40%),Africa,Sub-Saharan Africa
DEU,Germany,2030,bau,bws,Ind,2.18242547154353,72,2,Medium - High (20-40%),Europe,Europe & Central Asia
ZWE,Zimbabwe,2030,bau,bws,Irr,2.18189398813089,76,2,Medium - High (20-40%),Africa,Sub-Saharan Africa
SOM,Somalia,2080,opt,bws,Liv,2.18121795221305,69,2,Medium - High (20-40%),Africa,Sub-Saharan Africa
CAN,Canada,2080,opt,bws,Liv,2.18089941884085,70,2,Medium - High (20-40%),Americas,North America
MLI,Mali,2050,bau,bws,Liv,2.1807438856399,72,2,Medium - High (20-40%),Africa,Sub-Saharan Africa
ETH,Ethiopia,2030,opt,bws,Ind,2.18062416606989,71,2,Medium - High (20-40%),Africa,Sub-Saharan Africa
FRA,France,2050,opt,bws,One,2.18051167337741,66,2,Medium - High (20-40%),Europe,Europe & Central Asia
SOM,Somalia,2050,bau,bws,One,2.18038927995143,66,2,Medium - High (20-40%),Africa,Sub-Saharan Africa
MMR,Myanmar,2030,bau,bws,Irr,2.17947995732844,77,2,Medium - High (20-40%),Asia,East Asia & Pacific
ZWE,Zimbabwe,2030,pes,bws,One,2.17938041591627,66,2,Medium - High (20-40%),Africa,Sub-Saharan Africa
VNM,Vietnam,2050,pes,bws,Irr,2.17880109922812,79,2,Medium - High (20-40%),Asia,East Asia & Pacific
CZE,Czech Republic,2050,pes,bws,Tot,2.17717526108745,78,2,Medium - High (20-40%),Europe,Europe & Central Asia
USA,United States,2080,bau,bws,Ind,2.17555321149318,84,2,Medium - High (20-40%),Americas,North America
MMR,Myanmar,2050,pes,bws,Irr,2.17524899157246,80,2,Medium - High (20-40%),Asia,East Asia & Pacific
MMR,Myanmar,2030,bau,bws,Tot,2.17484414089922,74,2,Medium - High (20-40%),Asia,East Asia & Pacific
BFA,Burkina Faso,2030,pes,bws,One,2.17354473443966,67,2,Medium - High (20-40%),Africa,Sub-Saharan Africa
LTU,Lithuania,2030,pes,bws,Ind,2.17341167092576,73,2,Medium - High (20-40%),Europe,Europe & Central Asia
DEU,Germany,2030,bau,bws,Tot,2.17237481402478,75,2,Medium - High (20-40%),Europe,Europe & Central Asia
ARG,Argentina,2050,pes,bws,Liv,2.17173810498797,71,2,Medium - High (20-40%),Americas,Latin America & Caribbean
CZE,Czech Republic,2080,pes,bws,One,2.17164397504851,74,2,Medium - High (20-40%),Europe,Europe & Central Asia
MMR,Myanmar,2050,pes,bws,Tot,2.17148021541791,79,2,Medium - High (20-40%),Asia,East Asia & Pacific
CZE,Czech Republic,2030,pes,bws,Liv,2.17136187344298,68,2,Medium - High (20-40%),Europe,Europe & Central Asia
KGZ,Kyrgyzstan,2030,opt,bws,One,2.17102419870168,67,2,Medium - High (20-40%),Asia,Europe & Central Asia
LTU,Lithuania,2030,bau,bws,Ind,2.17096743646423,73,2,Medium - High (20-40%),Europe,Europe & Central Asia
IDN,Indonesia,2050,opt,bws,Irr,2.16834380075255,76,2,Medium - High (20-40%),Asia,East Asia & Pacific
IDN,Indonesia,2050,opt,bws,Tot,2.16768292477999,78,2,Medium - High (20-40%),Asia,East Asia & Pacific
SLV,El Salvador,2030,pes,bws,Tot,2.16738173291013,77,2,Medium - High (20-40%),Americas,Latin America & Caribbean
TCD,Chad,2050,opt,bws,One,2.16694290747296,67,2,Medium - High (20-40%),Africa,Sub-Saharan Africa
DEU,Germany,2030,pes,bws,Dom,2.16663208702982,73,2,Medium - High (20-40%),Europe,Europe & Central Asia
VNM,Vietnam,2050,pes,bws,Tot,2.16596807272175,80,2,Medium - High (20-40%),Asia,East Asia & Pacific
VNM,Vietnam,2080,pes,bws,Irr,2.16510996845845,91,2,Medium - High (20-40%),Asia,East Asia & Pacific
IDN,Indonesia,2080,bau,bws,Tot,2.16353191001277,84,2,Medium - High (20-40%),Asia,East Asia & Pacific
ARG,Argentina,2050,opt,bws,Irr,2.16077660222508,77,2,Medium - High (20-40%),Americas,Latin America & Caribbean
TZA,Tanzania,2080,bau,bws,Dom,2.1605180792798,79,2,Medium - High (20-40%),Africa,Sub-Saharan Africa
GMB,Gambia,2080,bau,bws,Tot,2.16049896479955,85,2,Medium - High (20-40%),Africa,Sub-Saharan Africa
SOM,Somalia,2030,bau,bws,Tot,2.16017526830992,76,2,Medium - High (20-40%),Africa,Sub-Saharan Africa
LTU,Lithuania,2030,pes,bws,Tot,2.1600430155136,78,2,Medium - High (20-40%),Europe,Europe & Central Asia
ERI,Eritrea,2080,opt,bws,One,2.15999282655682,66,2,Medium - High (20-40%),Africa,Sub-Saharan Africa
KOR,South Korea,2080,opt,bws,Dom,2.15989713143021,74,2,Medium - High (20-40%),Asia,East Asia & Pacific
VNM,Vietnam,2050,bau,bws,Dom,2.15946236268273,74,2,Medium - High (20-40%),Asia,East Asia & Pacific
LTU,Lithuania,2030,bau,bws,Tot,2.15738276720969,77,2,Medium - High (20-40%),Europe,Europe & Central Asia
MLI,Mali,2050,opt,bws,Liv,2.15683678614145,71,2,Medium - High (20-40%),Africa,Sub-Saharan Africa
PHL,Philippines,2030,opt,bws,Dom,2.15680101827791,72,2,Medium - High (20-40%),Asia,East Asia & Pacific
TLS,Timor-Leste,2050,pes,bws,One,2.15662319432275,66,2,Medium - High (20-40%),Asia,East Asia & Pacific
LTU,Lithuania,2050,opt,bws,Ind,2.15640867711939,78,2,Medium - High (20-40%),Europe,Europe & Central Asia
MMR,Myanmar,2080,bau,bws,Irr,2.1558956505183,89,2,Medium - High (20-40%),Asia,East Asia & Pacific
MLI,Mali,2030,bau,bws,Liv,2.15563963121335,67,2,Medium - High (20-40%),Africa,Sub-Saharan Africa
MMR,Myanmar,2080,opt,bws,Irr,2.1546774486805,80,2,Medium - High (20-40%),Asia,East Asia & Pacific
DEU,Germany,2080,pes,bws,One,2.15462128217617,75,2,Medium - High (20-40%),Europe,Europe & Central Asia
MLI,Mali,2030,pes,bws,Dom,2.15418786132168,74,2,Medium - High (20-40%),Africa,Sub-Saharan Africa
KOR,South Korea,2080,pes,bws,Tot,2.153425933819,86,2,Medium - High (20-40%),Asia,East Asia & Pacific
LSO,Lesotho,2030,bau,bws,Liv,2.15328947825658,68,2,Medium - High (20-40%),Africa,Sub-Saharan Africa
GUY,Guyana,2080,pes,bws,Dom,2.15308995996722,83,2,Medium - High (20-40%),Americas,Latin America & Caribbean
AGO,Angola,2030,bau,bws,Irr,2.15255806853734,78,2,Medium - High (20-40%),Africa,Sub-Saharan Africa
MMR,Myanmar,2080,bau,bws,Tot,2.15185974749935,86,2,Medium - High (20-40%),Asia,East Asia & Pacific
TLS,Timor-Leste,2080,bau,bws,One,2.15181129338522,73,2,Medium - High (20-40%),Asia,East Asia & Pacific
NER,Niger,2050,pes,bws,Ind,2.15054882401806,78,2,Medium - High (20-40%),Africa,Sub-Saharan Africa
AGO,Angola,2080,bau,bws,Liv,2.15020804393694,75,2,Medium - High (20-40%),Africa,Sub-Saharan Africa
LTU,Lithuania,2030,opt,bws,Ind,2.15014267240166,72,2,Medium - High (20-40%),Europe,Europe & Central Asia
MMR,Myanmar,2080,opt,bws,Tot,2.14948798024939,78,2,Medium - High (20-40%),Asia,East Asia & Pacific
ETH,Ethiopia,2080,opt,bws,Irr,2.14876183136501,81,2,Medium - High (20-40%),Africa,Sub-Saharan Africa
VNM,Vietnam,2080,pes,bws,Tot,2.14873232250914,87,2,Medium - High (20-40%),Asia,East Asia & Pacific
DEU,Germany,2080,opt,bws,Liv,2.14766021330202,71,2,Medium - High (20-40%),Europe,Europe & Central Asia
SLV,El Salvador,2030,bau,bws,Ind,2.14714764006106,74,2,Medium - High (20-40%),Americas,Latin America & Caribbean
FRA,France,2030,pes,bws,Dom,2.14691134461093,75,2,Medium - High (20-40%),Europe,Europe & Central Asia
FIN,Finland,2080,pes,bws,Dom,2.14668912972947,84,2,Medium - High (20-40%),Europe,Europe & Central Asia
LTU,Lithuania,2050,opt,bws,Tot,2.14591848471952,79,2,Medium - High (20-40%),Europe,Europe & Central Asia
KGZ,Kyrgyzstan,2030,bau,bws,One,2.14577946890958,64,2,Medium - High (20-40%),Asia,Europe & Central Asia
ARG,Argentina,2080,pes,bws,Tot,2.14482343077868,88,2,Medium - High (20-40%),Americas,Latin America & Caribbean
SOM,Somalia,2050,bau,bws,Liv,2.14450401090065,73,2,Medium - High (20-40%),Africa,Sub-Saharan Africa
SVK,Slovakia,2080,pes,bws,Dom,2.14319728033811,85,2,Medium - High (20-40%),Europe,Europe & Central Asia
FRA,France,2030,pes,bws,Liv,2.14278987304195,69,2,Medium - High (20-40%),Europe,Europe & Central Asia
NLD,Netherlands,2080,pes,bws,Irr,2.14265034258182,92,2,Medium - High (20-40%),Europe,Europe & Central Asia
ARG,Argentina,2050,opt,bws,One,2.14184481865771,68,2,Medium - High (20-40%),Americas,Latin America & Caribbean
SOM,Somalia,2050,pes,bws,One,2.14184477362441,67,2,Medium - High (20-40%),Africa,Sub-Saharan Africa
ZMB,Zambia,2080,bau,bws,Tot,2.14142201126059,87,2,Medium - High (20-40%),Africa,Sub-Saharan Africa
KOR,South Korea,2030,pes,bws,One,2.14092938272806,68,2,Medium - High (20-40%),Asia,East Asia & Pacific
CHL,Chile,2030,bau,bws,Liv,2.14048087861814,69,2,Medium - High (20-40%),Americas,Latin America & Caribbean
KOR,South Korea,2080,pes,bws,Liv,2.13993731017019,79,2,Medium - High (20-40%),Asia,East Asia & Pacific
LTU,Lithuania,2030,opt,bws,Tot,2.13729213795986,76,2,Medium - High (20-40%),Europe,Europe & Central Asia
FRA,France,2030,pes,bws,Ind,2.13684702746194,74,2,Medium - High (20-40%),Europe,Europe & Central Asia
RUS,Russia,2080,bau,bws,Irr,2.13676299142954,90,2,Medium - High (20-40%),Europe,Europe & Central Asia
AUS,Australia,2030,pes,bws,Liv,2.13644777723771,70,2,Medium - High (20-40%),Oceania,East Asia & Pacific
DEU,Germany,2030,opt,bws,Ind,2.13627332486182,73,2,Medium - High (20-40%),Europe,Europe & Central Asia
MLI,Mali,2030,opt,bws,Dom,2.13550053488746,73,2,Medium - High (20-40%),Africa,Sub-Saharan Africa
DEU,Germany,2030,bau,bws,Dom,2.13547460236975,75,2,Medium - High (20-40%),Europe,Europe & Central Asia
SOM,Somalia,2050,bau,bws,Dom,2.13502217433867,75,2,Medium - High (20-40%),Africa,Sub-Saharan Africa
TCD,Chad,2050,pes,bws,One,2.13385406404336,68,2,Medium - High (20-40%),Africa,Sub-Saharan Africa
CZE,Czech Republic,2050,opt,bws,Dom,2.13369347046385,75,2,Medium - High (20-40%),Europe,Europe & Central Asia
UKR,Ukraine,2080,pes,bws,Tot,2.13344861504771,89,2,Medium - High (20-40%),Europe,Europe & Central Asia
TCD,Chad,2080,bau,bws,One,2.13318154513725,74,2,Medium - High (20-40%),Africa,Sub-Saharan Africa
VNM,Vietnam,2030,opt,bws,Irr,2.13238710642267,78,2,Medium - High (20-40%),Asia,East Asia & Pacific
TZA,Tanzania,2080,opt,bws,Tot,2.13232759309721,79,2,Medium - High (20-40%),Africa,Sub-Saharan Africa
SDN,Sudan,2050,pes,bws,Liv,2.13180927586845,72,2,Medium - High (20-40%),Africa,Sub-Saharan Africa
POL,Poland,2050,opt,bws,Irr,2.13143910084459,78,2,Medium - High (20-40%),Europe,Europe & Central Asia
AUS,Australia,2030,opt,bws,Liv,2.13081193151154,67,2,Medium - High (20-40%),Oceania,East Asia & Pacific
SLV,El Salvador,2080,opt,bws,One,2.13049315118027,67,2,Medium - High (20-40%),Americas,Latin America & Caribbean
KOR,South Korea,2050,opt,bws,One,2.13032138794523,69,2,Medium - High (20-40%),Asia,East Asia & Pacific
FRA,France,2030,opt,bws,Dom,2.12975403614745,74,2,Medium - High (20-40%),Europe,Europe & Central Asia
DEU,Germany,2050,opt,bws,One,2.12942318622863,70,2,Medium - High (20-40%),Europe,Europe & Central Asia
SLV,El Salvador,2080,opt,bws,Tot,2.12911634602909,80,2,Medium - High (20-40%),Americas,Latin America & Caribbean
ZWE,Zimbabwe,2030,bau,bws,One,2.12853016429978,65,2,Medium - High (20-40%),Africa,Sub-Saharan Africa
CHL,Chile,2030,pes,bws,Liv,2.12852112964778,71,2,Medium - High (20-40%),Americas,Latin America & Caribbean
DEU,Germany,2030,opt,bws,Tot,2.12758575232853,77,2,Medium - High (20-40%),Europe,Europe & Central Asia
CHL,Chile,2080,opt,bws,Liv,2.12715407094942,72,2,Medium - High (20-40%),Americas,Latin America & Caribbean
CZE,Czech Republic,2030,bau,bws,Ind,2.12587778332963,75,2,Medium - High (20-40%),Europe,Europe & Central Asia
CHL,Chile,2050,opt,bws,Liv,2.12511436784266,72,2,Medium - High (20-40%),Americas,Latin America & Caribbean
TZA,Tanzania,2050,opt,bws,Tot,2.12505994959627,80,2,Medium - High (20-40%),Africa,Sub-Saharan Africa
KGZ,Kyrgyzstan,2080,opt,bws,One,2.12473919681465,68,2,Medium - High (20-40%),Asia,Europe & Central Asia
NGA,Nigeria,2080,bau,bws,Liv,2.12447051801796,76,2,Medium - High (20-40%),Africa,Sub-Saharan Africa
ZMB,Zambia,2080,bau,bws,Ind,2.12444467351416,85,2,Medium - High (20-40%),Africa,Sub-Saharan Africa
PRK,North Korea,2050,bau,bws,Dom,2.12442469984794,76,2,Medium - High (20-40%),Asia,East Asia & Pacific
NLD,Netherlands,2080,opt,bws,Irr,2.12428314670647,82,2,Medium - High (20-40%),Europe,Europe & Central Asia
KOR,South Korea,2050,bau,bws,One,2.12377227764197,67,2,Medium - High (20-40%),Asia,East Asia & Pacific
ERI,Eritrea,2030,opt,bws,One,2.12276682144399,68,2,Medium - High (20-40%),Africa,Sub-Saharan Africa
TZA,Tanzania,2030,bau,bws,Tot,2.1226519116786,78,2,Medium - High (20-40%),Africa,Sub-Saharan Africa
MMR,Myanmar,2030,pes,bws,Irr,2.12236483504262,77,2,Medium - High (20-40%),Asia,East Asia & Pacific
FRA,France,2030,pes,bws,Tot,2.12221782391964,81,2,Medium - High (20-40%),Europe,Europe & Central Asia
BFA,Burkina Faso,2050,pes,bws,One,2.12034164155122,69,2,Medium - High (20-40%),Africa,Sub-Saharan Africa
VNM,Vietnam,2050,pes,bws,Ind,2.11892126935022,79,2,Medium - High (20-40%),Asia,East Asia & Pacific
KGZ,Kyrgyzstan,2030,pes,bws,One,2.11870022372259,71,2,Medium - High (20-40%),Asia,Europe & Central Asia
MMR,Myanmar,2030,pes,bws,Tot,2.11746806482457,82,2,Medium - High (20-40%),Asia,East Asia & Pacific
ETH,Ethiopia,2030,bau,bws,Ind,2.11716560234999,76,2,Medium - High (20-40%),Africa,Sub-Saharan Africa
KEN,Kenya,2030,pes,bws,Irr,2.11714448131634,78,2,Medium - High (20-40%),Africa,Sub-Saharan Africa
LKA,Sri Lanka,2080,bau,bws,One,2.11702865731589,75,2,Medium - High (20-40%),Asia,South Asia
LTU,Lithuania,2030,pes,bws,Dom,2.11550553484027,77,2,Medium - High (20-40%),Europe,Europe & Central Asia
KOR,South Korea,2050,pes,bws,One,2.115450710238,70,2,Medium - High (20-40%),Asia,East Asia & Pacific
FRA,France,2030,opt,bws,Ind,2.11393127515792,74,2,Medium - High (20-40%),Europe,Europe & Central Asia
AUS,Australia,2030,bau,bws,One,2.11355690942677,66,2,Medium - High (20-40%),Oceania,East Asia & Pacific
TLS,Timor-Leste,2030,pes,bws,One,2.11253765901153,72,2,Medium - High (20-40%),Asia,East Asia & Pacific
FRA,France,2030,opt,bws,Liv,2.11212782639884,68,2,Medium - High (20-40%),Europe,Europe & Central Asia
LTU,Lithuania,2030,bau,bws,Dom,2.11195471384858,76,2,Medium - High (20-40%),Europe,Europe & Central Asia
KGZ,Kyrgyzstan,2050,bau,bws,One,2.11186594247337,68,2,Medium - High (20-40%),Asia,Europe & Central Asia
VNM,Vietnam,2030,opt,bws,Tot,2.11163278874711,78,2,Medium - High (20-40%),Asia,East Asia & Pacific
LKA,Sri Lanka,2080,opt,bws,One,2.11148866690268,69,2,Medium - High (20-40%),Asia,South Asia
IDN,Indonesia,2080,bau,bws,Irr,2.11145821959265,91,2,Medium - High (20-40%),Asia,East Asia & Pacific
KOR,South Korea,2080,bau,bws,Liv,2.11130772394737,77,2,Medium - High (20-40%),Asia,East Asia & Pacific
LTU,Lithuania,2050,opt,bws,Dom,2.11059736201641,76,2,Medium - High (20-40%),Europe,Europe & Central Asia
VNM,Vietnam,2030,bau,bws,Irr,2.1103619179703,79,2,Medium - High (20-40%),Asia,East Asia & Pacific
SLV,El Salvador,2030,opt,bws,Dom,2.10989888574693,75,2,Medium - High (20-40%),Americas,Latin America & Caribbean
FRA,France,2030,bau,bws,Irr,2.10960961136531,80,2,Medium - High (20-40%),Europe,Europe & Central Asia
ARG,Argentina,2030,opt,bws,Irr,2.10890716088487,79,2,Medium - High (20-40%),Americas,Latin America & Caribbean
KOR,South Korea,2080,opt,bws,One,2.10786359841191,70,2,Medium - High (20-40%),Asia,East Asia & Pacific
VNM,Vietnam,2080,pes,bws,Ind,2.10559253340723,87,2,Medium - High (20-40%),Asia,East Asia & Pacific
VEN,Venezuela,2030,opt,bws,Irr,2.10367156119769,80,2,Medium - High (20-40%),Americas,Latin America & Caribbean
VEN,Venezuela,2050,pes,bws,Tot,2.10309095334003,81,2,Medium - High (20-40%),Americas,Latin America & Caribbean
ARG,Argentina,2030,bau,bws,Liv,2.10281214940102,70,2,Medium - High (20-40%),Americas,Latin America & Caribbean
MMR,Myanmar,2080,pes,bws,Irr,2.10264224643258,93,2,Medium - High (20-40%),Asia,East Asia & Pacific
LKA,Sri Lanka,2050,opt,bws,One,2.1017001204075,71,2,Medium - High (20-40%),Asia,South Asia
PHL,Philippines,2080,pes,bws,Liv,2.10044556678391,80,2,Medium - High (20-40%),Asia,East Asia & Pacific
FRA,France,2030,opt,bws,Tot,2.09978113170327,79,2,Medium - High (20-40%),Europe,Europe & Central Asia
TZA,Tanzania,2050,pes,bws,Tot,2.09935510482598,82,2,Medium - High (20-40%),Africa,Sub-Saharan Africa
MMR,Myanmar,2080,pes,bws,Tot,2.09919401029007,90,2,Medium - High (20-40%),Asia,East Asia & Pacific
CZE,Czech Republic,2030,pes,bws,Ind,2.09493186619403,77,2,Medium - High (20-40%),Europe,Europe & Central Asia
SOM,Somalia,2030,bau,bws,Irr,2.09440044357585,81,2,Medium - High (20-40%),Africa,Sub-Saharan Africa
LTU,Lithuania,2030,opt,bws,Dom,2.09435833507934,76,2,Medium - High (20-40%),Europe,Europe & Central Asia
NLD,Netherlands,2080,pes,bws,Ind,2.09410863944817,88,2,Medium - High (20-40%),Europe,Europe & Central Asia
ARG,Argentina,2080,opt,bws,One,2.0940885292458,71,2,Medium - High (20-40%),Americas,Latin America & Caribbean
NLD,Netherlands,2080,pes,bws,Tot,2.09291934498691,91,2,Medium - High (20-40%),Europe,Europe & Central Asia
CZE,Czech Republic,2030,bau,bws,Tot,2.09248396592145,81,2,Medium - High (20-40%),Europe,Europe & Central Asia
CUB,Cuba,2080,pes,bws,Irr,2.09172772119749,94,2,Medium - High (20-40%),Americas,Latin America & Caribbean
VNM,Vietnam,2030,bau,bws,Tot,2.09115272895099,82,2,Medium - High (20-40%),Asia,East Asia & Pacific
PRK,North Korea,2050,pes,bws,Dom,2.09067062455773,76,2,Medium - High (20-40%),Asia,East Asia & Pacific
DEU,Germany,2030,opt,bws,Dom,2.09057179655891,77,2,Medium - High (20-40%),Europe,Europe & Central Asia
CZE,Czech Republic,2080,opt,bws,Dom,2.09050803947095,76,2,Medium - High (20-40%),Europe,Europe & Central Asia
LSO,Lesotho,2030,opt,bws,Liv,2.09012402061231,69,2,Medium - High (20-40%),Africa,Sub-Saharan Africa
VNM,Vietnam,2050,pes,bws,Dom,2.08992394853858,77,2,Medium - High (20-40%),Asia,East Asia & Pacific
MLI,Mali,2050,pes,bws,Liv,2.08912510311456,73,2,Medium - High (20-40%),Africa,Sub-Saharan Africa
SLV,El Salvador,2050,opt,bws,One,2.08497450451191,72,2,Medium - High (20-40%),Americas,Latin America & Caribbean
DEU,Germany,2050,pes,bws,One,2.08434974497508,71,2,Medium - High (20-40%),Europe,Europe & Central Asia
GUY,Guyana,2080,bau,bws,Dom,2.08388702036804,80,2,Medium - High (20-40%),Americas,Latin America & Caribbean
CHL,Chile,2030,opt,bws,Liv,2.08320644348042,70,2,Medium - High (20-40%),Americas,Latin America & Caribbean
VEN,Venezuela,2080,bau,bws,Tot,2.08219732442751,88,2,Medium - High (20-40%),Americas,Latin America & Caribbean
AGO,Angola,2050,pes,bws,Ind,2.08147453394703,80,2,Medium - High (20-40%),Africa,Sub-Saharan Africa
DEU,Germany,2050,bau,bws,Ind,2.08146335802903,81,2,Medium - High (20-40%),Europe,Europe & Central Asia
VNM,Vietnam,2050,opt,bws,Irr,2.08071067684894,79,2,Medium - High (20-40%),Asia,East Asia & Pacific
MLI,Mali,2030,pes,bws,Liv,2.07932970396459,72,2,Medium - High (20-40%),Africa,Sub-Saharan Africa
GUY,Guyana,2050,pes,bws,Dom,2.07913884827019,78,2,Medium - High (20-40%),Americas,Latin America & Caribbean
CZE,Czech Republic,2050,bau,bws,Dom,2.07890999539073,78,2,Medium - High (20-40%),Europe,Europe & Central Asia
VNM,Vietnam,2080,pes,bws,Dom,2.07497486865103,86,2,Medium - High (20-40%),Asia,East Asia & Pacific
SLV,El Salvador,2050,pes,bws,Dom,2.07448713704723,79,2,Medium - High (20-40%),Americas,Latin America & Caribbean
DEU,Germany,2030,pes,bws,Liv,2.07244066313406,73,2,Medium - High (20-40%),Europe,Europe & Central Asia
VNM,Vietnam,2050,opt,bws,Tot,2.07181450906307,81,2,Medium - High (20-40%),Asia,East Asia & Pacific
AGO,Angola,2050,bau,bws,Liv,2.07172602575787,74,2,Medium - High (20-40%),Africa,Sub-Saharan Africa
UKR,Ukraine,2080,pes,bws,Dom,2.07144888723372,87,2,Medium - High (20-40%),Europe,Europe & Central Asia
KOR,South Korea,2080,pes,bws,Ind,2.07085202632218,89,2,Medium - High (20-40%),Asia,East Asia & Pacific
AGO,Angola,2080,bau,bws,Tot,2.07078432685927,89,2,Medium - High (20-40%),Africa,Sub-Saharan Africa
VEN,Venezuela,2050,bau,bws,Dom,2.07065941262201,79,2,Medium - High (20-40%),Americas,Latin America & Caribbean
LTU,Lithuania,2050,pes,bws,Ind,2.06921974278236,81,2,Medium - High (20-40%),Europe,Europe & Central Asia
GBR,United Kingdom,2050,pes,bws,Dom,2.06915847668489,80,2,Medium - High (20-40%),Europe,Europe & Central Asia
GUY,Guyana,2050,opt,bws,Dom,2.06909007563179,77,2,Medium - High (20-40%),Americas,Latin America & Caribbean
DEU,Germany,2030,bau,bws,Liv,2.06897204992934,71,2,Medium - High (20-40%),Europe,Europe & Central Asia
PRK,North Korea,2030,bau,bws,Dom,2.06863128010588,78,2,Medium - High (20-40%),Asia,East Asia & Pacific
PHL,Philippines,2080,bau,bws,One,2.06811385238801,76,2,Medium - High (20-40%),Asia,East Asia & Pacific
PRK,North Korea,2030,pes,bws,Dom,2.06794265114016,78,2,Medium - High (20-40%),Asia,East Asia & Pacific
ARG,Argentina,2080,bau,bws,Liv,2.06751340090298,78,2,Medium - High (20-40%),Americas,Latin America & Caribbean
ARG,Argentina,2050,pes,bws,Tot,2.06712784340077,83,2,Medium - High (20-40%),Americas,Latin America & Caribbean
DEU,Germany,2050,bau,bws,Tot,2.06556954787778,82,2,Medium - High (20-40%),Europe,Europe & Central Asia
SLV,El Salvador,2030,opt,bws,Ind,2.06400523391998,75,2,Medium - High (20-40%),Americas,Latin America & Caribbean
VNM,Vietnam,2030,opt,bws,Ind,2.06383927848617,76,2,Medium - High (20-40%),Asia,East Asia & Pacific
VNM,Vietnam,2030,pes,bws,Irr,2.06281249767284,79,2,Medium - High (20-40%),Asia,East Asia & Pacific
KGZ,Kyrgyzstan,2050,pes,bws,One,2.06160172669536,72,2,Medium - High (20-40%),Asia,Europe & Central Asia
GBR,United Kingdom,2050,pes,bws,Irr,2.0607370327688,81,2,Medium - High (20-40%),Europe,Europe & Central Asia
CZE,Czech Republic,2050,pes,bws,Dom,2.06036606219478,81,2,Medium - High (20-40%),Europe,Europe & Central Asia
LTU,Lithuania,2050,pes,bws,Tot,2.06016344571147,84,2,Medium - High (20-40%),Europe,Europe & Central Asia
VNM,Vietnam,2080,opt,bws,Irr,2.05970856182378,84,2,Medium - High (20-40%),Asia,East Asia & Pacific
BLR,Belarus,2080,pes,bws,Dom,2.05944017528706,88,2,Medium - High (20-40%),Europe,Europe & Central Asia
CUB,Cuba,2080,bau,bws,Irr,2.05756761428757,92,2,Medium - High (20-40%),Americas,Latin America & Caribbean
CZE,Czech Republic,2030,pes,bws,Tot,2.05743499478461,83,2,Medium - High (20-40%),Europe,Europe & Central Asia
NPL,Nepal,2080,pes,bws,One,2.05719520900123,76,2,Medium - High (20-40%),Asia,South Asia
VNM,Vietnam,2050,opt,bws,Ind,2.05700328672936,79,2,Medium - High (20-40%),Asia,East Asia & Pacific
GTM,Guatemala,2080,pes,bws,Irr,2.05591676976838,95,2,Medium - High (20-40%),Americas,Latin America & Caribbean
SLV,El Salvador,2050,opt,bws,Tot,2.05388671373051,82,2,Medium - High (20-40%),Americas,Latin America & Caribbean
MMR,Myanmar,2050,bau,bws,Ind,2.05360400497153,82,2,Medium - High (20-40%),Asia,East Asia & Pacific
KOR,South Korea,2080,bau,bws,Ind,2.05345396441504,86,2,Medium - High (20-40%),Asia,East Asia & Pacific
DEU,Germany,2080,opt,bws,One,2.05333320138977,72,2,Medium - High (20-40%),Europe,Europe & Central Asia
MLI,Mali,2030,opt,bws,Liv,2.05273189746971,71,2,Medium - High (20-40%),Africa,Sub-Saharan Africa
CZE,Czech Republic,2030,opt,bws,Liv,2.05259864921907,72,2,Medium - High (20-40%),Europe,Europe & Central Asia
AUS,Australia,2030,bau,bws,Liv,2.05218826996918,72,2,Medium - High (20-40%),Oceania,East Asia & Pacific
VNM,Vietnam,2030,pes,bws,Tot,2.05198285835989,84,2,Medium - High (20-40%),Asia,East Asia & Pacific
RUS,Russia,2030,opt,bws,Irr,2.0516559534927,81,2,Medium - High (20-40%),Europe,Europe & Central Asia
AGO,Angola,2050,bau,bws,Tot,2.05116465285964,83,2,Medium - High (20-40%),Africa,Sub-Saharan Africa
ERI,Eritrea,2030,bau,bws,One,2.05107465169747,69,2,Medium - High (20-40%),Africa,Sub-Saharan Africa
CUB,Cuba,2080,pes,bws,Tot,2.05085522995374,92,2,Medium - High (20-40%),Americas,Latin America & Caribbean
LTU,Lithuania,2050,bau,bws,Ind,2.04802703570831,83,2,Medium - High (20-40%),Europe,Europe & Central Asia
CUB,Cuba,2080,bau,bws,Tot,2.04760361579886,90,2,Medium - High (20-40%),Americas,Latin America & Caribbean
KGZ,Kyrgyzstan,2050,opt,bws,One,2.0454569577222,73,2,Medium - High (20-40%),Asia,Europe & Central Asia
IDN,Indonesia,2050,bau,bws,Tot,2.04488486808281,84,2,Medium - High (20-40%),Asia,East Asia & Pacific
CUB,Cuba,2080,bau,bws,Dom,2.04436089131576,81,2,Medium - High (20-40%),Americas,Latin America & Caribbean
KOR,South Korea,2080,pes,bws,Dom,2.04137178097843,89,2,Medium - High (20-40%),Asia,East Asia & Pacific
GBR,United Kingdom,2050,opt,bws,Irr,2.04113549201275,80,2,Medium - High (20-40%),Europe,Europe & Central Asia
KEN,Kenya,2080,bau,bws,Dom,2.04000829854209,82,2,Medium - High (20-40%),Africa,Sub-Saharan Africa
VEN,Venezuela,2030,pes,bws,Irr,2.03888828891306,80,2,Medium - High (20-40%),Americas,Latin America & Caribbean
KHM,Cambodia,2030,opt,bws,Dom,2.03858024404401,78,2,Medium - High (20-40%),Asia,East Asia & Pacific
GUY,Guyana,2050,bau,bws,Dom,2.03851020848049,80,2,Medium - High (20-40%),Americas,Latin America & Caribbean
VNM,Vietnam,2080,opt,bws,Tot,2.03830299084587,82,2,Medium - High (20-40%),Asia,East Asia & Pacific
LTU,Lithuania,2050,bau,bws,Tot,2.03807628531007,85,2,Medium - High (20-40%),Europe,Europe & Central Asia
NLD,Netherlands,2080,pes,bws,Dom,2.03755632334734,90,2,Medium - High (20-40%),Europe,Europe & Central Asia
DEU,Germany,2050,bau,bws,Dom,2.03507707236391,81,2,Medium - High (20-40%),Europe,Europe & Central Asia
GBR,United Kingdom,2080,opt,bws,Irr,2.03404862657304,85,2,Medium - High (20-40%),Europe,Europe & Central Asia
LTU,Lithuania,2080,pes,bws,Ind,2.03317521221252,90,2,Medium - High (20-40%),Europe,Europe & Central Asia
LKA,Sri Lanka,2080,opt,bws,Dom,2.03316739189555,77,2,Medium - High (20-40%),Asia,South Asia
RUS,Russia,2050,pes,bws,Irr,2.03299538549838,82,2,Medium - High (20-40%),Europe,Europe & Central Asia
LKA,Sri Lanka,2080,opt,bws,Irr,2.03256566705463,86,2,Medium - High (20-40%),Asia,South Asia
BLR,Belarus,2080,pes,bws,Ind,2.0323511129531,91,2,Medium - High (20-40%),Europe,Europe & Central Asia
VNM,Vietnam,2030,opt,bws,Dom,2.03187847589467,80,2,Medium - High (20-40%),Asia,East Asia & Pacific
LKA,Sri Lanka,2080,opt,bws,Tot,2.03182205722047,83,2,Medium - High (20-40%),Asia,South Asia
CUB,Cuba,2080,pes,bws,Ind,2.0304151157202,92,2,Medium - High (20-40%),Americas,Latin America & Caribbean
LTU,Lithuania,2050,pes,bws,Dom,2.02995773498263,82,2,Medium - High (20-40%),Europe,Europe & Central Asia
FRA,France,2050,bau,bws,One,2.02931532464829,71,2,Medium - High (20-40%),Europe,Europe & Central Asia
POL,Poland,2080,pes,bws,Dom,2.0292993677913,91,2,Medium - High (20-40%),Europe,Europe & Central Asia
JPN,Japan,2030,pes,bws,Dom,2.02926995828332,79,2,Medium - High (20-40%),Asia,East Asia & Pacific
VNM,Vietnam,2030,bau,bws,Ind,2.02862496533228,79,2,Medium - High (20-40%),Asia,East Asia & Pacific
LTU,Lithuania,2080,pes,bws,Tot,2.02807073089403,93,2,Medium - High (20-40%),Europe,Europe & Central Asia
LTU,Lithuania,2080,opt,bws,Ind,2.02701289240722,79,2,Medium - High (20-40%),Europe,Europe & Central Asia
GBR,United Kingdom,2080,pes,bws,Tot,2.02572729656451,94,2,Medium - High (20-40%),Europe,Europe & Central Asia
KHM,Cambodia,2030,bau,bws,Dom,2.02467215772295,79,2,Medium - High (20-40%),Asia,East Asia & Pacific
CUB,Cuba,2030,pes,bws,Dom,2.02415543317957,80,2,Medium - High (20-40%),Americas,Latin America & Caribbean
GBR,United Kingdom,2080,opt,bws,Dom,2.02412067121668,78,2,Medium - High (20-40%),Europe,Europe & Central Asia
LKA,Sri Lanka,2080,opt,bws,Ind,2.02392051219138,80,2,Medium - High (20-40%),Asia,South Asia
GUY,Guyana,2080,opt,bws,Ind,2.02302990834856,81,2,Medium - High (20-40%),Americas,Latin America & Caribbean
TLS,Timor-Leste,2050,opt,bws,Liv,2.02198063111165,73,2,Medium - High (20-40%),Asia,East Asia & Pacific
LTU,Lithuania,2080,opt,bws,Tot,2.02165883155037,84,2,Medium - High (20-40%),Europe,Europe & Central Asia
TLS,Timor-Leste,2050,opt,bws,Tot,2.02161237917385,83,2,Medium - High (20-40%),Asia,East Asia & Pacific
TLS,Timor-Leste,2050,opt,bws,Irr,2.02161236458045,81,2,Medium - High (20-40%),Asia,East Asia & Pacific
TLS,Timor-Leste,2050,opt,bws,Ind,2.02161236458045,80,2,Medium - High (20-40%),Asia,East Asia & Pacific
TLS,Timor-Leste,2050,opt,bws,Dom,2.02161236458045,78,2,Medium - High (20-40%),Asia,East Asia & Pacific
AGO,Angola,2050,bau,bws,Ind,2.02085778463401,84,2,Medium - High (20-40%),Africa,Sub-Saharan Africa
IDN,Indonesia,2050,bau,bws,Irr,2.02062379688445,83,2,Medium - High (20-40%),Asia,East Asia & Pacific
SWZ,Swaziland,2080,bau,bws,Liv,2.0183837312232,79,2,Medium - High (20-40%),Africa,Sub-Saharan Africa
LKA,Sri Lanka,2080,opt,bws,Liv,2.01828975480151,74,2,Medium - High (20-40%),Asia,South Asia
NLD,Netherlands,2050,opt,bws,Ind,2.01790137224201,81,2,Medium - High (20-40%),Europe,Europe & Central Asia
CZE,Czech Republic,2050,opt,bws,One,2.01725745153135,74,2,Medium - High (20-40%),Europe,Europe & Central Asia
GUY,Guyana,2030,bau,bws,Dom,2.01647694149709,80,2,Medium - High (20-40%),Americas,Latin America & Caribbean
SLV,El Salvador,2030,pes,bws,Dom,2.01528561519642,81,2,Medium - High (20-40%),Americas,Latin America & Caribbean
JPN,Japan,2030,bau,bws,Dom,2.01436712278795,81,2,Medium - High (20-40%),Asia,East Asia & Pacific
VNM,Vietnam,2030,bau,bws,Dom,2.01375506114384,82,2,Medium - High (20-40%),Asia,East Asia & Pacific
PRK,North Korea,2030,opt,bws,Dom,2.01299734589468,81,2,Medium - High (20-40%),Asia,East Asia & Pacific
JPN,Japan,2030,opt,bws,Dom,2.01250956644011,82,2,Medium - High (20-40%),Asia,East Asia & Pacific
VNM,Vietnam,2050,opt,bws,Dom,2.01157148832493,79,2,Medium - High (20-40%),Asia,East Asia & Pacific
NLD,Netherlands,2050,opt,bws,Tot,2.01155597672147,84,2,Medium - High (20-40%),Europe,Europe & Central Asia
LTU,Lithuania,2080,pes,bws,Dom,2.01119669502327,92,2,Medium - High (20-40%),Europe,Europe & Central Asia
JPN,Japan,2050,pes,bws,Dom,2.01012049477062,83,2,Medium - High (20-40%),Asia,East Asia & Pacific
CUB,Cuba,2050,bau,bws,Dom,2.00855891196156,82,2,Medium - High (20-40%),Americas,Latin America & Caribbean
URY,Uruguay,2030,opt,bws,Irr,2.0081180757002,82,2,Medium - High (20-40%),Americas,Latin America & Caribbean
RUS,Russia,2050,bau,bws,Irr,2.00771233190734,84,2,Medium - High (20-40%),Europe,Europe & Central Asia
CUB,Cuba,2030,pes,bws,Tot,2.00724430783557,85,2,Medium - High (20-40%),Americas,Latin America & Caribbean
KHM,Cambodia,2050,bau,bws,Dom,2.00634043732922,83,2,Medium - High (20-40%),Asia,East Asia & Pacific
BLR,Belarus,2080,pes,bws,Tot,2.00632436541327,95,2,Medium - High (20-40%),Europe,Europe & Central Asia
GBR,United Kingdom,2050,opt,bws,Dom,2.00621509287237,80,2,Medium - High (20-40%),Europe,Europe & Central Asia
DEU,Germany,2030,opt,bws,Liv,2.00531837671233,73,2,Medium - High (20-40%),Europe,Europe & Central Asia
LTU,Lithuania,2050,bau,bws,Dom,2.00426238419925,84,2,Medium - High (20-40%),Europe,Europe & Central Asia
KOR,South Korea,2080,bau,bws,One,2.00410180427176,79,2,Medium - High (20-40%),Asia,East Asia & Pacific
MMR,Myanmar,2050,bau,bws,Dom,2.00390703762614,85,2,Medium - High (20-40%),Asia,East Asia & Pacific
LTU,Lithuania,2080,opt,bws,Dom,2.00359904985823,79,2,Medium - High (20-40%),Europe,Europe & Central Asia
CZE,Czech Republic,2030,opt,bws,Ind,2.00356406128352,79,2,Medium - High (20-40%),Europe,Europe & Central Asia
TLS,Timor-Leste,2030,opt,bws,Irr,2.00316668122908,83,2,Medium - High (20-40%),Asia,East Asia & Pacific
TLS,Timor-Leste,2030,opt,bws,Ind,2.00316668122908,80,2,Medium - High (20-40%),Asia,East Asia & Pacific
TLS,Timor-Leste,2030,opt,bws,Dom,2.00316668122908,83,2,Medium - High (20-40%),Asia,East Asia & Pacific
TLS,Timor-Leste,2030,opt,bws,Tot,2.00316668030783,82,2,Medium - High (20-40%),Asia,East Asia & Pacific
TLS,Timor-Leste,2030,opt,bws,Liv,2.00314155605293,74,2,Medium - High (20-40%),Asia,East Asia & Pacific
GUY,Guyana,2030,pes,bws,Ind,2.00271451179125,78,2,Medium - High (20-40%),Americas,Latin America & Caribbean
CUB,Cuba,2050,bau,bws,Tot,2.00174334908705,86,2,Medium - High (20-40%),Americas,Latin America & Caribbean
FRA,France,2030,pes,bws,Irr,2.00105250843136,81,2,Medium - High (20-40%),Europe,Europe & Central Asia
CUB,Cuba,2080,pes,bws,Dom,2.00047700796518,93,2,Medium - High (20-40%),Americas,Latin America & Caribbean
CUB,Cuba,2080,bau,bws,Ind,1.9993752752754,89,1,Low - Medium (10-20%),Americas,Latin America & Caribbean
CUB,Cuba,2050,bau,bws,Irr,1.99935119472305,85,1,Low - Medium (10-20%),Americas,Latin America & Caribbean
DEU,Germany,2050,opt,bws,Irr,1.99842162337714,82,1,Low - Medium (10-20%),Europe,Europe & Central Asia
NPL,Nepal,2050,pes,bws,One,1.99752473381967,73,1,Low - Medium (10-20%),Asia,South Asia
NLD,Netherlands,2050,pes,bws,Irr,1.99680492781433,83,1,Low - Medium (10-20%),Europe,Europe & Central Asia
MWI,Malawi,2050,bau,bws,Irr,1.99658302090902,86,1,Low - Medium (10-20%),Africa,Sub-Saharan Africa
ARG,Argentina,2030,bau,bws,One,1.99556287120557,70,1,Low - Medium (10-20%),Americas,Latin America & Caribbean
PRK,North Korea,2080,bau,bws,Dom,1.9954635003914,84,1,Low - Medium (10-20%),Asia,East Asia & Pacific
TLS,Timor-Leste,2050,pes,bws,Liv,1.99490229720608,75,1,Low - Medium (10-20%),Asia,East Asia & Pacific
TLS,Timor-Leste,2050,pes,bws,Tot,1.99479876157839,85,1,Low - Medium (10-20%),Asia,East Asia & Pacific
TLS,Timor-Leste,2050,pes,bws,Irr,1.99479875789273,84,1,Low - Medium (10-20%),Asia,East Asia & Pacific
TLS,Timor-Leste,2050,pes,bws,Ind,1.99479875789273,82,1,Low - Medium (10-20%),Asia,East Asia & Pacific
TLS,Timor-Leste,2050,pes,bws,Dom,1.99479875789273,84,1,Low - Medium (10-20%),Asia,East Asia & Pacific
ARG,Argentina,2030,pes,bws,Tot,1.99459802467357,86,1,Low - Medium (10-20%),Americas,Latin America & Caribbean
PRK,North Korea,2050,opt,bws,Dom,1.99372855480392,81,1,Low - Medium (10-20%),Asia,East Asia & Pacific
HND,Honduras,2080,pes,bws,Ind,1.99371624524879,93,1,Low - Medium (10-20%),Americas,Latin America & Caribbean
LSO,Lesotho,2030,pes,bws,Liv,1.9934259931634,75,1,Low - Medium (10-20%),Africa,Sub-Saharan Africa
UKR,Ukraine,2080,pes,bws,Ind,1.9929956904035,94,1,Low - Medium (10-20%),Europe,Europe & Central Asia
CAN,Canada,2050,pes,bws,Liv,1.99219652920053,76,1,Low - Medium (10-20%),Americas,North America
ARG,Argentina,2080,opt,bws,Tot,1.99194531524967,85,1,Low - Medium (10-20%),Americas,Latin America & Caribbean
KHM,Cambodia,2050,pes,bws,Dom,1.99180244703461,85,1,Low - Medium (10-20%),Asia,East Asia & Pacific
MMR,Myanmar,2050,pes,bws,Ind,1.99120964866601,83,1,Low - Medium (10-20%),Asia,East Asia & Pacific
LKA,Sri Lanka,2050,opt,bws,Irr,1.99105022346758,83,1,Low - Medium (10-20%),Asia,South Asia
PRK,North Korea,2050,bau,bws,Ind,1.99042521553273,86,1,Low - Medium (10-20%),Asia,East Asia & Pacific
MMR,Myanmar,2080,bau,bws,Ind,1.99017175792961,90,1,Low - Medium (10-20%),Asia,East Asia & Pacific
LKA,Sri Lanka,2050,opt,bws,Tot,1.98941539498771,85,1,Low - Medium (10-20%),Asia,South Asia
VNM,Vietnam,2030,pes,bws,Ind,1.98890195082031,79,1,Low - Medium (10-20%),Asia,East Asia & Pacific
TLS,Timor-Leste,2030,opt,bws,One,1.98865224911183,71,1,Low - Medium (10-20%),Asia,East Asia & Pacific
LKA,Sri Lanka,2050,opt,bws,Dom,1.98858286903033,82,1,Low - Medium (10-20%),Asia,South Asia
VEN,Venezuela,2030,bau,bws,Irr,1.98823806062332,82,1,Low - Medium (10-20%),Americas,Latin America & Caribbean
KOR,South Korea,2080,pes,bws,One,1.98777562339761,77,1,Low - Medium (10-20%),Asia,East Asia & Pacific
CUB,Cuba,2030,pes,bws,Irr,1.9869962717424,82,1,Low - Medium (10-20%),Americas,Latin America & Caribbean
NLD,Netherlands,2030,pes,bws,Irr,1.98682791816336,83,1,Low - Medium (10-20%),Europe,Europe & Central Asia
LKA,Sri Lanka,2080,bau,bws,Irr,1.98571231368478,93,1,Low - Medium (10-20%),Asia,South Asia
POL,Poland,2030,bau,bws,Irr,1.98563640019325,83,1,Low - Medium (10-20%),Europe,Europe & Central Asia
TLS,Timor-Leste,2080,opt,bws,Liv,1.98530894635277,75,1,Low - Medium (10-20%),Asia,East Asia & Pacific
SLV,El Salvador,2050,pes,bws,Ind,1.98515700167262,84,1,Low - Medium (10-20%),Americas,Latin America & Caribbean
LKA,Sri Lanka,2080,bau,bws,Dom,1.98495103142862,85,1,Low - Medium (10-20%),Asia,South Asia
TLS,Timor-Leste,2080,opt,bws,Tot,1.98493616027218,86,1,Low - Medium (10-20%),Asia,East Asia & Pacific
TLS,Timor-Leste,2080,opt,bws,Irr,1.9849361449437,87,1,Low - Medium (10-20%),Asia,East Asia & Pacific
TLS,Timor-Leste,2080,opt,bws,Ind,1.9849361449437,82,1,Low - Medium (10-20%),Asia,East Asia & Pacific
TLS,Timor-Leste,2080,opt,bws,Dom,1.9849361449437,80,1,Low - Medium (10-20%),Asia,East Asia & Pacific
CZE,Czech Republic,2030,bau,bws,Dom,1.9848104151727,83,1,Low - Medium (10-20%),Europe,Europe & Central Asia
VNM,Vietnam,2030,pes,bws,Dom,1.98449618471432,82,1,Low - Medium (10-20%),Asia,East Asia & Pacific
GTM,Guatemala,2080,pes,bws,Ind,1.98431422400323,95,1,Low - Medium (10-20%),Americas,Latin America & Caribbean
LKA,Sri Lanka,2080,bau,bws,Tot,1.98394262828326,93,1,Low - Medium (10-20%),Asia,South Asia
POL,Poland,2080,pes,bws,Tot,1.98287718979375,96,1,Low - Medium (10-20%),Europe,Europe & Central Asia
USA,United States,2050,pes,bws,One,1.98182016613995,74,1,Low - Medium (10-20%),Americas,North America
GMB,Gambia,2080,bau,bws,Liv,1.98153637852374,80,1,Low - Medium (10-20%),Africa,Sub-Saharan Africa
MDG,Madagascar,2080,bau,bws,Irr,1.98141607011683,94,1,Low - Medium (10-20%),Africa,Sub-Saharan Africa
NLD,Netherlands,2050,opt,bws,Irr,1.9804882079552,84,1,Low - Medium (10-20%),Europe,Europe & Central Asia
GHA,Ghana,2080,bau,bws,Ind,1.98048783330096,91,1,Low - Medium (10-20%),Africa,Sub-Saharan Africa
LKA,Sri Lanka,2050,opt,bws,Ind,1.97963851327002,82,1,Low - Medium (10-20%),Asia,South Asia
AGO,Angola,2030,opt,bws,Tot,1.97901885960197,83,1,Low - Medium (10-20%),Africa,Sub-Saharan Africa
ROU,Romania,2080,pes,bws,Dom,1.9786009432206,94,1,Low - Medium (10-20%),Europe,Europe & Central Asia
POL,Poland,2050,pes,bws,Irr,1.9780841815816,85,1,Low - Medium (10-20%),Europe,Europe & Central Asia
NPL,Nepal,2080,bau,bws,One,1.97799316793489,80,1,Low - Medium (10-20%),Asia,South Asia
FRA,France,2030,bau,bws,One,1.97725980731034,71,1,Low - Medium (10-20%),Europe,Europe & Central Asia
SLV,El Salvador,2080,opt,bws,Dom,1.97720511377259,81,1,Low - Medium (10-20%),Americas,Latin America & Caribbean
NLD,Netherlands,2080,pes,bws,Liv,1.97706118383028,81,1,Low - Medium (10-20%),Europe,Europe & Central Asia
LKA,Sri Lanka,2050,opt,bws,Liv,1.97683110028368,74,1,Low - Medium (10-20%),Asia,South Asia
PRK,North Korea,2080,opt,bws,Dom,1.9766468716578,82,1,Low - Medium (10-20%),Asia,East Asia & Pacific
GTM,Guatemala,2080,pes,bws,Tot,1.97595938909058,97,1,Low - Medium (10-20%),Americas,Latin America & Caribbean
CZE,Czech Republic,2080,bau,bws,Liv,1.97555862053554,81,1,Low - Medium (10-20%),Europe,Europe & Central Asia
KHM,Cambodia,2030,pes,bws,Dom,1.97535577534906,83,1,Low - Medium (10-20%),Asia,East Asia & Pacific
URY,Uruguay,2030,opt,bws,Tot,1.97451961401471,84,1,Low - Medium (10-20%),Americas,Latin America & Caribbean
POL,Poland,2080,pes,bws,Ind,1.97451908677029,96,1,Low - Medium (10-20%),Europe,Europe & Central Asia
KOR,South Korea,2080,bau,bws,Dom,1.97394966966752,86,1,Low - Medium (10-20%),Asia,East Asia & Pacific
CZE,Czech Republic,2030,opt,bws,Tot,1.97385675743491,85,1,Low - Medium (10-20%),Europe,Europe & Central Asia
CUB,Cuba,2030,pes,bws,Ind,1.97300049204557,80,1,Low - Medium (10-20%),Americas,Latin America & Caribbean
KHM,Cambodia,2080,pes,bws,Dom,1.97197240690228,95,1,Low - Medium (10-20%),Asia,East Asia & Pacific
LKA,Sri Lanka,2080,bau,bws,Ind,1.97145425798488,92,1,Low - Medium (10-20%),Asia,South Asia
GUY,Guyana,2030,opt,bws,Ind,1.97108704440441,81,1,Low - Medium (10-20%),Americas,Latin America & Caribbean
GUY,Guyana,2030,pes,bws,Dom,1.96922940077625,84,1,Low - Medium (10-20%),Americas,Latin America & Caribbean
LKA,Sri Lanka,2080,bau,bws,Liv,1.96753486098332,82,1,Low - Medium (10-20%),Asia,South Asia
PRK,North Korea,2080,pes,bws,Dom,1.96702382570928,96,1,Low - Medium (10-20%),Asia,East Asia & Pacific
CZE,Czech Republic,2080,bau,bws,Ind,1.96700178006501,93,1,Low - Medium (10-20%),Europe,Europe & Central Asia
FIN,Finland,2080,pes,bws,Tot,1.96680855923879,98,1,Low - Medium (10-20%),Europe,Europe & Central Asia
SLV,El Salvador,2030,pes,bws,Ind,1.96615993048118,81,1,Low - Medium (10-20%),Americas,Latin America & Caribbean
PHL,Philippines,2080,pes,bws,One,1.96514474399177,78,1,Low - Medium (10-20%),Asia,East Asia & Pacific
LTU,Lithuania,2080,bau,bws,Ind,1.96400511039721,94,1,Low - Medium (10-20%),Europe,Europe & Central Asia
FRA,France,2030,opt,bws,Irr,1.963042547141,84,1,Low - Medium (10-20%),Europe,Europe & Central Asia
NLD,Netherlands,2050,opt,bws,Dom,1.96287469917345,83,1,Low - Medium (10-20%),Europe,Europe & Central Asia
POL,Poland,2080,opt,bws,Irr,1.96167072822613,88,1,Low - Medium (10-20%),Europe,Europe & Central Asia
KHM,Cambodia,2050,opt,bws,Dom,1.96140681508353,84,1,Low - Medium (10-20%),Asia,East Asia & Pacific
NLD,Netherlands,2050,pes,bws,Ind,1.95979134684859,85,1,Low - Medium (10-20%),Europe,Europe & Central Asia
VEN,Venezuela,2050,pes,bws,Dom,1.95920293717533,86,1,Low - Medium (10-20%),Americas,Latin America & Caribbean
VNM,Vietnam,2080,opt,bws,Ind,1.95768833194724,83,1,Low - Medium (10-20%),Asia,East Asia & Pacific
PRK,North Korea,2050,pes,bws,Ind,1.95763366747488,86,1,Low - Medium (10-20%),Asia,East Asia & Pacific
CZE,Czech Republic,2080,opt,bws,One,1.95662010220473,74,1,Low - Medium (10-20%),Europe,Europe & Central Asia
ROU,Romania,2080,pes,bws,Liv,1.95609377304259,82,1,Low - Medium (10-20%),Europe,Europe & Central Asia
NLD,Netherlands,2050,pes,bws,Tot,1.95574177717188,86,1,Low - Medium (10-20%),Europe,Europe & Central Asia
SVK,Slovakia,2080,opt,bws,Liv,1.95552200256848,76,1,Low - Medium (10-20%),Europe,Europe & Central Asia
LTU,Lithuania,2080,bau,bws,Tot,1.95551164697617,94,1,Low - Medium (10-20%),Europe,Europe & Central Asia
CUB,Cuba,2080,bau,bws,Liv,1.95434740948382,83,1,Low - Medium (10-20%),Americas,Latin America & Caribbean
PRK,North Korea,2030,pes,bws,Ind,1.95431722852453,82,1,Low - Medium (10-20%),Asia,East Asia & Pacific
MMR,Myanmar,2080,bau,bws,Dom,1.9540736957834,87,1,Low - Medium (10-20%),Asia,East Asia & Pacific
SVK,Slovakia,2050,opt,bws,Liv,1.95369247682658,75,1,Low - Medium (10-20%),Europe,Europe & Central Asia
PRK,North Korea,2030,bau,bws,Ind,1.95311667061415,80,1,Low - Medium (10-20%),Asia,East Asia & Pacific
DEU,Germany,2050,bau,bws,Liv,1.95308560612381,77,1,Low - Medium (10-20%),Europe,Europe & Central Asia
DEU,Germany,2030,pes,bws,One,1.95279730324604,73,1,Low - Medium (10-20%),Europe,Europe & Central Asia
GBR,United Kingdom,2080,pes,bws,Ind,1.95254706330922,97,1,Low - Medium (10-20%),Europe,Europe & Central Asia
AGO,Angola,2050,opt,bws,Ind,1.94370488146585,83,1,Low - Medium (10-20%),Africa,Sub-Saharan Africa
DEU,Germany,2030,bau,bws,One,1.94296731726833,72,1,Low - Medium (10-20%),Europe,Europe & Central Asia
ROU,Romania,2080,pes,bws,Ind,1.9423911225875,98,1,Low - Medium (10-20%),Europe,Europe & Central Asia
CZE,Czech Republic,2080,bau,bws,Tot,1.94186457498658,95,1,Low - Medium (10-20%),Europe,Europe & Central Asia
USA,United States,2050,opt,bws,One,1.94140525251073,75,1,Low - Medium (10-20%),Americas,North America
CUB,Cuba,2050,bau,bws,Ind,1.94124585493345,87,1,Low - Medium (10-20%),Americas,Latin America & Caribbean
UKR,Ukraine,2080,opt,bws,Irr,1.93888526912359,89,1,Low - Medium (10-20%),Europe,Europe & Central Asia
CZE,Czech Republic,2030,pes,bws,Dom,1.93887394988996,86,1,Low - Medium (10-20%),Europe,Europe & Central Asia
ARG,Argentina,2050,opt,bws,Tot,1.93876861782469,86,1,Low - Medium (10-20%),Americas,Latin America & Caribbean
FIN,Finland,2080,pes,bws,Ind,1.93760383859996,99,1,Low - Medium (10-20%),Europe,Europe & Central Asia
TLS,Timor-Leste,2050,bau,bws,One,1.93583579521433,73,1,Low - Medium (10-20%),Asia,East Asia & Pacific
GUY,Guyana,2030,opt,bws,Dom,1.93565254662014,84,1,Low - Medium (10-20%),Americas,Latin America & Caribbean
SLV,El Salvador,2050,opt,bws,Dom,1.93564775203078,85,1,Low - Medium (10-20%),Americas,Latin America & Caribbean
NPL,Nepal,2030,opt,bws,One,1.9348230236537,72,1,Low - Medium (10-20%),Asia,South Asia
CZE,Czech Republic,2050,pes,bws,One,1.93425208830239,75,1,Low - Medium (10-20%),Europe,Europe & Central Asia
SLV,El Salvador,2080,opt,bws,Ind,1.93385998895051,84,1,Low - Medium (10-20%),Americas,Latin America & Caribbean
TLS,Timor-Leste,2080,bau,bws,Liv,1.93309911217365,84,1,Low - Medium (10-20%),Asia,East Asia & Pacific
TLS,Timor-Leste,2080,bau,bws,Tot,1.93271986752012,96,1,Low - Medium (10-20%),Asia,East Asia & Pacific
TLS,Timor-Leste,2080,bau,bws,Irr,1.93271985441485,95,1,Low - Medium (10-20%),Asia,East Asia & Pacific
TLS,Timor-Leste,2080,bau,bws,Ind,1.93271985441485,95,1,Low - Medium (10-20%),Asia,East Asia & Pacific
TLS,Timor-Leste,2080,bau,bws,Dom,1.93271985441485,88,1,Low - Medium (10-20%),Asia,East Asia & Pacific
NLD,Netherlands,2080,opt,bws,Tot,1.93267173145112,87,1,Low - Medium (10-20%),Europe,Europe & Central Asia
USA,United States,2080,opt,bws,One,1.9323991197383,75,1,Low - Medium (10-20%),Americas,North America
NLD,Netherlands,2080,opt,bws,Ind,1.93227414034376,85,1,Low - Medium (10-20%),Europe,Europe & Central Asia
JPN,Japan,2050,bau,bws,Dom,1.93117575586163,87,1,Low - Medium (10-20%),Asia,East Asia & Pacific
ARG,Argentina,2080,pes,bws,Ind,1.92879463668744,100,1,Low - Medium (10-20%),Americas,Latin America & Caribbean
CZE,Czech Republic,2050,bau,bws,One,1.92861539445923,74,1,Low - Medium (10-20%),Europe,Europe & Central Asia
JPN,Japan,2050,opt,bws,Dom,1.92826387670577,86,1,Low - Medium (10-20%),Asia,East Asia & Pacific
AGO,Angola,2030,bau,bws,Tot,1.92793235748847,83,1,Low - Medium (10-20%),Africa,Sub-Saharan Africa
MMR,Myanmar,2080,pes,bws,Ind,1.92744865564538,101,1,Low - Medium (10-20%),Asia,East Asia & Pacific
SSD,South Sudan,2080,opt,bws,Liv,1.92691380123144,77,1,Low - Medium (10-20%),Africa,Sub-Saharan Africa
SVK,Slovakia,2080,opt,bws,Irr,1.92658081023015,90,1,Low - Medium (10-20%),Europe,Europe & Central Asia
CAN,Canada,2050,opt,bws,Liv,1.92648845113717,76,1,Low - Medium (10-20%),Americas,North America
GMB,Gambia,2080,pes,bws,Irr,1.92580810430413,96,1,Low - Medium (10-20%),Africa,Sub-Saharan Africa
LTU,Lithuania,2080,bau,bws,Dom,1.92577521443622,89,1,Low - Medium (10-20%),Europe,Europe & Central Asia
SUR,Suriname,2080,pes,bws,Irr,1.92367681565939,97,1,Low - Medium (10-20%),Americas,Latin America & Caribbean
NLD,Netherlands,2050,opt,bws,Liv,1.92324846333605,77,1,Low - Medium (10-20%),Europe,Europe & Central Asia
BGD,Bangladesh,2080,opt,bws,One,1.92202013195753,76,1,Low - Medium (10-20%),Asia,South Asia
KHM,Cambodia,2080,opt,bws,Dom,1.92114064015381,83,1,Low - Medium (10-20%),Asia,East Asia & Pacific
USA,United States,2080,pes,bws,One,1.91986185388355,79,1,Low - Medium (10-20%),Americas,North America
VEN,Venezuela,2030,opt,bws,Tot,1.91959522605364,86,1,Low - Medium (10-20%),Americas,Latin America & Caribbean
CUB,Cuba,2080,pes,bws,Liv,1.91890238819787,83,1,Low - Medium (10-20%),Americas,Latin America & Caribbean
ARG,Argentina,2050,bau,bws,Ind,1.91710110515907,89,1,Low - Medium (10-20%),Americas,Latin America & Caribbean
HND,Honduras,2080,bau,bws,One,1.91441887382427,81,1,Low - Medium (10-20%),Americas,Latin America & Caribbean
NPL,Nepal,2050,opt,bws,One,1.91383564705109,76,1,Low - Medium (10-20%),Asia,South Asia
VNM,Vietnam,2080,opt,bws,Dom,1.91308363571473,84,1,Low - Medium (10-20%),Asia,East Asia & Pacific
NGA,Nigeria,2080,bau,bws,Tot,1.91167225249715,97,1,Low - Medium (10-20%),Africa,Sub-Saharan Africa
NLD,Netherlands,2050,pes,bws,Dom,1.91122488986986,87,1,Low - Medium (10-20%),Europe,Europe & Central Asia
TLS,Timor-Leste,2080,pes,bws,One,1.91060676239892,80,1,Low - Medium (10-20%),Asia,East Asia & Pacific
POL,Poland,2080,pes,bws,Liv,1.90894358698057,84,1,Low - Medium (10-20%),Europe,Europe & Central Asia
ZMB,Zambia,2080,bau,bws,Liv,1.90837517281695,85,1,Low - Medium (10-20%),Africa,Sub-Saharan Africa
MMR,Myanmar,2050,pes,bws,Dom,1.90750230375357,88,1,Low - Medium (10-20%),Asia,East Asia & Pacific
VEN,Venezuela,2050,bau,bws,Tot,1.90597937798116,89,1,Low - Medium (10-20%),Americas,Latin America & Caribbean
USA,United States,2050,bau,bws,One,1.90443447713526,76,1,Low - Medium (10-20%),Americas,North America
DEU,Germany,2080,pes,bws,Irr,1.90343009772911,98,1,Low - Medium (10-20%),Europe,Europe & Central Asia
JPN,Japan,2030,bau,bws,Irr,1.90307916956368,85,1,Low - Medium (10-20%),Asia,East Asia & Pacific
BFA,Burkina Faso,2050,opt,bws,Irr,1.90300508408424,86,1,Low - Medium (10-20%),Africa,Sub-Saharan Africa
UKR,Ukraine,2080,bau,bws,Irr,1.90190103239613,96,1,Low - Medium (10-20%),Europe,Europe & Central Asia
NPL,Nepal,2050,bau,bws,One,1.90076727961513,77,1,Low - Medium (10-20%),Asia,South Asia
PRK,North Korea,2030,opt,bws,Ind,1.90051255669395,82,1,Low - Medium (10-20%),Asia,East Asia & Pacific
NGA,Nigeria,2080,pes,bws,Irr,1.90003897800415,99,1,Low - Medium (10-20%),Africa,Sub-Saharan Africa
MDA,Moldova,2080,pes,bws,Irr,1.89955451348386,100,1,Low - Medium (10-20%),Europe,Europe & Central Asia
NGA,Nigeria,2080,opt,bws,Liv,1.89821688042148,78,1,Low - Medium (10-20%),Africa,Sub-Saharan Africa
POL,Poland,2050,opt,bws,Dom,1.89805634092018,88,1,Low - Medium (10-20%),Europe,Europe & Central Asia
BGD,Bangladesh,2080,pes,bws,One,1.89804179118816,81,1,Low - Medium (10-20%),Asia,South Asia
KHM,Cambodia,2080,bau,bws,Dom,1.89613281266304,90,1,Low - Medium (10-20%),Asia,East Asia & Pacific
DEU,Germany,2030,opt,bws,One,1.89577643174555,73,1,Low - Medium (10-20%),Europe,Europe & Central Asia
GUY,Guyana,2080,opt,bws,Dom,1.89553782294626,85,1,Low - Medium (10-20%),Americas,Latin America & Caribbean
SVK,Slovakia,2050,opt,bws,Irr,1.89490970025386,87,1,Low - Medium (10-20%),Europe,Europe & Central Asia
UKR,Ukraine,2050,pes,bws,Irr,1.89217876550783,87,1,Low - Medium (10-20%),Europe,Europe & Central Asia
TLS,Timor-Leste,2030,pes,bws,Liv,1.89080965858193,77,1,Low - Medium (10-20%),Asia,East Asia & Pacific
TLS,Timor-Leste,2030,pes,bws,Tot,1.89042518705215,88,1,Low - Medium (10-20%),Asia,East Asia & Pacific
TLS,Timor-Leste,2030,pes,bws,Irr,1.89042517124319,85,1,Low - Medium (10-20%),Asia,East Asia & Pacific
TLS,Timor-Leste,2030,pes,bws,Ind,1.89042517124319,84,1,Low - Medium (10-20%),Asia,East Asia & Pacific
TLS,Timor-Leste,2030,pes,bws,Dom,1.89042517124319,87,1,Low - Medium (10-20%),Asia,East Asia & Pacific
TZA,Tanzania,2030,pes,bws,Ind,1.88893793995123,85,1,Low - Medium (10-20%),Africa,Sub-Saharan Africa
UKR,Ukraine,2080,pes,bws,One,1.88833709110613,82,1,Low - Medium (10-20%),Europe,Europe & Central Asia
NPL,Nepal,2030,pes,bws,One,1.88808491476842,75,1,Low - Medium (10-20%),Asia,South Asia
SOM,Somalia,2080,opt,bws,One,1.88777706953402,77,1,Low - Medium (10-20%),Africa,Sub-Saharan Africa
CAN,Canada,2050,bau,bws,Liv,1.8874324649798,79,1,Low - Medium (10-20%),Americas,North America
USA,United States,2030,opt,bws,One,1.88692236222139,74,1,Low - Medium (10-20%),Americas,North America
NPL,Nepal,2080,opt,bws,One,1.88677082522642,78,1,Low - Medium (10-20%),Asia,South Asia
JPN,Japan,2050,pes,bws,Irr,1.88661126543462,89,1,Low - Medium (10-20%),Asia,East Asia & Pacific
NLD,Netherlands,2080,opt,bws,Dom,1.88659406991569,86,1,Low - Medium (10-20%),Europe,Europe & Central Asia
RUS,Russia,2080,opt,bws,Irr,1.88557931508452,91,1,Low - Medium (10-20%),Europe,Europe & Central Asia
JPN,Japan,2030,opt,bws,Irr,1.88552766854038,85,1,Low - Medium (10-20%),Asia,East Asia & Pacific
POL,Poland,2050,bau,bws,Irr,1.88435860980318,89,1,Low - Medium (10-20%),Europe,Europe & Central Asia
CUB,Cuba,2050,bau,bws,Liv,1.88432617322949,80,1,Low - Medium (10-20%),Americas,Latin America & Caribbean
NGA,Nigeria,2080,bau,bws,Dom,1.88145422499518,91,1,Low - Medium (10-20%),Africa,Sub-Saharan Africa
GTM,Guatemala,2080,bau,bws,Dom,1.88076431599045,92,1,Low - Medium (10-20%),Americas,Latin America & Caribbean
JPN,Japan,2030,pes,bws,Irr,1.88035238255197,86,1,Low - Medium (10-20%),Asia,East Asia & Pacific
SLV,El Salvador,2050,opt,bws,Ind,1.88021123403413,85,1,Low - Medium (10-20%),Americas,Latin America & Caribbean
MMR,Myanmar,2050,opt,bws,Ind,1.87986524542364,86,1,Low - Medium (10-20%),Asia,East Asia & Pacific
CZE,Czech Republic,2030,opt,bws,Dom,1.87864561292975,85,1,Low - Medium (10-20%),Europe,Europe & Central Asia
SWE,Sweden,2080,pes,bws,Irr,1.87820894017354,101,1,Low - Medium (10-20%),Europe,Europe & Central Asia
PER,Peru,2080,bau,bws,One,1.8772413209609,82,1,Low - Medium (10-20%),Americas,Latin America & Caribbean
UKR,Ukraine,2030,opt,bws,Irr,1.87719613927691,86,1,Low - Medium (10-20%),Europe,Europe & Central Asia
SUR,Suriname,2080,bau,bws,Irr,1.8771325410318,97,1,Low - Medium (10-20%),Americas,Latin America & Caribbean
CZE,Czech Republic,2030,bau,bws,One,1.87428494570935,74,1,Low - Medium (10-20%),Europe,Europe & Central Asia
AGO,Angola,2080,pes,bws,Liv,1.87381414725825,85,1,Low - Medium (10-20%),Africa,Sub-Saharan Africa
POL,Poland,2050,opt,bws,Tot,1.87272996329581,88,1,Low - Medium (10-20%),Europe,Europe & Central Asia
NLD,Netherlands,2030,bau,bws,Irr,1.87234852140366,86,1,Low - Medium (10-20%),Europe,Europe & Central Asia
SWE,Sweden,2050,pes,bws,Irr,1.87222397593332,90,1,Low - Medium (10-20%),Europe,Europe & Central Asia
USA,United States,2030,pes,bws,One,1.8700437706281,76,1,Low - Medium (10-20%),Americas,North America
MMR,Myanmar,2080,pes,bws,Dom,1.86994434255822,97,1,Low - Medium (10-20%),Asia,East Asia & Pacific
SUR,Suriname,2080,pes,bws,Tot,1.86919200743629,99,1,Low - Medium (10-20%),Americas,Latin America & Caribbean
ETH,Ethiopia,2080,pes,bws,Irr,1.86841993490886,102,1,Low - Medium (10-20%),Africa,Sub-Saharan Africa
KEN,Kenya,2030,pes,bws,Ind,1.86799532471055,86,1,Low - Medium (10-20%),Africa,Sub-Saharan Africa
DEU,Germany,2080,opt,bws,Irr,1.86748441463242,93,1,Low - Medium (10-20%),Europe,Europe & Central Asia
SSD,South Sudan,2030,pes,bws,Liv,1.86742673852001,78,1,Low - Medium (10-20%),Africa,Sub-Saharan Africa
GBR,United Kingdom,2030,bau,bws,Irr,1.86724817263682,87,1,Low - Medium (10-20%),Europe,Europe & Central Asia
TLS,Timor-Leste,2050,bau,bws,Liv,1.86714793644595,82,1,Low - Medium (10-20%),Asia,East Asia & Pacific
TLS,Timor-Leste,2050,bau,bws,Tot,1.8670288329606,92,1,Low - Medium (10-20%),Asia,East Asia & Pacific
TLS,Timor-Leste,2050,bau,bws,Irr,1.86702882829556,91,1,Low - Medium (10-20%),Asia,East Asia & Pacific
TLS,Timor-Leste,2050,bau,bws,Ind,1.86702882829556,92,1,Low - Medium (10-20%),Asia,East Asia & Pacific
TLS,Timor-Leste,2050,bau,bws,Dom,1.86702882829556,90,1,Low - Medium (10-20%),Asia,East Asia & Pacific
VEN,Venezuela,2050,bau,bws,Irr,1.86692863862809,92,1,Low - Medium (10-20%),Americas,Latin America & Caribbean
RUS,Russia,2050,opt,bws,Irr,1.86658436327602,88,1,Low - Medium (10-20%),Europe,Europe & Central Asia
UKR,Ukraine,2050,opt,bws,Irr,1.86637147386084,89,1,Low - Medium (10-20%),Europe,Europe & Central Asia
MMR,Myanmar,2030,bau,bws,Ind,1.86531904165913,82,1,Low - Medium (10-20%),Asia,East Asia & Pacific
POL,Poland,2050,opt,bws,Ind,1.86510303777343,87,1,Low - Medium (10-20%),Europe,Europe & Central Asia
PRK,North Korea,2050,opt,bws,Ind,1.86428381362331,88,1,Low - Medium (10-20%),Asia,East Asia & Pacific
POL,Poland,2030,opt,bws,Irr,1.86401272040753,87,1,Low - Medium (10-20%),Europe,Europe & Central Asia
JPN,Japan,2030,bau,bws,Tot,1.86368224421335,85,1,Low - Medium (10-20%),Asia,East Asia & Pacific
SRB,Serbia,2080,pes,bws,One,1.86363433952272,83,1,Low - Medium (10-20%),Europe,Europe & Central Asia
URY,Uruguay,2030,pes,bws,Irr,1.86077833593413,87,1,Low - Medium (10-20%),Americas,Latin America & Caribbean
UKR,Ukraine,2050,bau,bws,Irr,1.86066123873396,93,1,Low - Medium (10-20%),Europe,Europe & Central Asia
DOM,Dominican Republic,2080,opt,bws,Tot,1.86005924223009,90,1,Low - Medium (10-20%),Americas,Latin America & Caribbean
DOM,Dominican Republic,2080,opt,bws,One,1.86005924223009,81,1,Low - Medium (10-20%),Americas,Latin America & Caribbean
DOM,Dominican Republic,2080,opt,bws,Liv,1.86005924223009,80,1,Low - Medium (10-20%),Americas,Latin America & Caribbean
DOM,Dominican Republic,2080,opt,bws,Irr,1.86005924223009,94,1,Low - Medium (10-20%),Americas,Latin America & Caribbean
DOM,Dominican Republic,2080,opt,bws,Ind,1.86005924223009,88.5,1,Low - Medium (10-20%),Americas,Latin America & Caribbean
HTI,Haiti,2080,opt,bws,Ind,1.86005924223009,88.5,1,Low - Medium (10-20%),Americas,Latin America & Caribbean
DOM,Dominican Republic,2080,opt,bws,Dom,1.86005924223009,88,1,Low - Medium (10-20%),Americas,Latin America & Caribbean
GMB,Gambia,2080,bau,bws,Dom,1.85962357724103,93,1,Low - Medium (10-20%),Africa,Sub-Saharan Africa
MMR,Myanmar,2080,opt,bws,Ind,1.8595797612589,90,1,Low - Medium (10-20%),Asia,East Asia & Pacific
CUB,Cuba,2030,pes,bws,Liv,1.85937431660893,79,1,Low - Medium (10-20%),Americas,Latin America & Caribbean
HTI,Haiti,2080,opt,bws,Irr,1.85889075410236,95,1,Low - Medium (10-20%),Americas,Latin America & Caribbean
SRB,Serbia,2080,pes,bws,Liv,1.85836233605454,86,1,Low - Medium (10-20%),Europe,Europe & Central Asia
ARG,Argentina,2030,bau,bws,Tot,1.85797505668125,86,1,Low - Medium (10-20%),Americas,Latin America & Caribbean
FRA,France,2030,pes,bws,One,1.85764490317658,77,1,Low - Medium (10-20%),Europe,Europe & Central Asia
DEU,Germany,2030,pes,bws,Irr,1.85674519999324,88,1,Low - Medium (10-20%),Europe,Europe & Central Asia
HTI,Haiti,2080,opt,bws,Tot,1.85653222944754,91,1,Low - Medium (10-20%),Americas,Latin America & Caribbean
HTI,Haiti,2080,opt,bws,Liv,1.85642320675735,81,1,Low - Medium (10-20%),Americas,Latin America & Caribbean
KEN,Kenya,2050,pes,bws,Tot,1.85635069013324,89,1,Low - Medium (10-20%),Africa,Sub-Saharan Africa
CAN,Canada,2030,bau,bws,Liv,1.85539322384783,76,1,Low - Medium (10-20%),Americas,North America
POL,Poland,2080,opt,bws,Dom,1.85449598532111,89,1,Low - Medium (10-20%),Europe,Europe & Central Asia
SWZ,Swaziland,2080,bau,bws,Irr,1.85380522273801,98,1,Low - Medium (10-20%),Africa,Sub-Saharan Africa
ETH,Ethiopia,2050,pes,bws,Irr,1.85369308099356,91,1,Low - Medium (10-20%),Africa,Sub-Saharan Africa
DEU,Germany,2050,bau,bws,One,1.85312539851587,80,1,Low - Medium (10-20%),Europe,Europe & Central Asia
CZE,Czech Republic,2030,pes,bws,One,1.85243101514057,78,1,Low - Medium (10-20%),Europe,Europe & Central Asia
ARG,Argentina,2030,opt,bws,One,1.85207814550814,75,1,Low - Medium (10-20%),Americas,Latin America & Caribbean
CZE,Czech Republic,2080,bau,bws,Dom,1.85062185909973,94,1,Low - Medium (10-20%),Europe,Europe & Central Asia
HTI,Haiti,2080,opt,bws,Dom,1.85024439423843,90,1,Low - Medium (10-20%),Americas,Latin America & Caribbean
JPN,Japan,2030,opt,bws,Tot,1.84879149333555,87,1,Low - Medium (10-20%),Asia,East Asia & Pacific
RUS,Russia,2030,bau,bws,Irr,1.84828537128107,88,1,Low - Medium (10-20%),Europe,Europe & Central Asia
POL,Poland,2050,opt,bws,Liv,1.84648737946447,80,1,Low - Medium (10-20%),Europe,Europe & Central Asia
RUS,Russia,2030,pes,bws,Irr,1.84606143136844,89,1,Low - Medium (10-20%),Europe,Europe & Central Asia
VEN,Venezuela,2050,opt,bws,Irr,1.84518335168033,90,1,Low - Medium (10-20%),Americas,Latin America & Caribbean
JPN,Japan,2030,pes,bws,Tot,1.84492004373259,89,1,Low - Medium (10-20%),Asia,East Asia & Pacific
VEN,Venezuela,2030,pes,bws,Tot,1.84377093737329,90,1,Low - Medium (10-20%),Americas,Latin America & Caribbean
MMR,Myanmar,2030,bau,bws,Dom,1.84336403063981,85,1,Low - Medium (10-20%),Asia,East Asia & Pacific
URY,Uruguay,2030,pes,bws,Tot,1.84305743590236,91,1,Low - Medium (10-20%),Americas,Latin America & Caribbean
PRK,North Korea,2080,opt,bws,Ind,1.8430231592106,91,1,Low - Medium (10-20%),Asia,East Asia & Pacific
PRK,North Korea,2080,bau,bws,Ind,1.8426633372973,96,1,Low - Medium (10-20%),Asia,East Asia & Pacific
KEN,Kenya,2030,opt,bws,Ind,1.84223613293358,83,1,Low - Medium (10-20%),Africa,Sub-Saharan Africa
JPN,Japan,2050,bau,bws,Irr,1.84221392583512,94,1,Low - Medium (10-20%),Asia,East Asia & Pacific
HND,Honduras,2080,bau,bws,Liv,1.84168901101699,87,1,Low - Medium (10-20%),Americas,Latin America & Caribbean
BGR,Bulgaria,2080,pes,bws,One,1.84161700717229,84,1,Low - Medium (10-20%),Europe,Europe & Central Asia
GEO,Georgia,2080,bau,bws,Irr,1.84096233277303,99,1,Low - Medium (10-20%),Asia,Europe & Central Asia
VNM,Vietnam,2080,bau,bws,Liv,1.8408991912038,88,1,Low - Medium (10-20%),Asia,East Asia & Pacific
USA,United States,2030,bau,bws,One,1.84059454174856,75,1,Low - Medium (10-20%),Americas,North America
TLS,Timor-Leste,2080,pes,bws,Liv,1.83998190581202,88,1,Low - Medium (10-20%),Asia,East Asia & Pacific
JPN,Japan,2050,pes,bws,Tot,1.83996709385563,90,1,Low - Medium (10-20%),Asia,East Asia & Pacific
TLS,Timor-Leste,2080,pes,bws,Tot,1.83985944355573,100,1,Low - Medium (10-20%),Asia,East Asia & Pacific
TLS,Timor-Leste,2080,pes,bws,Irr,1.83985943881143,103,1,Low - Medium (10-20%),Asia,East Asia & Pacific
TLS,Timor-Leste,2080,pes,bws,Ind,1.83985943881143,102,1,Low - Medium (10-20%),Asia,East Asia & Pacific
TLS,Timor-Leste,2080,pes,bws,Dom,1.83985943881143,98,1,Low - Medium (10-20%),Asia,East Asia & Pacific
HND,Honduras,2080,bau,bws,Dom,1.83904829673465,95,1,Low - Medium (10-20%),Americas,Latin America & Caribbean
NLD,Netherlands,2050,pes,bws,Liv,1.83895713483858,79,1,Low - Medium (10-20%),Europe,Europe & Central Asia
UKR,Ukraine,2080,pes,bws,Liv,1.83873189914215,89,1,Low - Medium (10-20%),Europe,Europe & Central Asia
PER,Peru,2050,pes,bws,One,1.83848250903882,78,1,Low - Medium (10-20%),Americas,Latin America & Caribbean
AGO,Angola,2080,bau,bws,One,1.83618277889924,83,1,Low - Medium (10-20%),Africa,Sub-Saharan Africa
SSD,South Sudan,2080,opt,bws,Dom,1.83577098381202,91,1,Low - Medium (10-20%),Africa,Sub-Saharan Africa
PHL,Philippines,2050,pes,bws,Liv,1.83241339966216,80,1,Low - Medium (10-20%),Asia,East Asia & Pacific
SSD,South Sudan,2030,pes,bws,Dom,1.83207509458792,88,1,Low - Medium (10-20%),Africa,Sub-Saharan Africa
MMR,Myanmar,2050,opt,bws,Dom,1.82993843106607,89,1,Low - Medium (10-20%),Asia,East Asia & Pacific
SVK,Slovakia,2080,pes,bws,One,1.82979115447857,85,1,Low - Medium (10-20%),Europe,Europe & Central Asia
PER,Peru,2050,bau,bws,One,1.82844512247326,81,1,Low - Medium (10-20%),Americas,Latin America & Caribbean
GBR,United Kingdom,2030,pes,bws,Irr,1.82655252768494,90,1,Low - Medium (10-20%),Europe,Europe & Central Asia
FRA,France,2030,opt,bws,One,1.82645213147195,76,1,Low - Medium (10-20%),Europe,Europe & Central Asia
MMR,Myanmar,2030,opt,bws,Ind,1.82378187116005,84,1,Low - Medium (10-20%),Asia,East Asia & Pacific
BTN,Bhutan,2080,opt,bws,Ind,1.82314549512573,92,1,Low - Medium (10-20%),Asia,South Asia
POL,Poland,2030,pes,bws,Irr,1.82193847895944,91,1,Low - Medium (10-20%),Europe,Europe & Central Asia
NPL,Nepal,2030,bau,bws,One,1.8216330775196,76,1,Low - Medium (10-20%),Asia,South Asia
MMR,Myanmar,2080,opt,bws,Dom,1.81948069498097,92,1,Low - Medium (10-20%),Asia,East Asia & Pacific
PHL,Philippines,2050,bau,bws,Liv,1.81763172007741,83,1,Low - Medium (10-20%),Asia,East Asia & Pacific
SVK,Slovakia,2030,opt,bws,Liv,1.81719742902052,76,1,Low - Medium (10-20%),Europe,Europe & Central Asia
POL,Poland,2080,opt,bws,Tot,1.81706507441805,92,1,Low - Medium (10-20%),Europe,Europe & Central Asia
GTM,Guatemala,2050,bau,bws,Irr,1.81702345846261,95,1,Low - Medium (10-20%),Americas,Latin America & Caribbean
VEN,Venezuela,2080,opt,bws,Irr,1.81567773658473,96,1,Low - Medium (10-20%),Americas,Latin America & Caribbean
SVK,Slovakia,2080,opt,bws,Tot,1.81562077476826,93,1,Low - Medium (10-20%),Europe,Europe & Central Asia
GBR,United Kingdom,2050,bau,bws,Dom,1.81478805442121,91,1,Low - Medium (10-20%),Europe,Europe & Central Asia
NLD,Netherlands,2030,bau,bws,Ind,1.8144607660118,83,1,Low - Medium (10-20%),Europe,Europe & Central Asia
JPN,Japan,2080,opt,bws,Dom,1.81418977390277,93,1,Low - Medium (10-20%),Asia,East Asia & Pacific
POL,Poland,2030,bau,bws,Dom,1.81320508954074,86,1,Low - Medium (10-20%),Europe,Europe & Central Asia
NLD,Netherlands,2030,bau,bws,Tot,1.81320056135229,87,1,Low - Medium (10-20%),Europe,Europe & Central Asia
GBR,United Kingdom,2050,bau,bws,Irr,1.81243507506878,96,1,Low - Medium (10-20%),Europe,Europe & Central Asia
VNM,Vietnam,2050,bau,bws,Liv,1.81164460093084,84,1,Low - Medium (10-20%),Asia,East Asia & Pacific
DEU,Germany,2080,bau,bws,Ind,1.81120691585179,97,1,Low - Medium (10-20%),Europe,Europe & Central Asia
GBR,United Kingdom,2030,pes,bws,Dom,1.81105409518223,89,1,Low - Medium (10-20%),Europe,Europe & Central Asia
JPN,Japan,2080,pes,bws,Dom,1.80963531520826,99,1,Low - Medium (10-20%),Asia,East Asia & Pacific
POL,Poland,2080,opt,bws,Ind,1.80953539875101,93,1,Low - Medium (10-20%),Europe,Europe & Central Asia
MMR,Myanmar,2030,opt,bws,Dom,1.80890302674795,86,1,Low - Medium (10-20%),Asia,East Asia & Pacific
ARG,Argentina,2030,opt,bws,Tot,1.8083863549338,88,1,Low - Medium (10-20%),Americas,Latin America & Caribbean
ZMB,Zambia,2050,bau,bws,Irr,1.80802411864048,97,1,Low - Medium (10-20%),Africa,Sub-Saharan Africa
SWZ,Swaziland,2080,pes,bws,Liv,1.80788378542313,90,1,Low - Medium (10-20%),Africa,Sub-Saharan Africa
PHL,Philippines,2050,opt,bws,Liv,1.80755486262611,81,1,Low - Medium (10-20%),Asia,East Asia & Pacific
NLD,Netherlands,2080,opt,bws,Liv,1.80565313098297,82,1,Low - Medium (10-20%),Europe,Europe & Central Asia
SWZ,Swaziland,2080,bau,bws,Ind,1.8030104999992,98,1,Low - Medium (10-20%),Africa,Sub-Saharan Africa
DEU,Germany,2030,bau,bws,Irr,1.80258454039775,89,1,Low - Medium (10-20%),Europe,Europe & Central Asia
ARG,Argentina,2050,opt,bws,Ind,1.80216360700818,89,1,Low - Medium (10-20%),Americas,Latin America & Caribbean
PER,Peru,2030,bau,bws,One,1.80200017215527,77,1,Low - Medium (10-20%),Americas,Latin America & Caribbean
GHA,Ghana,2080,bau,bws,Tot,1.80162932906422,98,1,Low - Medium (10-20%),Africa,Sub-Saharan Africa
MWI,Malawi,2050,pes,bws,Irr,1.80093800230303,92,1,Low - Medium (10-20%),Africa,Sub-Saharan Africa
SVK,Slovakia,2080,opt,bws,Ind,1.80091423921969,94,1,Low - Medium (10-20%),Europe,Europe & Central Asia
MMR,Myanmar,2030,pes,bws,Ind,1.79785662579074,87,1,Low - Medium (10-20%),Asia,East Asia & Pacific
GBR,United Kingdom,2050,pes,bws,Tot,1.79623762061327,91,1,Low - Medium (10-20%),Europe,Europe & Central Asia
FIN,Finland,2050,pes,bws,Irr,1.79498412635021,93,1,Low - Medium (10-20%),Europe,Europe & Central Asia
CAN,Canada,2030,opt,bws,Liv,1.79452508533614,77,1,Low - Medium (10-20%),Americas,North America
PRK,North Korea,2080,pes,bws,Ind,1.79410816792843,103,1,Low - Medium (10-20%),Asia,East Asia & Pacific
PHL,Philippines,2030,bau,bws,Liv,1.79398151389961,77,1,Low - Medium (10-20%),Asia,East Asia & Pacific
GTM,Guatemala,2080,bau,bws,One,1.79337153605725,84,1,Low - Medium (10-20%),Americas,Latin America & Caribbean
GMB,Gambia,2080,pes,bws,One,1.7930187265429,86,1,Low - Medium (10-20%),Africa,Sub-Saharan Africa
VEN,Venezuela,2030,bau,bws,Tot,1.79270777125676,88,1,Low - Medium (10-20%),Americas,Latin America & Caribbean
UKR,Ukraine,2030,pes,bws,Irr,1.79248678269862,92,1,Low - Medium (10-20%),Europe,Europe & Central Asia
JPN,Japan,2050,opt,bws,Irr,1.79158240886974,91,1,Low - Medium (10-20%),Asia,East Asia & Pacific
ERI,Eritrea,2050,pes,bws,One,1.79097357100216,79,1,Low - Medium (10-20%),Africa,Sub-Saharan Africa
SVK,Slovakia,2050,opt,bws,Tot,1.78985637285485,89,1,Low - Medium (10-20%),Europe,Europe & Central Asia
GBR,United Kingdom,2030,bau,bws,Dom,1.78921208757064,87,1,Low - Medium (10-20%),Europe,Europe & Central Asia
HND,Honduras,2080,pes,bws,Tot,1.78918916643224,101,1,Low - Medium (10-20%),Americas,Latin America & Caribbean
DEU,Germany,2080,bau,bws,Tot,1.78823956261525,99,1,Low - Medium (10-20%),Europe,Europe & Central Asia
ETH,Ethiopia,2050,opt,bws,Irr,1.7879966706631,92,1,Low - Medium (10-20%),Africa,Sub-Saharan Africa
JPN,Japan,2050,bau,bws,Tot,1.78660513881409,93,1,Low - Medium (10-20%),Asia,East Asia & Pacific
SVK,Slovakia,2050,bau,bws,Liv,1.78656713402866,85,1,Low - Medium (10-20%),Europe,Europe & Central Asia
SWZ,Swaziland,2080,bau,bws,Tot,1.78649026173257,100,1,Low - Medium (10-20%),Africa,Sub-Saharan Africa
USA,United States,2080,bau,bws,One,1.78631567570194,85,1,Low - Medium (10-20%),Americas,North America
CAF,Central African Republic,2050,opt,bws,Irr,1.78536992477128,93,1,Low - Medium (10-20%),Africa,Sub-Saharan Africa
SLV,El Salvador,2030,bau,bws,Liv,1.78432437562308,78,1,Low - Medium (10-20%),Americas,Latin America & Caribbean
VEN,Venezuela,2050,bau,bws,Ind,1.78245879336406,93,1,Low - Medium (10-20%),Americas,Latin America & Caribbean
ERI,Eritrea,2080,pes,bws,One,1.78243767439199,87,1,Low - Medium (10-20%),Africa,Sub-Saharan Africa
BTN,Bhutan,2080,pes,bws,Ind,1.78187261790535,104,1,Low - Medium (10-20%),Asia,South Asia
VEN,Venezuela,2050,pes,bws,Ind,1.78152827640254,89,1,Low - Medium (10-20%),Americas,Latin America & Caribbean
MDA,Moldova,2080,pes,bws,Tot,1.781207874859,102,1,Low - Medium (10-20%),Europe,Europe & Central Asia
KEN,Kenya,2030,bau,bws,Ind,1.77988158816508,84,1,Low - Medium (10-20%),Africa,Sub-Saharan Africa
SSD,South Sudan,2030,pes,bws,Tot,1.77984634354691,92,1,Low - Medium (10-20%),Africa,Sub-Saharan Africa
NLD,Netherlands,2050,bau,bws,Irr,1.77848228493631,98,1,Low - Medium (10-20%),Europe,Europe & Central Asia
SVK,Slovakia,2050,opt,bws,Ind,1.77824785030789,90,1,Low - Medium (10-20%),Europe,Europe & Central Asia
EST,Estonia,2080,pes,bws,Dom,1.77814151427286,100,1,Low - Medium (10-20%),Europe,Europe & Central Asia
KEN,Kenya,2050,bau,bws,Tot,1.77561410912567,94,1,Low - Medium (10-20%),Africa,Sub-Saharan Africa
NGA,Nigeria,2050,pes,bws,Irr,1.77516170561407,94,1,Low - Medium (10-20%),Africa,Sub-Saharan Africa
SSD,South Sudan,2080,opt,bws,Tot,1.77483251068833,94,1,Low - Medium (10-20%),Africa,Sub-Saharan Africa
AGO,Angola,2050,bau,bws,One,1.77459234761522,82,1,Low - Medium (10-20%),Africa,Sub-Saharan Africa
URY,Uruguay,2030,pes,bws,Dom,1.77438016986506,90,1,Low - Medium (10-20%),Americas,Latin America & Caribbean
POL,Poland,2030,bau,bws,Tot,1.77436137139723,89,1,Low - Medium (10-20%),Europe,Europe & Central Asia
SUR,Suriname,2080,bau,bws,Tot,1.77428548507596,101,1,Low - Medium (10-20%),Americas,Latin America & Caribbean
GHA,Ghana,2080,bau,bws,Dom,1.77395474588379,96,1,Low - Medium (10-20%),Africa,Sub-Saharan Africa
MMR,Myanmar,2030,pes,bws,Dom,1.77317465797948,91,1,Low - Medium (10-20%),Asia,East Asia & Pacific
VNM,Vietnam,2080,pes,bws,Liv,1.77119097759001,91,1,Low - Medium (10-20%),Asia,East Asia & Pacific
POL,Poland,2080,opt,bws,Liv,1.76964141674586,83,1,Low - Medium (10-20%),Europe,Europe & Central Asia
TZA,Tanzania,2030,opt,bws,Ind,1.76950546082422,85,1,Low - Medium (10-20%),Africa,Sub-Saharan Africa
GMB,Gambia,2080,bau,bws,Ind,1.76602230580105,99,1,Low - Medium (10-20%),Africa,Sub-Saharan Africa
NLD,Netherlands,2030,bau,bws,Dom,1.76588566643712,88,1,Low - Medium (10-20%),Europe,Europe & Central Asia
POL,Poland,2030,bau,bws,Ind,1.76563023702896,85,1,Low - Medium (10-20%),Europe,Europe & Central Asia
NGA,Nigeria,2080,bau,bws,One,1.76509495594968,86,1,Low - Medium (10-20%),Africa,Sub-Saharan Africa
PHL,Philippines,2080,opt,bws,Liv,1.76470138200172,84,1,Low - Medium (10-20%),Asia,East Asia & Pacific
KEN,Kenya,2080,pes,bws,Tot,1.76454147499,103,1,Low - Medium (10-20%),Africa,Sub-Saharan Africa
SSD,South Sudan,2080,bau,bws,Tot,1.76332897113613,102,1,Low - Medium (10-20%),Africa,Sub-Saharan Africa
TZA,Tanzania,2080,pes,bws,Dom,1.76261118932309,101,1,Low - Medium (10-20%),Africa,Sub-Saharan Africa
POL,Poland,2050,pes,bws,Dom,1.76237282163719,91,1,Low - Medium (10-20%),Europe,Europe & Central Asia
SVK,Slovakia,2030,bau,bws,Liv,1.76235884171629,79,1,Low - Medium (10-20%),Europe,Europe & Central Asia
DEU,Germany,2080,bau,bws,Dom,1.76156238215119,97,1,Low - Medium (10-20%),Europe,Europe & Central Asia
CAN,Canada,2030,pes,bws,Liv,1.76128606860521,80,1,Low - Medium (10-20%),Americas,North America
MDG,Madagascar,2080,bau,bws,Tot,1.75943954888253,103,1,Low - Medium (10-20%),Africa,Sub-Saharan Africa
SVK,Slovakia,2080,opt,bws,Dom,1.75902477270702,94,1,Low - Medium (10-20%),Europe,Europe & Central Asia
MYS,Malaysia,2080,pes,bws,Irr,1.75825136004661,104,1,Low - Medium (10-20%),Asia,East Asia & Pacific
CZE,Czech Republic,2030,opt,bws,One,1.75783422462729,77,1,Low - Medium (10-20%),Europe,Europe & Central Asia
IDN,Indonesia,2080,pes,bws,Liv,1.75729452479066,92,1,Low - Medium (10-20%),Asia,East Asia & Pacific
JPN,Japan,2050,opt,bws,Tot,1.75657551755664,90,1,Low - Medium (10-20%),Asia,East Asia & Pacific
BGR,Bulgaria,2080,pes,bws,Ind,1.75581278565369,105,1,Low - Medium (10-20%),Europe,Europe & Central Asia
TLS,Timor-Leste,2030,bau,bws,One,1.75552211031919,79,1,Low - Medium (10-20%),Asia,East Asia & Pacific
CAN,Canada,2080,bau,bws,Liv,1.75437250414264,89,1,Low - Medium (10-20%),Americas,North America
PER,Peru,2050,opt,bws,One,1.75392642741937,78,1,Low - Medium (10-20%),Americas,Latin America & Caribbean
PER,Peru,2030,opt,bws,One,1.75353439126373,78,1,Low - Medium (10-20%),Americas,Latin America & Caribbean
VEN,Venezuela,2030,opt,bws,Dom,1.75321778304191,87,1,Low - Medium (10-20%),Americas,Latin America & Caribbean
BTN,Bhutan,2080,bau,bws,Ind,1.75023257791377,100,1,Low - Medium (10-20%),Asia,South Asia
SSD,South Sudan,2080,bau,bws,Dom,1.74925737110393,98,1,Low - Medium (10-20%),Africa,Sub-Saharan Africa
SWE,Sweden,2080,pes,bws,Dom,1.74652257745821,102,1,Low - Medium (10-20%),Europe,Europe & Central Asia
NLD,Netherlands,2030,pes,bws,Tot,1.74457846255681,93,1,Low - Medium (10-20%),Europe,Europe & Central Asia
NLD,Netherlands,2030,pes,bws,Ind,1.74405505890317,88,1,Low - Medium (10-20%),Europe,Europe & Central Asia
GBR,United Kingdom,2080,opt,bws,Tot,1.74186370573712,95,1,Low - Medium (10-20%),Europe,Europe & Central Asia
EST,Estonia,2050,opt,bws,Dom,1.74180698653545,90,1,Low - Medium (10-20%),Europe,Europe & Central Asia
KHM,Cambodia,2080,pes,bws,Tot,1.74156410582518,104,1,Low - Medium (10-20%),Asia,East Asia & Pacific
URY,Uruguay,2030,opt,bws,Dom,1.74061693214109,89,1,Low - Medium (10-20%),Americas,Latin America & Caribbean
GTM,Guatemala,2050,bau,bws,Ind,1.73976724207918,94,1,Low - Medium (10-20%),Americas,Latin America & Caribbean
CUB,Cuba,2080,bau,bws,One,1.73903408065969,87,1,Low - Medium (10-20%),Americas,Latin America & Caribbean
JPN,Japan,2030,bau,bws,Ind,1.73890149942181,86,1,Low - Medium (10-20%),Asia,East Asia & Pacific
FIN,Finland,2050,opt,bws,Irr,1.73839506277455,94,1,Low - Medium (10-20%),Europe,Europe & Central Asia
KHM,Cambodia,2030,opt,bws,Tot,1.73832961478211,90,1,Low - Medium (10-20%),Asia,East Asia & Pacific
CUB,Cuba,2080,pes,bws,One,1.73792461607438,88,1,Low - Medium (10-20%),Americas,Latin America & Caribbean
TCD,Chad,2080,pes,bws,One,1.73740272096372,89,1,Low - Medium (10-20%),Africa,Sub-Saharan Africa
HND,Honduras,2080,bau,bws,Tot,1.73722613172638,104,1,Low - Medium (10-20%),Americas,Latin America & Caribbean
KHM,Cambodia,2080,pes,bws,Irr,1.73674835185415,105,1,Low - Medium (10-20%),Asia,East Asia & Pacific
CAN,Canada,2080,pes,bws,Tot,1.73622098319821,105,1,Low - Medium (10-20%),Americas,North America
POL,Poland,2030,bau,bws,Liv,1.73604392985841,80,1,Low - Medium (10-20%),Europe,Europe & Central Asia
SVK,Slovakia,2050,opt,bws,Dom,1.73573108103131,91,1,Low - Medium (10-20%),Europe,Europe & Central Asia
AGO,Angola,2050,pes,bws,Liv,1.73465400960285,82,1,Low - Medium (10-20%),Africa,Sub-Saharan Africa
ARG,Argentina,2050,pes,bws,Ind,1.73443821467348,92,1,Low - Medium (10-20%),Americas,Latin America & Caribbean
KHM,Cambodia,2030,opt,bws,Irr,1.7342249345381,89,1,Low - Medium (10-20%),Asia,East Asia & Pacific
URY,Uruguay,2080,bau,bws,Dom,1.73393246257291,99,1,Low - Medium (10-20%),Americas,Latin America & Caribbean
SDN,Sudan,2080,opt,bws,Ind,1.73383808454183,95,1,Low - Medium (10-20%),Africa,Sub-Saharan Africa
SUR,Suriname,2050,bau,bws,Irr,1.73345368028761,99,1,Low - Medium (10-20%),Americas,Latin America & Caribbean
SVK,Slovakia,2050,pes,bws,Liv,1.73330892968932,83,1,Low - Medium (10-20%),Europe,Europe & Central Asia
HND,Honduras,2080,bau,bws,Irr,1.73324156011971,100,1,Low - Medium (10-20%),Americas,Latin America & Caribbean
CUB,Cuba,2080,opt,bws,Irr,1.73322182222326,97,1,Low - Medium (10-20%),Americas,Latin America & Caribbean
GEO,Georgia,2080,pes,bws,Irr,1.73317750866106,106,1,Low - Medium (10-20%),Asia,Europe & Central Asia
SDN,Sudan,2080,opt,bws,Tot,1.73296236109142,96,1,Low - Medium (10-20%),Africa,Sub-Saharan Africa
JPN,Japan,2080,opt,bws,Irr,1.73291805966918,98,1,Low - Medium (10-20%),Asia,East Asia & Pacific
BGR,Bulgaria,2080,pes,bws,Tot,1.73153991434372,106,1,Low - Medium (10-20%),Europe,Europe & Central Asia
FIN,Finland,2050,opt,bws,Dom,1.731203335992,92,1,Low - Medium (10-20%),Europe,Europe & Central Asia
POL,Poland,2050,bau,bws,Dom,1.7311440280178,92,1,Low - Medium (10-20%),Europe,Europe & Central Asia
JPN,Japan,2080,pes,bws,Irr,1.73035394841629,107,1,Low - Medium (10-20%),Asia,East Asia & Pacific
POL,Poland,2050,pes,bws,Tot,1.7298772318279,94,1,Low - Medium (10-20%),Europe,Europe & Central Asia
DEU,Germany,2050,pes,bws,Irr,1.72916240834644,96,1,Low - Medium (10-20%),Europe,Europe & Central Asia
PER,Peru,2030,pes,bws,One,1.72897538986627,79,1,Low - Medium (10-20%),Americas,Latin America & Caribbean
URY,Uruguay,2030,bau,bws,Dom,1.72836197444224,89,1,Low - Medium (10-20%),Americas,Latin America & Caribbean
KHM,Cambodia,2050,pes,bws,Tot,1.72724301276139,95,1,Low - Medium (10-20%),Asia,East Asia & Pacific
CAN,Canada,2080,pes,bws,Dom,1.72722295212278,103,1,Low - Medium (10-20%),Americas,North America
POL,Poland,2030,opt,bws,Dom,1.72690286642277,90,1,Low - Medium (10-20%),Europe,Europe & Central Asia
ARG,Argentina,2030,pes,bws,Ind,1.72635011634634,89,1,Low - Medium (10-20%),Americas,Latin America & Caribbean
GBR,United Kingdom,2050,pes,bws,Ind,1.72457026743897,93,1,Low - Medium (10-20%),Europe,Europe & Central Asia
JPN,Japan,2030,opt,bws,Ind,1.72289018095536,87,1,Low - Medium (10-20%),Asia,East Asia & Pacific
JPN,Japan,2080,bau,bws,Dom,1.72267388646923,100,1,Low - Medium (10-20%),Asia,East Asia & Pacific
SSD,South Sudan,2080,opt,bws,Irr,1.7223631125966,99,1,Low - Medium (10-20%),Africa,Sub-Saharan Africa
KHM,Cambodia,2050,pes,bws,Irr,1.72228695157213,97,1,Low - Medium (10-20%),Asia,East Asia & Pacific
URY,Uruguay,2050,bau,bws,Dom,1.72190649436069,93,1,Low - Medium (10-20%),Americas,Latin America & Caribbean
PER,Peru,2080,opt,bws,One,1.72180130938764,82,1,Low - Medium (10-20%),Americas,Latin America & Caribbean
POL,Poland,2050,pes,bws,Ind,1.72115278438026,94,1,Low - Medium (10-20%),Europe,Europe & Central Asia
SDN,Sudan,2080,bau,bws,Tot,1.72043784102852,105,1,Low - Medium (10-20%),Africa,Sub-Saharan Africa
SRB,Serbia,2080,opt,bws,Liv,1.72024881384025,86,1,Low - Medium (10-20%),Europe,Europe & Central Asia
GTM,Guatemala,2080,bau,bws,Liv,1.72022972956209,90,1,Low - Medium (10-20%),Americas,Latin America & Caribbean
GBR,United Kingdom,2050,opt,bws,Tot,1.71992715599343,91,1,Low - Medium (10-20%),Europe,Europe & Central Asia
SUR,Suriname,2050,pes,bws,Irr,1.71954125793403,98,1,Low - Medium (10-20%),Americas,Latin America & Caribbean
GTM,Guatemala,2050,bau,bws,Tot,1.71885386286162,95,1,Low - Medium (10-20%),Americas,Latin America & Caribbean
SWZ,Swaziland,2080,opt,bws,Liv,1.71866220769101,87,1,Low - Medium (10-20%),Africa,Sub-Saharan Africa
TLS,Timor-Leste,2030,bau,bws,Liv,1.71732616212039,81,1,Low - Medium (10-20%),Asia,East Asia & Pacific
TLS,Timor-Leste,2030,bau,bws,Tot,1.71731594391712,90,1,Low - Medium (10-20%),Asia,East Asia & Pacific
TLS,Timor-Leste,2030,bau,bws,Irr,1.71731594349128,90,1,Low - Medium (10-20%),Asia,East Asia & Pacific
TLS,Timor-Leste,2030,bau,bws,Ind,1.71731594349128,87,1,Low - Medium (10-20%),Asia,East Asia & Pacific
TLS,Timor-Leste,2030,bau,bws,Dom,1.71731594349127,90,1,Low - Medium (10-20%),Asia,East Asia & Pacific
PHL,Philippines,2050,bau,bws,One,1.71669886975832,83,1,Low - Medium (10-20%),Asia,East Asia & Pacific
SOM,Somalia,2080,bau,bws,Tot,1.71637129025198,106,1,Low - Medium (10-20%),Africa,Sub-Saharan Africa
POL,Poland,2050,pes,bws,Liv,1.71573790630867,84,1,Low - Medium (10-20%),Europe,Europe & Central Asia
VEN,Venezuela,2080,opt,bws,Tot,1.71478823076012,97,1,Low - Medium (10-20%),Americas,Latin America & Caribbean
DOM,Dominican Republic,2030,pes,bws,Tot,1.71452365782183,94,1,Low - Medium (10-20%),Americas,Latin America & Caribbean
DOM,Dominican Republic,2030,pes,bws,One,1.71452365782183,80,1,Low - Medium (10-20%),Americas,Latin America & Caribbean
DOM,Dominican Republic,2030,pes,bws,Liv,1.71452365782183,81,1,Low - Medium (10-20%),Americas,Latin America & Caribbean
DOM,Dominican Republic,2030,pes,bws,Irr,1.71452365782183,93,1,Low - Medium (10-20%),Americas,Latin America & Caribbean
DOM,Dominican Republic,2030,pes,bws,Ind,1.71452365782183,90,1,Low - Medium (10-20%),Americas,Latin America & Caribbean
HTI,Haiti,2030,pes,bws,Ind,1.71452365782183,91,1,Low - Medium (10-20%),Americas,Latin America & Caribbean
DOM,Dominican Republic,2030,pes,bws,Dom,1.71452365782183,92,1,Low - Medium (10-20%),Americas,Latin America & Caribbean
SRB,Serbia,2080,opt,bws,One,1.71448096265095,83,1,Low - Medium (10-20%),Europe,Europe & Central Asia
HTI,Haiti,2030,pes,bws,Irr,1.71442740514481,94,1,Low - Medium (10-20%),Americas,Latin America & Caribbean
VNM,Vietnam,2080,bau,bws,One,1.7133552711078,88,1,Low - Medium (10-20%),Asia,East Asia & Pacific
HTI,Haiti,2030,pes,bws,Tot,1.71208341007123,95,1,Low - Medium (10-20%),Americas,Latin America & Caribbean
NLD,Netherlands,2030,bau,bws,Liv,1.71172583690574,82,1,Low - Medium (10-20%),Europe,Europe & Central Asia
DNK,Denmark,2080,pes,bws,Dom,1.71119378138764,104,1,Low - Medium (10-20%),Europe,Europe & Central Asia
HTI,Haiti,2030,pes,bws,Liv,1.71117211465742,82,1,Low - Medium (10-20%),Americas,Latin America & Caribbean
KHM,Cambodia,2030,bau,bws,Tot,1.711068653521,91,1,Low - Medium (10-20%),Asia,East Asia & Pacific
NGA,Nigeria,2080,opt,bws,Tot,1.71014964922924,98,1,Low - Medium (10-20%),Africa,Sub-Saharan Africa
CUB,Cuba,2080,opt,bws,Ind,1.71008843602934,96,1,Low - Medium (10-20%),Americas,Latin America & Caribbean
IDN,Indonesia,2030,pes,bws,Liv,1.70981211872517,83,1,Low - Medium (10-20%),Asia,East Asia & Pacific
JPN,Japan,2030,pes,bws,Ind,1.70948232936732,92,1,Low - Medium (10-20%),Asia,East Asia & Pacific
DEU,Germany,2080,bau,bws,Liv,1.7094810677166,92,1,Low - Medium (10-20%),Europe,Europe & Central Asia
CUB,Cuba,2050,bau,bws,One,1.7092299820463,84,1,Low - Medium (10-20%),Americas,Latin America & Caribbean
SVK,Slovakia,2080,bau,bws,Liv,1.7089518765033,93,1,Low - Medium (10-20%),Europe,Europe & Central Asia
MNE,Montenegro,2080,pes,bws,Irr,1.70869196416942,108,1,Low - Medium (10-20%),Europe,Europe & Central Asia
MDA,Moldova,2080,pes,bws,Liv,1.70797219372578,93,1,Low - Medium (10-20%),Europe,Europe & Central Asia
GEO,Georgia,2050,bau,bws,Irr,1.7075526415247,100,1,Low - Medium (10-20%),Asia,Europe & Central Asia
VNM,Vietnam,2030,pes,bws,Liv,1.7074910112798,84,1,Low - Medium (10-20%),Asia,East Asia & Pacific
VNM,Vietnam,2050,pes,bws,Liv,1.70671969301468,85,1,Low - Medium (10-20%),Asia,East Asia & Pacific
KHM,Cambodia,2030,bau,bws,Irr,1.70631650153813,91,1,Low - Medium (10-20%),Asia,East Asia & Pacific
SSD,South Sudan,2080,bau,bws,Irr,1.70562288376061,102,1,Low - Medium (10-20%),Africa,Sub-Saharan Africa
HTI,Haiti,2030,pes,bws,Dom,1.7053233561364,93,1,Low - Medium (10-20%),Americas,Latin America & Caribbean
NLD,Netherlands,2030,pes,bws,Dom,1.70471929668544,94,1,Low - Medium (10-20%),Europe,Europe & Central Asia
POL,Poland,2030,pes,bws,Dom,1.70393286197153,95,1,Low - Medium (10-20%),Europe,Europe & Central Asia
URY,Uruguay,2080,pes,bws,Dom,1.70363302229104,105,1,Low - Medium (10-20%),Americas,Latin America & Caribbean
GBR,United Kingdom,2030,opt,bws,Dom,1.70253178283463,91,1,Low - Medium (10-20%),Europe,Europe & Central Asia
BGD,Bangladesh,2050,pes,bws,One,1.70216445617511,83,1,Low - Medium (10-20%),Asia,South Asia
BGD,Bangladesh,2080,bau,bws,One,1.70179360304589,90,1,Low - Medium (10-20%),Asia,South Asia
BGR,Bulgaria,2080,pes,bws,Liv,1.7011863579413,94,1,Low - Medium (10-20%),Europe,Europe & Central Asia
SVK,Slovakia,2050,pes,bws,Irr,1.70112934095073,99,1,Low - Medium (10-20%),Europe,Europe & Central Asia
BGR,Bulgaria,2050,pes,bws,One,1.70110240375269,84,1,Low - Medium (10-20%),Europe,Europe & Central Asia
NLD,Netherlands,2030,opt,bws,Irr,1.70067369588936,90,1,Low - Medium (10-20%),Europe,Europe & Central Asia
ROU,Romania,2080,opt,bws,Dom,1.69967823621378,95,1,Low - Medium (10-20%),Europe,Europe & Central Asia
TZA,Tanzania,2030,bau,bws,Ind,1.69837671921986,88,1,Low - Medium (10-20%),Africa,Sub-Saharan Africa
KHM,Cambodia,2080,opt,bws,Tot,1.69780865943106,99,1,Low - Medium (10-20%),Asia,East Asia & Pacific
SVK,Slovakia,2080,bau,bws,Irr,1.69756846403666,103,1,Low - Medium (10-20%),Europe,Europe & Central Asia
CAN,Canada,2080,pes,bws,Ind,1.69730208361227,106,1,Low - Medium (10-20%),Americas,North America
SWZ,Swaziland,2080,bau,bws,Dom,1.69590512062575,102,1,Low - Medium (10-20%),Africa,Sub-Saharan Africa
JPN,Japan,2050,pes,bws,Ind,1.69512436627343,95,1,Low - Medium (10-20%),Asia,East Asia & Pacific
PHL,Philippines,2050,pes,bws,One,1.69512415991544,85,1,Low - Medium (10-20%),Asia,East Asia & Pacific
CZE,Czech Republic,2080,bau,bws,One,1.69506547036441,91,1,Low - Medium (10-20%),Europe,Europe & Central Asia
PHL,Philippines,2050,opt,bws,One,1.69503829238896,79,1,Low - Medium (10-20%),Asia,East Asia & Pacific
PAN,Panama,2080,bau,bws,Irr,1.69496186728268,104,1,Low - Medium (10-20%),Americas,Latin America & Caribbean
BGD,Bangladesh,2050,opt,bws,One,1.69461894565902,80,1,Low - Medium (10-20%),Asia,South Asia
KHM,Cambodia,2080,opt,bws,Irr,1.6932087999844,100,1,Low - Medium (10-20%),Asia,East Asia & Pacific
EST,Estonia,2080,pes,bws,Tot,1.69311154192734,107,1,Low - Medium (10-20%),Europe,Europe & Central Asia
SWE,Sweden,2080,opt,bws,Irr,1.69234677123978,101,1,Low - Medium (10-20%),Europe,Europe & Central Asia
VNM,Vietnam,2030,opt,bws,Liv,1.69232353790787,79,1,Low - Medium (10-20%),Asia,East Asia & Pacific
KHM,Cambodia,2050,opt,bws,Tot,1.69202417995146,92,1,Low - Medium (10-20%),Asia,East Asia & Pacific
MOZ,Mozambique,2080,bau,bws,Ind,1.69162214491709,102,1,Low - Medium (10-20%),Africa,Sub-Saharan Africa
HTI,Haiti,2080,opt,bws,One,1.6909629474819,84,1,Low - Medium (10-20%),Americas,Latin America & Caribbean
POL,Poland,2050,bau,bws,Tot,1.69051086663265,96,1,Low - Medium (10-20%),Europe,Europe & Central Asia
BGD,Bangladesh,2050,bau,bws,One,1.68990295018408,85,1,Low - Medium (10-20%),Asia,South Asia
DEU,Germany,2030,opt,bws,Irr,1.68965603298355,91,1,Low - Medium (10-20%),Europe,Europe & Central Asia
PHL,Philippines,2030,pes,bws,Liv,1.68734076588421,85,1,Low - Medium (10-20%),Asia,East Asia & Pacific
KHM,Cambodia,2050,opt,bws,Irr,1.68695342562075,95,1,Low - Medium (10-20%),Asia,East Asia & Pacific
TZA,Tanzania,2080,opt,bws,Dom,1.68672467571835,96,1,Low - Medium (10-20%),Africa,Sub-Saharan Africa
VNM,Vietnam,2030,bau,bws,Liv,1.68671131193055,83,1,Low - Medium (10-20%),Asia,East Asia & Pacific
MWI,Malawi,2050,opt,bws,Irr,1.68665317967975,96,1,Low - Medium (10-20%),Africa,Sub-Saharan Africa
HND,Honduras,2080,pes,bws,Irr,1.68660513210411,109,1,Low - Medium (10-20%),Americas,Latin America & Caribbean
VEN,Venezuela,2080,opt,bws,Dom,1.68488036075075,97,1,Low - Medium (10-20%),Americas,Latin America & Caribbean
JPN,Japan,2080,bau,bws,Irr,1.68430336336741,105,1,Low - Medium (10-20%),Asia,East Asia & Pacific
SRB,Serbia,2080,bau,bws,Liv,1.68350284513202,94,1,Low - Medium (10-20%),Europe,Europe & Central Asia
NGA,Nigeria,2080,opt,bws,Dom,1.68317691118539,98,1,Low - Medium (10-20%),Africa,Sub-Saharan Africa
POL,Poland,2030,opt,bws,Tot,1.6831331494261,91,1,Low - Medium (10-20%),Europe,Europe & Central Asia
SWE,Sweden,2050,opt,bws,Dom,1.68300487725891,93,1,Low - Medium (10-20%),Europe,Europe & Central Asia
ZMB,Zambia,2080,opt,bws,Irr,1.68272220510324,102,1,Low - Medium (10-20%),Africa,Sub-Saharan Africa
SVK,Slovakia,2030,pes,bws,Liv,1.68235385998594,86,1,Low - Medium (10-20%),Europe,Europe & Central Asia
KEN,Kenya,2080,bau,bws,Liv,1.68209439195304,95,1,Low - Medium (10-20%),Africa,Sub-Saharan Africa
POL,Poland,2050,bau,bws,Ind,1.68154110309655,95,1,Low - Medium (10-20%),Europe,Europe & Central Asia
URY,Uruguay,2080,bau,bws,Irr,1.6811169222979,106,1,Low - Medium (10-20%),Americas,Latin America & Caribbean
EST,Estonia,2080,pes,bws,Ind,1.68001127013491,107,1,Low - Medium (10-20%),Europe,Europe & Central Asia
MDA,Moldova,2080,pes,bws,Ind,1.67940282137349,108,1,Low - Medium (10-20%),Europe,Europe & Central Asia
AGO,Angola,2030,bau,bws,Ind,1.67925777602368,89,1,Low - Medium (10-20%),Africa,Sub-Saharan Africa
AGO,Angola,2030,opt,bws,Ind,1.67922932617265,88,1,Low - Medium (10-20%),Africa,Sub-Saharan Africa
CUB,Cuba,2050,pes,bws,Irr,1.67855684088199,100,1,Low - Medium (10-20%),Americas,Latin America & Caribbean
IDN,Indonesia,2080,bau,bws,Liv,1.67840795598776,96,1,Low - Medium (10-20%),Asia,East Asia & Pacific
IDN,Indonesia,2030,opt,bws,Liv,1.67811956138095,80,1,Low - Medium (10-20%),Asia,East Asia & Pacific
GBR,United Kingdom,2030,opt,bws,Irr,1.67809481088711,92,1,Low - Medium (10-20%),Europe,Europe & Central Asia
AGO,Angola,2050,pes,bws,One,1.67723783954137,86,1,Low - Medium (10-20%),Africa,Sub-Saharan Africa
GBR,United Kingdom,2080,bau,bws,Dom,1.67634395367673,103,1,Low - Medium (10-20%),Europe,Europe & Central Asia
VNM,Vietnam,2050,bau,bws,One,1.67632544268163,86,1,Low - Medium (10-20%),Asia,East Asia & Pacific
SVK,Slovakia,2030,bau,bws,Irr,1.67577521380821,92,1,Low - Medium (10-20%),Europe,Europe & Central Asia
POL,Poland,2030,opt,bws,Ind,1.67554345133717,89,1,Low - Medium (10-20%),Europe,Europe & Central Asia
VEN,Venezuela,2080,bau,bws,Irr,1.67541460258005,107,1,Low - Medium (10-20%),Americas,Latin America & Caribbean
VEN,Venezuela,2050,opt,bws,Tot,1.67531423802806,93,1,Low - Medium (10-20%),Americas,Latin America & Caribbean
AGO,Angola,2030,pes,bws,Ind,1.67508057470778,93,1,Low - Medium (10-20%),Africa,Sub-Saharan Africa
URY,Uruguay,2080,bau,bws,Tot,1.67497470644434,108,1,Low - Medium (10-20%),Americas,Latin America & Caribbean
ETH,Ethiopia,2080,bau,bws,Irr,1.67373184010982,108,1,Low - Medium (10-20%),Africa,Sub-Saharan Africa
NGA,Nigeria,2050,bau,bws,Liv,1.67367610026993,86,1,Low - Medium (10-20%),Africa,Sub-Saharan Africa
ZMB,Zambia,2080,bau,bws,Dom,1.67153163423018,104,1,Low - Medium (10-20%),Africa,Sub-Saharan Africa
ARG,Argentina,2080,opt,bws,Liv,1.67132602866195,88,1,Low - Medium (10-20%),Americas,Latin America & Caribbean
VEN,Venezuela,2030,pes,bws,Dom,1.67125019853127,96,1,Low - Medium (10-20%),Americas,Latin America & Caribbean
SLV,El Salvador,2030,opt,bws,Liv,1.67117720558041,81,1,Low - Medium (10-20%),Americas,Latin America & Caribbean
GBR,United Kingdom,2080,bau,bws,Irr,1.67055604611695,109,1,Low - Medium (10-20%),Europe,Europe & Central Asia
SRB,Serbia,2080,bau,bws,One,1.66980674851547,92,1,Low - Medium (10-20%),Europe,Europe & Central Asia
MYS,Malaysia,2080,bau,bws,Irr,1.66969467851047,110,1,Low - Medium (10-20%),Asia,East Asia & Pacific
POL,Poland,2030,pes,bws,Tot,1.669163784351,96,1,Low - Medium (10-20%),Europe,Europe & Central Asia
GBR,United Kingdom,2080,opt,bws,Ind,1.66869963417725,97,1,Low - Medium (10-20%),Europe,Europe & Central Asia
SVK,Slovakia,2050,bau,bws,Irr,1.66817418296233,101,1,Low - Medium (10-20%),Europe,Europe & Central Asia
CUB,Cuba,2030,opt,bws,Irr,1.66800482778883,93,1,Low - Medium (10-20%),Americas,Latin America & Caribbean
SSD,South Sudan,2030,opt,bws,Dom,1.6673527024459,92,1,Low - Medium (10-20%),Africa,Sub-Saharan Africa
ROU,Romania,2050,opt,bws,Dom,1.66675056938282,94,1,Low - Medium (10-20%),Europe,Europe & Central Asia
JPN,Japan,2080,opt,bws,Tot,1.66642437742051,100,1,Low - Medium (10-20%),Asia,East Asia & Pacific
URY,Uruguay,2030,bau,bws,Irr,1.66639275103553,93,1,Low - Medium (10-20%),Americas,Latin America & Caribbean
BGR,Bulgaria,2030,opt,bws,One,1.66635754944799,81,1,Low - Medium (10-20%),Europe,Europe & Central Asia
DNK,Denmark,2080,pes,bws,Tot,1.66614486113213,109,1,Low - Medium (10-20%),Europe,Europe & Central Asia
ERI,Eritrea,2050,bau,bws,One,1.66549095369235,88,1,Low - Medium (10-20%),Africa,Sub-Saharan Africa
DOM,Dominican Republic,2050,pes,bws,Tot,1.66473420273324,96,1,Low - Medium (10-20%),Americas,Latin America & Caribbean
DOM,Dominican Republic,2050,pes,bws,One,1.66473420273324,87,1,Low - Medium (10-20%),Americas,Latin America & Caribbean
DOM,Dominican Republic,2050,pes,bws,Liv,1.66473420273324,86,1,Low - Medium (10-20%),Americas,Latin America & Caribbean
DOM,Dominican Republic,2050,pes,bws,Ind,1.66473420273324,96.5,1,Low - Medium (10-20%),Americas,Latin America & Caribbean
HTI,Haiti,2050,pes,bws,Ind,1.66473420273324,96.5,1,Low - Medium (10-20%),Americas,Latin America & Caribbean
DOM,Dominican Republic,2050,pes,bws,Dom,1.66473420273324,93,1,Low - Medium (10-20%),Americas,Latin America & Caribbean
DOM,Dominican Republic,2050,pes,bws,Irr,1.66473420273323,101,1,Low - Medium (10-20%),Americas,Latin America & Caribbean
HTI,Haiti,2050,pes,bws,Irr,1.66464293061295,102,1,Low - Medium (10-20%),Americas,Latin America & Caribbean
URY,Uruguay,2050,opt,bws,Dom,1.66429698776255,95,1,Low - Medium (10-20%),Americas,Latin America & Caribbean
PER,Peru,2080,pes,bws,One,1.66383963297332,91,1,Low - Medium (10-20%),Americas,Latin America & Caribbean
CUB,Cuba,2030,pes,bws,One,1.66336044048045,82,1,Low - Medium (10-20%),Americas,Latin America & Caribbean
BGR,Bulgaria,2080,opt,bws,One,1.66269905293025,85,1,Low - Medium (10-20%),Europe,Europe & Central Asia
HTI,Haiti,2050,pes,bws,Tot,1.6622714620266,97,1,Low - Medium (10-20%),Americas,Latin America & Caribbean
POL,Poland,2030,pes,bws,Ind,1.6621131010764,94,1,Low - Medium (10-20%),Europe,Europe & Central Asia
KHM,Cambodia,2050,bau,bws,Tot,1.66190920915789,97,1,Low - Medium (10-20%),Asia,East Asia & Pacific
ARG,Argentina,2080,bau,bws,Ind,1.6618516480445,103,1,Low - Medium (10-20%),Americas,Latin America & Caribbean
JPN,Japan,2080,pes,bws,Tot,1.661620178973,110,1,Low - Medium (10-20%),Asia,East Asia & Pacific
HTI,Haiti,2050,pes,bws,Liv,1.66147998777254,87,1,Low - Medium (10-20%),Americas,Latin America & Caribbean
ROU,Romania,2080,opt,bws,Ind,1.6610067104449,98,1,Low - Medium (10-20%),Europe,Europe & Central Asia
SUR,Suriname,2050,pes,bws,Tot,1.66073812121163,98,1,Low - Medium (10-20%),Americas,Latin America & Caribbean
SUR,Suriname,2050,bau,bws,Tot,1.66061204717976,98,1,Low - Medium (10-20%),Americas,Latin America & Caribbean
MLI,Mali,2080,bau,bws,Tot,1.65987334384134,109,1,Low - Medium (10-20%),Africa,Sub-Saharan Africa
POL,Poland,2050,bau,bws,Liv,1.65908204034441,87,1,Low - Medium (10-20%),Europe,Europe & Central Asia
ROU,Romania,2080,opt,bws,Liv,1.65683611708539,89,1,Low - Medium (10-20%),Europe,Europe & Central Asia
CUB,Cuba,2080,opt,bws,Tot,1.65678637619533,101,1,Low - Medium (10-20%),Americas,Latin America & Caribbean
BFA,Burkina Faso,2030,pes,bws,Irr,1.65656434002435,95,1,Low - Medium (10-20%),Africa,Sub-Saharan Africa
HTI,Haiti,2050,pes,bws,Dom,1.65593376709882,94,1,Low - Medium (10-20%),Americas,Latin America & Caribbean
NGA,Nigeria,2050,opt,bws,Liv,1.65587699014978,82,1,Low - Medium (10-20%),Africa,Sub-Saharan Africa
RUS,Russia,2080,pes,bws,Dom,1.65506498321167,107,1,Low - Medium (10-20%),Europe,Europe & Central Asia
IDN,Indonesia,2050,pes,bws,Liv,1.65458721244436,88,1,Low - Medium (10-20%),Asia,East Asia & Pacific
KHM,Cambodia,2050,bau,bws,Irr,1.65380598107306,102,1,Low - Medium (10-20%),Asia,East Asia & Pacific
GHA,Ghana,2080,bau,bws,Irr,1.65267650734175,111,1,Low - Medium (10-20%),Africa,Sub-Saharan Africa
IDN,Indonesia,2080,opt,bws,Liv,1.65261460480732,90,1,Low - Medium (10-20%),Asia,East Asia & Pacific
CUB,Cuba,2050,pes,bws,Tot,1.65254679096225,99,1,Low - Medium (10-20%),Americas,Latin America & Caribbean
SSD,South Sudan,2050,opt,bws,Liv,1.65237181585817,83,1,Low - Medium (10-20%),Africa,Sub-Saharan Africa
EST,Estonia,2080,bau,bws,Dom,1.65197963888901,105,1,Low - Medium (10-20%),Europe,Europe & Central Asia
SVK,Slovakia,2030,opt,bws,Ind,1.65189304856572,90,1,Low - Medium (10-20%),Europe,Europe & Central Asia
DNK,Denmark,2080,pes,bws,Ind,1.65165069320402,110,1,Low - Medium (10-20%),Europe,Europe & Central Asia
EST,Estonia,2050,opt,bws,Tot,1.65077249859376,94,1,Low - Medium (10-20%),Europe,Europe & Central Asia
MDG,Madagascar,2080,pes,bws,Irr,1.65075196645271,111,1,Low - Medium (10-20%),Africa,Sub-Saharan Africa
URY,Uruguay,2030,bau,bws,Tot,1.64978042769121,92,1,Low - Medium (10-20%),Americas,Latin America & Caribbean
AGO,Angola,2080,pes,bws,One,1.64956278938322,92,1,Low - Medium (10-20%),Africa,Sub-Saharan Africa
SVK,Slovakia,2050,bau,bws,Ind,1.64823764540654,96,1,Low - Medium (10-20%),Europe,Europe & Central Asia
KEN,Kenya,2080,bau,bws,One,1.6481879424902,93,1,Low - Medium (10-20%),Africa,Sub-Saharan Africa
SRB,Serbia,2050,bau,bws,Liv,1.64781096871999,88,1,Low - Medium (10-20%),Europe,Europe & Central Asia
ETH,Ethiopia,2030,pes,bws,Irr,1.64743619805403,96,1,Low - Medium (10-20%),Africa,Sub-Saharan Africa
NLD,Netherlands,2080,pes,bws,One,1.64703549467532,93,1,Low - Medium (10-20%),Europe,Europe & Central Asia
KHM,Cambodia,2080,bau,bws,Tot,1.64675213464691,110,1,Low - Medium (10-20%),Asia,East Asia & Pacific
ROU,Romania,2080,bau,bws,Dom,1.64675029496781,106,1,Low - Medium (10-20%),Europe,Europe & Central Asia
GBR,United Kingdom,2050,opt,bws,Ind,1.64517098710829,91,1,Low - Medium (10-20%),Europe,Europe & Central Asia
POL,Poland,2030,opt,bws,Liv,1.64502625061638,82,1,Low - Medium (10-20%),Europe,Europe & Central Asia
SRB,Serbia,2030,opt,bws,One,1.64494194105435,82,1,Low - Medium (10-20%),Europe,Europe & Central Asia
SUR,Suriname,2030,bau,bws,Irr,1.64380801733965,94,1,Low - Medium (10-20%),Americas,Latin America & Caribbean
SOM,Somalia,2050,pes,bws,Tot,1.64373269064843,100,1,Low - Medium (10-20%),Africa,Sub-Saharan Africa
SVK,Slovakia,2030,opt,bws,Tot,1.64356810543031,92,1,Low - Medium (10-20%),Europe,Europe & Central Asia
CUB,Cuba,2030,opt,bws,Tot,1.64340085080668,93,1,Low - Medium (10-20%),Americas,Latin America & Caribbean
BGR,Bulgaria,2050,pes,bws,Ind,1.64326425577479,98,1,Low - Medium (10-20%),Europe,Europe & Central Asia
SRB,Serbia,2030,opt,bws,Liv,1.64264121063399,83,1,Low - Medium (10-20%),Europe,Europe & Central Asia
POL,Poland,2080,pes,bws,One,1.64233591940617,94,1,Low - Medium (10-20%),Europe,Europe & Central Asia
CUB,Cuba,2030,opt,bws,Dom,1.64149762572418,93,1,Low - Medium (10-20%),Americas,Latin America & Caribbean
ROU,Romania,2050,opt,bws,Ind,1.6414012164018,92,1,Low - Medium (10-20%),Europe,Europe & Central Asia
SVK,Slovakia,2050,bau,bws,Tot,1.64135144560702,99,1,Low - Medium (10-20%),Europe,Europe & Central Asia
URY,Uruguay,2050,opt,bws,Irr,1.64062853200416,97,1,Low - Medium (10-20%),Americas,Latin America & Caribbean
AGO,Angola,2080,opt,bws,Liv,1.63952725515627,91,1,Low - Medium (10-20%),Africa,Sub-Saharan Africa
VNM,Vietnam,2050,opt,bws,Liv,1.63945770381063,84,1,Low - Medium (10-20%),Asia,East Asia & Pacific
SOM,Somalia,2030,opt,bws,Tot,1.63940251494078,94,1,Low - Medium (10-20%),Africa,Sub-Saharan Africa
PHL,Philippines,2030,bau,bws,One,1.63922025429416,80,1,Low - Medium (10-20%),Asia,East Asia & Pacific
SSD,South Sudan,2050,opt,bws,Dom,1.63879513060936,96,1,Low - Medium (10-20%),Africa,Sub-Saharan Africa
RWA,Rwanda,2080,bau,bws,Ind,1.6382500682901,104,1,Low - Medium (10-20%),Africa,Sub-Saharan Africa
ROU,Romania,2050,pes,bws,Dom,1.63802201499496,95,1,Low - Medium (10-20%),Europe,Europe & Central Asia
ARG,Argentina,2030,bau,bws,Ind,1.63691853957596,90,1,Low - Medium (10-20%),Americas,Latin America & Caribbean
KHM,Cambodia,2080,bau,bws,Irr,1.63684016479726,112,1,Low - Medium (10-20%),Asia,East Asia & Pacific
EST,Estonia,2050,opt,bws,Ind,1.63673540012524,93,1,Low - Medium (10-20%),Europe,Europe & Central Asia
VNM,Vietnam,2080,pes,bws,One,1.63627749761708,95,1,Low - Medium (10-20%),Asia,East Asia & Pacific
ROU,Romania,2030,opt,bws,Dom,1.63601879677492,94,1,Low - Medium (10-20%),Europe,Europe & Central Asia
TJK,Tajikistan,2080,bau,bws,One,1.63543360339871,94,1,Low - Medium (10-20%),Asia,Europe & Central Asia
CUB,Cuba,2050,pes,bws,Dom,1.63542915107143,96,1,Low - Medium (10-20%),Americas,Latin America & Caribbean
ROU,Romania,2050,opt,bws,Liv,1.6350332384578,85,1,Low - Medium (10-20%),Europe,Europe & Central Asia
CAN,Canada,2080,opt,bws,Dom,1.63466644626652,99,1,Low - Medium (10-20%),Americas,North America
NLD,Netherlands,2030,opt,bws,Ind,1.63466156614824,91,1,Low - Medium (10-20%),Europe,Europe & Central Asia
NLD,Netherlands,2050,bau,bws,Ind,1.63445498734878,97,1,Low - Medium (10-20%),Europe,Europe & Central Asia
SRB,Serbia,2050,bau,bws,One,1.63443589807357,89,1,Low - Medium (10-20%),Europe,Europe & Central Asia
CAF,Central African Republic,2080,opt,bws,Tot,1.63305287011534,102,1,Low - Medium (10-20%),Africa,Sub-Saharan Africa
SSD,South Sudan,2030,opt,bws,Tot,1.63274484468352,95,1,Low - Medium (10-20%),Africa,Sub-Saharan Africa
NLD,Netherlands,2050,bau,bws,Tot,1.63254387499688,100,1,Low - Medium (10-20%),Europe,Europe & Central Asia
CUB,Cuba,2050,pes,bws,Ind,1.63250569102216,99,1,Low - Medium (10-20%),Americas,Latin America & Caribbean
SRB,Serbia,2050,pes,bws,Liv,1.63228641634166,89,1,Low - Medium (10-20%),Europe,Europe & Central Asia
BGR,Bulgaria,2080,bau,bws,One,1.63220539575849,95,1,Low - Medium (10-20%),Europe,Europe & Central Asia
BGR,Bulgaria,2050,pes,bws,Tot,1.63163778843149,101,1,Low - Medium (10-20%),Europe,Europe & Central Asia
NLD,Netherlands,2030,opt,bws,Tot,1.63147831338951,96,1,Low - Medium (10-20%),Europe,Europe & Central Asia
MWI,Malawi,2030,opt,bws,Irr,1.63089668409335,94,1,Low - Medium (10-20%),Africa,Sub-Saharan Africa
SWE,Sweden,2050,pes,bws,Dom,1.63018218664372,97,1,Low - Medium (10-20%),Europe,Europe & Central Asia
JPN,Japan,2050,bau,bws,Ind,1.63017374432838,98,1,Low - Medium (10-20%),Asia,East Asia & Pacific
BGR,Bulgaria,2050,bau,bws,One,1.62995677362263,90,1,Low - Medium (10-20%),Europe,Europe & Central Asia
PHL,Philippines,2080,opt,bws,One,1.62992563281466,86,1,Low - Medium (10-20%),Asia,East Asia & Pacific
KHM,Cambodia,2030,pes,bws,Tot,1.62976712197402,97,1,Low - Medium (10-20%),Asia,East Asia & Pacific
URY,Uruguay,2050,opt,bws,Tot,1.62963549879497,95,1,Low - Medium (10-20%),Americas,Latin America & Caribbean
ZMB,Zambia,2050,opt,bws,Irr,1.62956695129531,98,1,Low - Medium (10-20%),Africa,Sub-Saharan Africa
HND,Honduras,2080,bau,bws,Ind,1.62819401656257,105,1,Low - Medium (10-20%),Americas,Latin America & Caribbean
SUR,Suriname,2080,opt,bws,Irr,1.62726059847988,103,1,Low - Medium (10-20%),Americas,Latin America & Caribbean
MDG,Madagascar,2050,bau,bws,Irr,1.62686803987308,103,1,Low - Medium (10-20%),Africa,Sub-Saharan Africa
IDN,Indonesia,2030,bau,bws,Liv,1.62626143876359,84,1,Low - Medium (10-20%),Asia,East Asia & Pacific
JPN,Japan,2050,opt,bws,Ind,1.62590953524885,94,1,Low - Medium (10-20%),Asia,East Asia & Pacific
JPN,Japan,2030,bau,bws,Liv,1.62584585049875,85,1,Low - Medium (10-20%),Asia,East Asia & Pacific
SSD,South Sudan,2030,opt,bws,Liv,1.62517727221383,84,1,Low - Medium (10-20%),Africa,Sub-Saharan Africa
KHM,Cambodia,2030,pes,bws,Irr,1.6249117420606,97,1,Low - Medium (10-20%),Asia,East Asia & Pacific
TGO,Togo,2080,pes,bws,Ind,1.62378431868218,111,1,Low - Medium (10-20%),Africa,Sub-Saharan Africa
VNM,Vietnam,2050,pes,bws,One,1.62342893209469,88,1,Low - Medium (10-20%),Asia,East Asia & Pacific
DNK,Denmark,2080,pes,bws,Irr,1.62316123839924,112,1,Low - Medium (10-20%),Europe,Europe & Central Asia
GTM,Guatemala,2080,pes,bws,Dom,1.62215403089928,108,1,Low - Medium (10-20%),Americas,Latin America & Caribbean
SRB,Serbia,2050,pes,bws,One,1.62155766626483,89,1,Low - Medium (10-20%),Europe,Europe & Central Asia
BGD,Bangladesh,2030,pes,bws,One,1.62141556842335,83,1,Low - Medium (10-20%),Asia,South Asia
EST,Estonia,2030,pes,bws,Dom,1.62127004766908,97,1,Low - Medium (10-20%),Europe,Europe & Central Asia
ZMB,Zambia,2080,pes,bws,Irr,1.62034282187434,113,1,Low - Medium (10-20%),Africa,Sub-Saharan Africa
POL,Poland,2030,pes,bws,Liv,1.62016183331299,87,1,Low - Medium (10-20%),Europe,Europe & Central Asia
SLV,El Salvador,2050,pes,bws,Liv,1.62000910240343,90,1,Low - Medium (10-20%),Americas,Latin America & Caribbean
SDN,Sudan,2080,pes,bws,Liv,1.6199269529292,96,1,Low - Medium (10-20%),Africa,Sub-Saharan Africa
FIN,Finland,2080,opt,bws,Dom,1.61854469225217,100,1,Low - Medium (10-20%),Europe,Europe & Central Asia
BGR,Bulgaria,2030,opt,bws,Ind,1.61849197995331,92,1,Low - Medium (10-20%),Europe,Europe & Central Asia
SVK,Slovakia,2030,bau,bws,Tot,1.61799330614354,93,1,Low - Medium (10-20%),Europe,Europe & Central Asia
SVK,Slovakia,2030,bau,bws,Ind,1.61495649170296,91,1,Low - Medium (10-20%),Europe,Europe & Central Asia
UKR,Ukraine,2030,bau,bws,Irr,1.61471003841665,95,1,Low - Medium (10-20%),Europe,Europe & Central Asia
URY,Uruguay,2080,opt,bws,Dom,1.61463961775498,101,1,Low - Medium (10-20%),Americas,Latin America & Caribbean
BGD,Bangladesh,2030,opt,bws,One,1.61439072607688,83,1,Low - Medium (10-20%),Asia,South Asia
PHL,Philippines,2030,opt,bws,Liv,1.61437831670702,85,1,Low - Medium (10-20%),Asia,East Asia & Pacific
ETH,Ethiopia,2050,bau,bws,Irr,1.61419594723558,104,1,Low - Medium (10-20%),Africa,Sub-Saharan Africa
SVK,Slovakia,2030,opt,bws,Irr,1.61382760880351,95,1,Low - Medium (10-20%),Europe,Europe & Central Asia
VEN,Venezuela,2030,bau,bws,Dom,1.61324504782494,91,1,Low - Medium (10-20%),Americas,Latin America & Caribbean
MDA,Moldova,2080,pes,bws,One,1.61251093428939,96,1,Low - Medium (10-20%),Europe,Europe & Central Asia
RUS,Russia,2030,pes,bws,Dom,1.61228814073888,98,1,Low - Medium (10-20%),Europe,Europe & Central Asia
JPN,Japan,2030,opt,bws,Liv,1.61204522072535,86,1,Low - Medium (10-20%),Asia,East Asia & Pacific
IDN,Indonesia,2050,bau,bws,Liv,1.61162989908491,89,1,Low - Medium (10-20%),Asia,East Asia & Pacific
NLD,Netherlands,2030,pes,bws,Liv,1.61118254467268,88,1,Low - Medium (10-20%),Europe,Europe & Central Asia
BGR,Bulgaria,2030,opt,bws,Tot,1.61076084487975,97,1,Low - Medium (10-20%),Europe,Europe & Central Asia
SSD,South Sudan,2050,opt,bws,Tot,1.6095356464965,97,1,Low - Medium (10-20%),Africa,Sub-Saharan Africa
ROU,Romania,2080,pes,bws,One,1.60900043911215,97,1,Low - Medium (10-20%),Europe,Europe & Central Asia
ERI,Eritrea,2080,bau,bws,One,1.60889971901124,96,1,Low - Medium (10-20%),Africa,Sub-Saharan Africa
BGR,Bulgaria,2080,opt,bws,Ind,1.60857330125269,99,1,Low - Medium (10-20%),Europe,Europe & Central Asia
CUB,Cuba,2030,opt,bws,Ind,1.60795916040358,93,1,Low - Medium (10-20%),Americas,Latin America & Caribbean
ZMB,Zambia,2050,pes,bws,Irr,1.60722806431671,103,1,Low - Medium (10-20%),Africa,Sub-Saharan Africa
DEU,Germany,2080,bau,bws,One,1.60662382476187,97,1,Low - Medium (10-20%),Europe,Europe & Central Asia
AGO,Angola,2080,opt,bws,One,1.6064976604486,87,1,Low - Medium (10-20%),Africa,Sub-Saharan Africa
CUB,Cuba,2030,opt,bws,Liv,1.6064159764274,87,1,Low - Medium (10-20%),Americas,Latin America & Caribbean
CAN,Canada,2080,opt,bws,Tot,1.60609110335477,103,1,Low - Medium (10-20%),Americas,North America
SVK,Slovakia,2030,opt,bws,Dom,1.60537087144446,95,1,Low - Medium (10-20%),Europe,Europe & Central Asia
SSD,South Sudan,2080,bau,bws,Liv,1.60457023926152,98,1,Low - Medium (10-20%),Africa,Sub-Saharan Africa
ROU,Romania,2080,bau,bws,Ind,1.60328631466089,106,1,Low - Medium (10-20%),Europe,Europe & Central Asia
JPN,Japan,2080,bau,bws,Tot,1.60273048916252,111,1,Low - Medium (10-20%),Asia,East Asia & Pacific
ROU,Romania,2050,pes,bws,Ind,1.60244757084197,100,1,Low - Medium (10-20%),Europe,Europe & Central Asia
DNK,Denmark,2050,pes,bws,Dom,1.60162394464042,98,1,Low - Medium (10-20%),Europe,Europe & Central Asia
ROU,Romania,2030,opt,bws,Ind,1.60075321097963,94,1,Low - Medium (10-20%),Europe,Europe & Central Asia
SVK,Slovakia,2050,pes,bws,Tot,1.60049341734533,102,1,Low - Medium (10-20%),Europe,Europe & Central Asia
KHM,Cambodia,2080,bau,bws,Ind,1.60033151739839,107,1,Low - Medium (10-20%),Asia,East Asia & Pacific
POL,Poland,2050,opt,bws,One,1.59981011791369,82,1,Low - Medium (10-20%),Europe,Europe & Central Asia
MWI,Malawi,2080,bau,bws,One,1.59769434512274,98,1,Low - Medium (10-20%),Africa,Sub-Saharan Africa
URY,Uruguay,2050,pes,bws,Dom,1.59693815832939,99,1,Low - Medium (10-20%),Americas,Latin America & Caribbean
IDN,Indonesia,2050,opt,bws,Liv,1.59565468630681,87,1,Low - Medium (10-20%),Asia,East Asia & Pacific
ZMB,Zambia,2030,opt,bws,Irr,1.59540058983175,96,1,Low - Medium (10-20%),Africa,Sub-Saharan Africa
NLD,Netherlands,2030,opt,bws,Dom,1.59528848796773,96,1,Low - Medium (10-20%),Europe,Europe & Central Asia
ROU,Romania,2080,bau,bws,Liv,1.59378992564911,99,1,Low - Medium (10-20%),Europe,Europe & Central Asia
SVK,Slovakia,2050,bau,bws,Dom,1.59369465941649,94,1,Low - Medium (10-20%),Europe,Europe & Central Asia
BTN,Bhutan,2050,bau,bws,Ind,1.59333563030884,99,1,Low - Medium (10-20%),Asia,South Asia
BGR,Bulgaria,2050,pes,bws,Liv,1.59312948844427,91,1,Low - Medium (10-20%),Europe,Europe & Central Asia
BGR,Bulgaria,2050,bau,bws,Ind,1.59199347826689,100,1,Low - Medium (10-20%),Europe,Europe & Central Asia
PHL,Philippines,2030,pes,bws,One,1.59108173371078,84,1,Low - Medium (10-20%),Asia,East Asia & Pacific
SVK,Slovakia,2050,pes,bws,Ind,1.59088538212581,101,1,Low - Medium (10-20%),Europe,Europe & Central Asia
GMB,Gambia,2080,pes,bws,Tot,1.59074865798034,111,1,Low - Medium (10-20%),Africa,Sub-Saharan Africa
CUB,Cuba,2030,bau,bws,Irr,1.58916586903743,97,1,Low - Medium (10-20%),Americas,Latin America & Caribbean
RUS,Russia,2050,opt,bws,Dom,1.5886963817008,98,1,Low - Medium (10-20%),Europe,Europe & Central Asia
MYS,Malaysia,2050,bau,bws,Irr,1.58813768174229,105,1,Low - Medium (10-20%),Asia,East Asia & Pacific
BDI,Burundi,2080,opt,bws,Dom,1.58793395327276,102,1,Low - Medium (10-20%),Africa,Sub-Saharan Africa
NLD,Netherlands,2050,bau,bws,Dom,1.58705114585531,95,1,Low - Medium (10-20%),Europe,Europe & Central Asia
JPN,Japan,2050,pes,bws,Liv,1.5869228622296,92,1,Low - Medium (10-20%),Asia,East Asia & Pacific
AGO,Angola,2030,opt,bws,One,1.58655520898049,84,1,Low - Medium (10-20%),Africa,Sub-Saharan Africa
JPN,Japan,2030,pes,bws,Liv,1.58647817530469,90,1,Low - Medium (10-20%),Asia,East Asia & Pacific
SUR,Suriname,2030,bau,bws,Tot,1.58641419535284,94,1,Low - Medium (10-20%),Americas,Latin America & Caribbean
SWZ,Swaziland,2080,pes,bws,Ind,1.58544364698027,112,1,Low - Medium (10-20%),Africa,Sub-Saharan Africa
ROU,Romania,2030,opt,bws,Liv,1.58544032810083,88,1,Low - Medium (10-20%),Europe,Europe & Central Asia
GEO,Georgia,2030,opt,bws,Irr,1.5849274328554,97,1,Low - Medium (10-20%),Asia,Europe & Central Asia
SUR,Suriname,2050,opt,bws,Irr,1.58485511102892,100,1,Low - Medium (10-20%),Americas,Latin America & Caribbean
BGR,Bulgaria,2080,opt,bws,Tot,1.5844335128727,104,1,Low - Medium (10-20%),Europe,Europe & Central Asia
CUB,Cuba,2080,opt,bws,Dom,1.58366146418931,103,1,Low - Medium (10-20%),Americas,Latin America & Caribbean
SDN,Sudan,2030,pes,bws,Tot,1.5820467847188,99,1,Low - Medium (10-20%),Africa,Sub-Saharan Africa
SLV,El Salvador,2030,pes,bws,Liv,1.58194716525257,91,1,Low - Medium (10-20%),Americas,Latin America & Caribbean
ROU,Romania,2050,pes,bws,Liv,1.58193219333308,93,1,Low - Medium (10-20%),Europe,Europe & Central Asia
BGR,Bulgaria,2030,pes,bws,One,1.58152360622494,86,1,Low - Medium (10-20%),Europe,Europe & Central Asia
DOM,Dominican Republic,2050,bau,bws,Tot,1.58140478223224,101,1,Low - Medium (10-20%),Americas,Latin America & Caribbean
DOM,Dominican Republic,2050,bau,bws,One,1.58140478223224,91,1,Low - Medium (10-20%),Americas,Latin America & Caribbean
DOM,Dominican Republic,2050,bau,bws,Liv,1.58140478223224,90,1,Low - Medium (10-20%),Americas,Latin America & Caribbean
DOM,Dominican Republic,2050,bau,bws,Irr,1.58140478223224,106,1,Low - Medium (10-20%),Americas,Latin America & Caribbean
DOM,Dominican Republic,2050,bau,bws,Ind,1.58140478223224,101.5,1,Low - Medium (10-20%),Americas,Latin America & Caribbean
HTI,Haiti,2050,bau,bws,Ind,1.58140478223224,101.5,1,Low - Medium (10-20%),Americas,Latin America & Caribbean
DOM,Dominican Republic,2050,bau,bws,Dom,1.58140478223224,96,1,Low - Medium (10-20%),Americas,Latin America & Caribbean
SDN,Sudan,2050,opt,bws,Tot,1.58127847564804,98,1,Low - Medium (10-20%),Africa,Sub-Saharan Africa
AGO,Angola,2050,opt,bws,One,1.58102299781589,84,1,Low - Medium (10-20%),Africa,Sub-Saharan Africa
URY,Uruguay,2080,opt,bws,Irr,1.58074853799064,104,1,Low - Medium (10-20%),Americas,Latin America & Caribbean
HTI,Haiti,2050,bau,bws,Irr,1.58040437242768,107,1,Low - Medium (10-20%),Americas,Latin America & Caribbean
ZMB,Zambia,2030,bau,bws,Irr,1.58006242905323,98,1,Low - Medium (10-20%),Africa,Sub-Saharan Africa
MLI,Mali,2080,pes,bws,Tot,1.57974986515029,112,1,Low - Medium (10-20%),Africa,Sub-Saharan Africa
KHM,Cambodia,2050,bau,bws,Ind,1.57890955576818,103,1,Low - Medium (10-20%),Asia,East Asia & Pacific
HTI,Haiti,2050,bau,bws,Liv,1.57831345924938,91,1,Low - Medium (10-20%),Americas,Latin America & Caribbean
NLD,Netherlands,2050,opt,bws,One,1.57821795159021,85,1,Low - Medium (10-20%),Europe,Europe & Central Asia
BGR,Bulgaria,2050,bau,bws,Tot,1.57808764641091,102,1,Low - Medium (10-20%),Europe,Europe & Central Asia
HTI,Haiti,2050,bau,bws,Tot,1.57784952210604,103,1,Low - Medium (10-20%),Americas,Latin America & Caribbean
CUB,Cuba,2050,pes,bws,Liv,1.57747132467675,94,1,Low - Medium (10-20%),Americas,Latin America & Caribbean
SRB,Serbia,2030,pes,bws,Liv,1.57695657926881,92,1,Low - Medium (10-20%),Europe,Europe & Central Asia
AGO,Angola,2030,bau,bws,One,1.5761127819222,81,1,Low - Medium (10-20%),Africa,Sub-Saharan Africa
SWE,Sweden,2050,opt,bws,Irr,1.57596916817989,101,1,Low - Medium (10-20%),Europe,Europe & Central Asia
ROU,Romania,2030,pes,bws,Dom,1.57591154715946,100,1,Low - Medium (10-20%),Europe,Europe & Central Asia
DOM,Dominican Republic,2030,bau,bws,Tot,1.57564658774863,95,1,Low - Medium (10-20%),Americas,Latin America & Caribbean
DOM,Dominican Republic,2030,bau,bws,One,1.57564658774863,82,1,Low - Medium (10-20%),Americas,Latin America & Caribbean
DOM,Dominican Republic,2030,bau,bws,Liv,1.57564658774863,86,1,Low - Medium (10-20%),Americas,Latin America & Caribbean
DOM,Dominican Republic,2030,bau,bws,Irr,1.57564658774863,99,1,Low - Medium (10-20%),Americas,Latin America & Caribbean
DOM,Dominican Republic,2030,bau,bws,Ind,1.57564658774863,92,1,Low - Medium (10-20%),Americas,Latin America & Caribbean
HTI,Haiti,2030,bau,bws,Ind,1.57564658774863,93,1,Low - Medium (10-20%),Americas,Latin America & Caribbean
DOM,Dominican Republic,2030,bau,bws,Dom,1.57564658774863,92,1,Low - Medium (10-20%),Americas,Latin America & Caribbean
ZMB,Zambia,2080,bau,bws,One,1.5754238424633,100,1,Low - Medium (10-20%),Africa,Sub-Saharan Africa
HTI,Haiti,2030,bau,bws,Irr,1.57519334322502,100,1,Low - Medium (10-20%),Americas,Latin America & Caribbean
URY,Uruguay,2050,pes,bws,Irr,1.57453858427785,104,1,Low - Medium (10-20%),Americas,Latin America & Caribbean
HTI,Haiti,2050,bau,bws,Dom,1.57333589569529,97,1,Low - Medium (10-20%),Americas,Latin America & Caribbean
BGD,Bangladesh,2030,bau,bws,One,1.57311806318221,83,1,Low - Medium (10-20%),Asia,South Asia
HTI,Haiti,2030,bau,bws,Tot,1.57288540888316,96,1,Low - Medium (10-20%),Americas,Latin America & Caribbean
SVK,Slovakia,2030,bau,bws,Dom,1.57279683123011,93,1,Low - Medium (10-20%),Europe,Europe & Central Asia
HTI,Haiti,2030,bau,bws,Liv,1.57256652085856,87,1,Low - Medium (10-20%),Americas,Latin America & Caribbean
CAN,Canada,2080,opt,bws,Ind,1.57226210976097,100,1,Low - Medium (10-20%),Americas,North America
FIN,Finland,2080,opt,bws,Irr,1.57137038332543,105,1,Low - Medium (10-20%),Europe,Europe & Central Asia
VNM,Vietnam,2030,opt,bws,One,1.57074091492775,85,1,Low - Medium (10-20%),Asia,East Asia & Pacific
BLR,Belarus,2080,pes,bws,One,1.5703074953083,99,1,Low - Medium (10-20%),Europe,Europe & Central Asia
SRB,Serbia,2030,pes,bws,One,1.56987023916094,87,1,Low - Medium (10-20%),Europe,Europe & Central Asia
DNK,Denmark,2050,pes,bws,Tot,1.56983890018813,103,1,Low - Medium (10-20%),Europe,Europe & Central Asia
URY,Uruguay,2080,opt,bws,Tot,1.56976000954893,105,1,Low - Medium (10-20%),Americas,Latin America & Caribbean
SOM,Somalia,2030,opt,bws,Irr,1.56954035846087,98,1,Low - Medium (10-20%),Africa,Sub-Saharan Africa
MYS,Malaysia,2050,pes,bws,Irr,1.5693172616091,105,1,Low - Medium (10-20%),Asia,East Asia & Pacific
SVK,Slovakia,2080,bau,bws,Tot,1.56888633211586,112,1,Low - Medium (10-20%),Europe,Europe & Central Asia
MYS,Malaysia,2080,opt,bws,Irr,1.56872427193827,106,1,Low - Medium (10-20%),Asia,East Asia & Pacific
KHM,Cambodia,2080,pes,bws,Ind,1.56730933312785,113,1,Low - Medium (10-20%),Asia,East Asia & Pacific
HTI,Haiti,2030,bau,bws,Dom,1.56728468639679,94,1,Low - Medium (10-20%),Americas,Latin America & Caribbean
SUR,Suriname,2080,opt,bws,Tot,1.56688143432326,106,1,Low - Medium (10-20%),Americas,Latin America & Caribbean
UKR,Ukraine,2050,pes,bws,Tot,1.56611070285632,104,1,Low - Medium (10-20%),Europe,Europe & Central Asia
GTM,Guatemala,2050,pes,bws,Irr,1.56597793989703,106,1,Low - Medium (10-20%),Americas,Latin America & Caribbean
BGR,Bulgaria,2080,bau,bws,Ind,1.56584199329666,108,1,Low - Medium (10-20%),Europe,Europe & Central Asia
ARG,Argentina,2080,opt,bws,Ind,1.56560878831796,101,1,Low - Medium (10-20%),Americas,Latin America & Caribbean
SRB,Serbia,2050,opt,bws,Liv,1.56433739152556,88,1,Low - Medium (10-20%),Europe,Europe & Central Asia
UKR,Ukraine,2050,opt,bws,Tot,1.56406445775649,99,1,Low - Medium (10-20%),Europe,Europe & Central Asia
SRB,Serbia,2050,opt,bws,One,1.56320919633332,86,1,Low - Medium (10-20%),Europe,Europe & Central Asia
NGA,Nigeria,2030,bau,bws,Irr,1.56315992367472,101,1,Low - Medium (10-20%),Africa,Sub-Saharan Africa
EST,Estonia,2080,bau,bws,Tot,1.56275737784606,113,1,Low - Medium (10-20%),Europe,Europe & Central Asia
SDN,Sudan,2050,bau,bws,Tot,1.5621217457556,104,1,Low - Medium (10-20%),Africa,Sub-Saharan Africa
BGR,Bulgaria,2030,opt,bws,Liv,1.56198445721838,89,1,Low - Medium (10-20%),Europe,Europe & Central Asia
DNK,Denmark,2050,pes,bws,Ind,1.56121454065485,102,1,Low - Medium (10-20%),Europe,Europe & Central Asia
ETH,Ethiopia,2030,opt,bws,Irr,1.56010625813902,99,1,Low - Medium (10-20%),Africa,Sub-Saharan Africa
SRB,Serbia,2030,bau,bws,One,1.55991538477011,84,1,Low - Medium (10-20%),Europe,Europe & Central Asia
SLV,El Salvador,2080,opt,bws,Liv,1.55923195505609,92,1,Low - Medium (10-20%),Americas,Latin America & Caribbean
URY,Uruguay,2050,bau,bws,Tot,1.5591639819179,105,1,Low - Medium (10-20%),Americas,Latin America & Caribbean
URY,Uruguay,2050,bau,bws,Irr,1.55903093636409,108,1,Low - Medium (10-20%),Americas,Latin America & Caribbean
HTI,Haiti,2030,pes,bws,One,1.55865787074712,88,1,Low - Medium (10-20%),Americas,Latin America & Caribbean
AGO,Angola,2050,opt,bws,Liv,1.55853331456832,89,1,Low - Medium (10-20%),Africa,Sub-Saharan Africa
SVK,Slovakia,2050,pes,bws,Dom,1.55787247093757,100,1,Low - Medium (10-20%),Europe,Europe & Central Asia
MWI,Malawi,2080,bau,bws,Tot,1.55783805578631,114,1,Low - Medium (10-20%),Africa,Sub-Saharan Africa
URY,Uruguay,2050,pes,bws,Tot,1.55689786359596,105,1,Low - Medium (10-20%),Americas,Latin America & Caribbean
RWA,Rwanda,2080,opt,bws,Dom,1.55613271539353,104,1,Low - Medium (10-20%),Africa,Sub-Saharan Africa
PAN,Panama,2080,bau,bws,Ind,1.55574501306686,109,1,Low - Medium (10-20%),Americas,Latin America & Caribbean
VEN,Venezuela,2050,opt,bws,Dom,1.55543758465675,99,1,Low - Medium (10-20%),Americas,Latin America & Caribbean
CUB,Cuba,2030,bau,bws,Tot,1.55409959077244,97,1,Low - Medium (10-20%),Americas,Latin America & Caribbean
EST,Estonia,2030,bau,bws,Dom,1.55356594562985,95,1,Low - Medium (10-20%),Europe,Europe & Central Asia
CUB,Cuba,2030,bau,bws,Ind,1.55349810214664,94,1,Low - Medium (10-20%),Americas,Latin America & Caribbean
ROU,Romania,2050,bau,bws,Dom,1.55336810790972,98,1,Low - Medium (10-20%),Europe,Europe & Central Asia
LTU,Lithuania,2030,bau,bws,Irr,1.55302101613068,102,1,Low - Medium (10-20%),Europe,Europe & Central Asia
RWA,Rwanda,2080,bau,bws,Dom,1.55265818447011,107,1,Low - Medium (10-20%),Africa,Sub-Saharan Africa
SWE,Sweden,2030,pes,bws,Irr,1.55226403155545,99,1,Low - Medium (10-20%),Europe,Europe & Central Asia
MDG,Madagascar,2080,pes,bws,Tot,1.5520265970828,113,1,Low - Medium (10-20%),Africa,Sub-Saharan Africa
NGA,Nigeria,2080,opt,bws,One,1.5517322141522,88,1,Low - Medium (10-20%),Africa,Sub-Saharan Africa
SVK,Slovakia,2080,bau,bws,Ind,1.55051959276485,110,1,Low - Medium (10-20%),Europe,Europe & Central Asia
BGR,Bulgaria,2080,opt,bws,Liv,1.55042439233133,93,1,Low - Medium (10-20%),Europe,Europe & Central Asia
BLR,Belarus,2030,pes,bws,Dom,1.55015552682479,101,1,Low - Medium (10-20%),Europe,Europe & Central Asia
UKR,Ukraine,2050,pes,bws,Dom,1.55001075994443,101,1,Low - Medium (10-20%),Europe,Europe & Central Asia
SRB,Serbia,2030,bau,bws,Liv,1.55000617659684,88,1,Low - Medium (10-20%),Europe,Europe & Central Asia
ARG,Argentina,2030,opt,bws,Liv,1.54977671609404,90,1,Low - Medium (10-20%),Americas,Latin America & Caribbean
EST,Estonia,2080,bau,bws,Ind,1.54953883825668,111,1,Low - Medium (10-20%),Europe,Europe & Central Asia
BDI,Burundi,2080,pes,bws,Dom,1.54914763256853,109,1,Low - Medium (10-20%),Africa,Sub-Saharan Africa
POL,Poland,2080,bau,bws,Irr,1.54869009783038,113,1,Low - Medium (10-20%),Europe,Europe & Central Asia
VNM,Vietnam,2030,bau,bws,One,1.54833475633288,85,1,Low - Medium (10-20%),Asia,East Asia & Pacific
BLR,Belarus,2030,pes,bws,Ind,1.54801540876432,96,1,Low - Medium (10-20%),Europe,Europe & Central Asia
RWA,Rwanda,2080,bau,bws,Tot,1.54801313263258,115,1,Low - Medium (10-20%),Africa,Sub-Saharan Africa
ROU,Romania,2030,pes,bws,Ind,1.54706838667589,97,1,Low - Medium (10-20%),Europe,Europe & Central Asia
AGO,Angola,2030,bau,bws,Liv,1.5459957883261,89,1,Low - Medium (10-20%),Africa,Sub-Saharan Africa
UKR,Ukraine,2030,opt,bws,Tot,1.54565207920159,98,1,Low - Medium (10-20%),Europe,Europe & Central Asia
SVK,Slovakia,2030,pes,bws,Ind,1.54560888341193,98,1,Low - Medium (10-20%),Europe,Europe & Central Asia
BTN,Bhutan,2050,pes,bws,Ind,1.54559065114011,103,1,Low - Medium (10-20%),Asia,South Asia
VNM,Vietnam,2050,opt,bws,One,1.54546772703996,87,1,Low - Medium (10-20%),Asia,East Asia & Pacific
KEN,Kenya,2080,opt,bws,Dom,1.54419485173004,105,1,Low - Medium (10-20%),Africa,Sub-Saharan Africa
ROU,Romania,2030,bau,bws,Dom,1.54401275791989,96,1,Low - Medium (10-20%),Europe,Europe & Central Asia
EST,Estonia,2030,pes,bws,Tot,1.54334810912849,100,1,Low - Medium (10-20%),Europe,Europe & Central Asia
BGR,Bulgaria,2080,bau,bws,Tot,1.54323915614517,116,1,Low - Medium (10-20%),Europe,Europe & Central Asia
SOM,Somalia,2050,pes,bws,Irr,1.54252406919238,107,1,Low - Medium (10-20%),Africa,Sub-Saharan Africa
VNM,Vietnam,2030,pes,bws,One,1.54244967659088,89,1,Low - Medium (10-20%),Asia,East Asia & Pacific
AGO,Angola,2030,pes,bws,One,1.54226210199088,90,1,Low - Medium (10-20%),Africa,Sub-Saharan Africa
AGO,Angola,2030,opt,bws,Liv,1.54222463506834,91,1,Low - Medium (10-20%),Africa,Sub-Saharan Africa
KEN,Kenya,2050,pes,bws,Dom,1.54202002936264,102,1,Low - Medium (10-20%),Africa,Sub-Saharan Africa
BGR,Bulgaria,2030,pes,bws,Ind,1.54174967426413,99,1,Low - Medium (10-20%),Europe,Europe & Central Asia
RWA,Rwanda,2080,opt,bws,Tot,1.54089792232858,107,1,Low - Medium (10-20%),Africa,Sub-Saharan Africa
ARG,Argentina,2030,opt,bws,Ind,1.54068979367521,95,1,Low - Medium (10-20%),Americas,Latin America & Caribbean
GTM,Guatemala,2050,pes,bws,Ind,1.54045057717902,104,1,Low - Medium (10-20%),Americas,Latin America & Caribbean
POL,Poland,2080,opt,bws,One,1.53952998333337,89,1,Low - Medium (10-20%),Europe,Europe & Central Asia
BLR,Belarus,2030,pes,bws,Tot,1.538874193542,101,1,Low - Medium (10-20%),Europe,Europe & Central Asia
SVK,Slovakia,2030,pes,bws,Tot,1.53860488852462,102,1,Low - Medium (10-20%),Europe,Europe & Central Asia
JPN,Japan,2050,bau,bws,Liv,1.53821622690048,92,1,Low - Medium (10-20%),Asia,East Asia & Pacific
MDG,Madagascar,2080,bau,bws,Liv,1.53781988994048,100,1,Low - Medium (10-20%),Africa,Sub-Saharan Africa
ETH,Ethiopia,2080,opt,bws,Tot,1.53781152553365,108,1,Low - Medium (10-20%),Africa,Sub-Saharan Africa
BGR,Bulgaria,2050,opt,bws,One,1.53749887581493,88,1,Low - Medium (10-20%),Europe,Europe & Central Asia
GBR,United Kingdom,2050,bau,bws,Tot,1.537011748689,106,1,Low - Medium (10-20%),Europe,Europe & Central Asia
BGR,Bulgaria,2030,pes,bws,Tot,1.53699567475924,103,1,Low - Medium (10-20%),Europe,Europe & Central Asia
UKR,Ukraine,2080,opt,bws,Tot,1.53664410645677,109,1,Low - Medium (10-20%),Europe,Europe & Central Asia
DNK,Denmark,2050,pes,bws,Irr,1.53458559460846,108,1,Low - Medium (10-20%),Europe,Europe & Central Asia
UKR,Ukraine,2050,opt,bws,Dom,1.53326766802876,100,1,Low - Medium (10-20%),Europe,Europe & Central Asia
GHA,Ghana,2080,pes,bws,Ind,1.53297052951973,114,1,Low - Medium (10-20%),Africa,Sub-Saharan Africa
UKR,Ukraine,2030,opt,bws,Dom,1.53201032430415,97,1,Low - Medium (10-20%),Europe,Europe & Central Asia
CUB,Cuba,2030,bau,bws,Dom,1.53149765238437,97,1,Low - Medium (10-20%),Americas,Latin America & Caribbean
EST,Estonia,2030,pes,bws,Ind,1.53105639885227,100,1,Low - Medium (10-20%),Europe,Europe & Central Asia
TCD,Chad,2080,opt,bws,Liv,1.53064649927515,94,1,Low - Medium (10-20%),Africa,Sub-Saharan Africa
RUS,Russia,2030,opt,bws,Dom,1.53050296585721,98,1,Low - Medium (10-20%),Europe,Europe & Central Asia
GTM,Guatemala,2080,pes,bws,Liv,1.53036448271805,97,1,Low - Medium (10-20%),Americas,Latin America & Caribbean
SOM,Somalia,2050,opt,bws,Tot,1.53035428122507,100,1,Low - Medium (10-20%),Africa,Sub-Saharan Africa
GBR,United Kingdom,2030,pes,bws,Tot,1.53024536578319,104,1,Low - Medium (10-20%),Europe,Europe & Central Asia
RUS,Russia,2080,bau,bws,Dom,1.5299403587496,110,1,Low - Medium (10-20%),Europe,Europe & Central Asia
ROU,Romania,2030,pes,bws,Liv,1.52926510158238,93,1,Low - Medium (10-20%),Europe,Europe & Central Asia
ROU,Romania,2080,pes,bws,Tot,1.52913736489128,114,1,Low - Medium (10-20%),Europe,Europe & Central Asia
SUR,Suriname,2050,opt,bws,Tot,1.52734490610825,101,1,Low - Medium (10-20%),Americas,Latin America & Caribbean
NGA,Nigeria,2030,pes,bws,Irr,1.52477157573914,100,1,Low - Medium (10-20%),Africa,Sub-Saharan Africa
BGR,Bulgaria,2080,bau,bws,Liv,1.52299714266211,102,1,Low - Medium (10-20%),Europe,Europe & Central Asia
MYS,Malaysia,2050,opt,bws,Irr,1.52252220078762,102,1,Low - Medium (10-20%),Asia,East Asia & Pacific
UKR,Ukraine,2080,bau,bws,Tot,1.52217673895926,121,1,Low - Medium (10-20%),Europe,Europe & Central Asia
SUR,Suriname,2030,opt,bws,Irr,1.5217042268027,100,1,Low - Medium (10-20%),Americas,Latin America & Caribbean
PAN,Panama,2080,bau,bws,Tot,1.52166585364799,122,1,Low - Medium (10-20%),Americas,Latin America & Caribbean
KHM,Cambodia,2050,pes,bws,Ind,1.5214714194014,105,1,Low - Medium (10-20%),Asia,East Asia & Pacific
SDN,Sudan,2080,pes,bws,Ind,1.52121002376254,115,1,Low - Medium (10-20%),Africa,Sub-Saharan Africa
ROU,Romania,2050,bau,bws,Ind,1.52076681260628,104,1,Low - Medium (10-20%),Europe,Europe & Central Asia
AGO,Angola,2030,pes,bws,Liv,1.52064058133989,94,1,Low - Medium (10-20%),Africa,Sub-Saharan Africa
BGR,Bulgaria,2050,bau,bws,Liv,1.51945675170365,93,1,Low - Medium (10-20%),Europe,Europe & Central Asia
BGR,Bulgaria,2030,bau,bws,One,1.51937019473275,86,1,Low - Medium (10-20%),Europe,Europe & Central Asia
GTM,Guatemala,2080,pes,bws,One,1.51901155820577,100,1,Low - Medium (10-20%),Americas,Latin America & Caribbean
SVK,Slovakia,2030,pes,bws,Irr,1.51860098207734,101,1,Low - Medium (10-20%),Europe,Europe & Central Asia
MWI,Malawi,2080,bau,bws,Ind,1.51739086886705,116,1,Low - Medium (10-20%),Africa,Sub-Saharan Africa
URY,Uruguay,2050,bau,bws,Ind,1.51664937208991,105,1,Low - Medium (10-20%),Americas,Latin America & Caribbean
FIN,Finland,2050,opt,bws,Tot,1.51659290815739,102,1,Low - Medium (10-20%),Europe,Europe & Central Asia
URY,Uruguay,2080,pes,bws,Irr,1.51646025404906,114,1,Low - Medium (10-20%),Americas,Latin America & Caribbean
PHL,Philippines,2030,opt,bws,One,1.5164462637534,86,1,Low - Medium (10-20%),Asia,East Asia & Pacific
FIN,Finland,2050,pes,bws,Dom,1.51536679520433,103,1,Low - Medium (10-20%),Europe,Europe & Central Asia
SOM,Somalia,2080,opt,bws,Tot,1.51431252783696,110,1,Low - Medium (10-20%),Africa,Sub-Saharan Africa
URY,Uruguay,2080,pes,bws,Tot,1.51428581010178,115,1,Low - Medium (10-20%),Americas,Latin America & Caribbean
RWA,Rwanda,2080,pes,bws,Dom,1.51394461456331,110,1,Low - Medium (10-20%),Africa,Sub-Saharan Africa
NGA,Nigeria,2050,bau,bws,Tot,1.51382955964999,107,1,Low - Medium (10-20%),Africa,Sub-Saharan Africa
BGR,Bulgaria,2030,pes,bws,Irr,1.51374335361981,102,1,Low - Medium (10-20%),Europe,Europe & Central Asia
HTI,Haiti,2050,pes,bws,One,1.51339472975749,90,1,Low - Medium (10-20%),Americas,Latin America & Caribbean
TCD,Chad,2050,bau,bws,Irr,1.51334819553936,109,1,Low - Medium (10-20%),Africa,Sub-Saharan Africa
MWI,Malawi,2030,bau,bws,Irr,1.51311059042538,103,1,Low - Medium (10-20%),Africa,Sub-Saharan Africa
KEN,Kenya,2050,opt,bws,Dom,1.51306083607527,101,1,Low - Medium (10-20%),Africa,Sub-Saharan Africa
VNM,Vietnam,2080,opt,bws,Liv,1.51284536715443,95,1,Low - Medium (10-20%),Asia,East Asia & Pacific
GBR,United Kingdom,2030,bau,bws,Tot,1.51221082320283,99,1,Low - Medium (10-20%),Europe,Europe & Central Asia
RUS,Russia,2080,pes,bws,Tot,1.51217140667988,116,1,Low - Medium (10-20%),Europe,Europe & Central Asia
ROU,Romania,2030,bau,bws,Ind,1.51180077299347,96,1,Low - Medium (10-20%),Europe,Europe & Central Asia
NLD,Netherlands,2050,bau,bws,Liv,1.51108124906918,94,1,Low - Medium (10-20%),Europe,Europe & Central Asia
MDA,Moldova,2080,pes,bws,Dom,1.51005236539673,111,1,Low - Medium (10-20%),Europe,Europe & Central Asia
RUS,Russia,2050,pes,bws,Dom,1.5099513334893,104,1,Low - Medium (10-20%),Europe,Europe & Central Asia
ROU,Romania,2050,bau,bws,Liv,1.50953971675046,95,1,Low - Medium (10-20%),Europe,Europe & Central Asia
LTU,Lithuania,2050,opt,bws,Irr,1.50893919223424,103,1,Low - Medium (10-20%),Europe,Europe & Central Asia
JPN,Japan,2050,opt,bws,Liv,1.50811251462316,90,1,Low - Medium (10-20%),Asia,East Asia & Pacific
SUR,Suriname,2030,pes,bws,Irr,1.50645105606524,103,1,Low - Medium (10-20%),Americas,Latin America & Caribbean
KEN,Kenya,2080,pes,bws,Dom,1.50594160431959,112,1,Low - Medium (10-20%),Africa,Sub-Saharan Africa
SVK,Slovakia,2030,pes,bws,Dom,1.50524892497764,102,1,Low - Medium (10-20%),Europe,Europe & Central Asia
NLD,Netherlands,2050,pes,bws,One,1.50417133195206,91,1,Low - Medium (10-20%),Europe,Europe & Central Asia
MYS,Malaysia,2030,bau,bws,Irr,1.50411858506451,104,1,Low - Medium (10-20%),Asia,East Asia & Pacific
MYS,Malaysia,2030,opt,bws,Irr,1.50327034501792,101,1,Low - Medium (10-20%),Asia,East Asia & Pacific
NLD,Netherlands,2030,opt,bws,Liv,1.50300741729201,92,1,Low - Medium (10-20%),Europe,Europe & Central Asia
LTU,Lithuania,2030,opt,bws,Irr,1.5027863270241,102,1,Low - Medium (10-20%),Europe,Europe & Central Asia
TJK,Tajikistan,2080,pes,bws,One,1.50261841254236,101,1,Low - Medium (10-20%),Asia,Europe & Central Asia
MDA,Moldova,2030,opt,bws,Irr,1.50254643846365,103,1,Low - Medium (10-20%),Europe,Europe & Central Asia
GTM,Guatemala,2050,pes,bws,Tot,1.50215240752604,106,1,Low - Medium (10-20%),Americas,Latin America & Caribbean
NLD,Netherlands,2080,bau,bws,Irr,1.50213577240899,117,1,Low - Medium (10-20%),Europe,Europe & Central Asia
POL,Poland,2030,bau,bws,One,1.50116187136362,87,1,Low - Medium (10-20%),Europe,Europe & Central Asia
UKR,Ukraine,2080,opt,bws,Dom,1.50003618220387,106,1,Low - Medium (10-20%),Europe,Europe & Central Asia
MYS,Malaysia,2030,pes,bws,Irr,1.49931355076253,104,1,Low - Medium (10-20%),Asia,East Asia & Pacific
RWA,Rwanda,2080,pes,bws,Tot,1.49911090016697,117,1,Low - Medium (10-20%),Africa,Sub-Saharan Africa
SRB,Serbia,2080,pes,bws,Ind,1.49885223218965,116,1,Low - Medium (10-20%),Europe,Europe & Central Asia
LTU,Lithuania,2080,pes,bws,Irr,1.49816241976767,115,1,Low - Medium (10-20%),Europe,Europe & Central Asia
JPN,Japan,2030,bau,bws,One,1.49684237383474,88,1,Low - Medium (10-20%),Asia,East Asia & Pacific
BGR,Bulgaria,2030,bau,bws,Irr,1.49662939558901,105,1,Low - Medium (10-20%),Europe,Europe & Central Asia
ROU,Romania,2030,bau,bws,Liv,1.49653409138335,90,1,Low - Medium (10-20%),Europe,Europe & Central Asia
CAN,Canada,2050,pes,bws,Dom,1.49643360750136,105,1,Low - Medium (10-20%),Americas,North America
BLR,Belarus,2080,bau,bws,Dom,1.49550291591401,111,1,Low - Medium (10-20%),Europe,Europe & Central Asia
BLR,Belarus,2080,opt,bws,Ind,1.49541378256552,102,1,Low - Medium (10-20%),Europe,Europe & Central Asia
TCD,Chad,2080,bau,bws,Irr,1.49514582493809,118,1,Low - Medium (10-20%),Africa,Sub-Saharan Africa
SVK,Slovakia,2080,opt,bws,One,1.49422130813866,90,1,Low - Medium (10-20%),Europe,Europe & Central Asia
SWZ,Swaziland,2080,pes,bws,Tot,1.49307568353122,118,1,Low - Medium (10-20%),Africa,Sub-Saharan Africa
BGR,Bulgaria,2050,opt,bws,Ind,1.49269398677136,96,1,Low - Medium (10-20%),Europe,Europe & Central Asia
BLR,Belarus,2080,bau,bws,Ind,1.49264892159466,117,1,Low - Medium (10-20%),Europe,Europe & Central Asia
UKR,Ukraine,2080,bau,bws,Dom,1.49263282493125,112,1,Low - Medium (10-20%),Europe,Europe & Central Asia
BGR,Bulgaria,2030,bau,bws,Ind,1.49240529758787,97,1,Low - Medium (10-20%),Europe,Europe & Central Asia
MDG,Madagascar,2050,bau,bws,Tot,1.49158266453096,108,1,Low - Medium (10-20%),Africa,Sub-Saharan Africa
SLV,El Salvador,2050,opt,bws,Liv,1.4914641380021,91,1,Low - Medium (10-20%),Americas,Latin America & Caribbean
BLR,Belarus,2030,opt,bws,Dom,1.49141971945658,99,1,Low - Medium (10-20%),Europe,Europe & Central Asia
LTU,Lithuania,2080,bau,bws,Irr,1.49122034340352,119,1,Low - Medium (10-20%),Europe,Europe & Central Asia
GEO,Georgia,2050,pes,bws,Irr,1.49074149196309,110,1,Low - Medium (10-20%),Asia,Europe & Central Asia
JPN,Japan,2080,opt,bws,Ind,1.49016371325663,103,1,Low - Medium (10-20%),Asia,East Asia & Pacific
LTU,Lithuania,2030,pes,bws,Irr,1.48993473228523,105,1,Low - Medium (10-20%),Europe,Europe & Central Asia
NGA,Nigeria,2050,opt,bws,Tot,1.48889386135737,103,1,Low - Medium (10-20%),Africa,Sub-Saharan Africa
BGR,Bulgaria,2030,bau,bws,Tot,1.48774108025487,100,1,Low - Medium (10-20%),Europe,Europe & Central Asia
MDG,Madagascar,2050,pes,bws,Irr,1.48753311538601,111,1,Low - Medium (10-20%),Africa,Sub-Saharan Africa
BGR,Bulgaria,2080,pes,bws,Dom,1.4874039731909,113,1,Low - Medium (10-20%),Europe,Europe & Central Asia
JPN,Japan,2030,opt,bws,One,1.48732575734667,87,1,Low - Medium (10-20%),Asia,East Asia & Pacific
PAN,Panama,2080,bau,bws,Dom,1.487219366145,113,1,Low - Medium (10-20%),Americas,Latin America & Caribbean
TJK,Tajikistan,2050,bau,bws,One,1.4871397383257,92,1,Low - Medium (10-20%),Asia,Europe & Central Asia
BLR,Belarus,2080,opt,bws,Dom,1.48669036492011,107,1,Low - Medium (10-20%),Europe,Europe & Central Asia
FIN,Finland,2050,opt,bws,Ind,1.48634787997084,97,1,Low - Medium (10-20%),Europe,Europe & Central Asia
TJK,Tajikistan,2030,opt,bws,One,1.48633090832357,88,1,Low - Medium (10-20%),Asia,Europe & Central Asia
BLR,Belarus,2050,opt,bws,Dom,1.48616760970993,102,1,Low - Medium (10-20%),Europe,Europe & Central Asia
EST,Estonia,2080,opt,bws,Dom,1.48584080454134,108,1,Low - Medium (10-20%),Europe,Europe & Central Asia
SWE,Sweden,2050,bau,bws,Irr,1.48579619886493,110,1,Low - Medium (10-20%),Europe,Europe & Central Asia
MDA,Moldova,2050,opt,bws,Irr,1.48571701669354,104,1,Low - Medium (10-20%),Europe,Europe & Central Asia
BGR,Bulgaria,2030,pes,bws,Liv,1.48527908399571,95,1,Low - Medium (10-20%),Europe,Europe & Central Asia
BLR,Belarus,2050,pes,bws,Ind,1.48523918064241,106,1,Low - Medium (10-20%),Europe,Europe & Central Asia
SWE,Sweden,2030,opt,bws,Irr,1.4851018900353,105,1,Low - Medium (10-20%),Europe,Europe & Central Asia
UKR,Ukraine,2050,pes,bws,Ind,1.48337475025447,107,1,Low - Medium (10-20%),Europe,Europe & Central Asia
JPN,Japan,2080,pes,bws,Ind,1.48328116099496,117,1,Low - Medium (10-20%),Asia,East Asia & Pacific
RWA,Rwanda,2080,opt,bws,Ind,1.4822098726042,104,1,Low - Medium (10-20%),Africa,Sub-Saharan Africa
DNK,Denmark,2080,pes,bws,One,1.48192663183873,102,1,Low - Medium (10-20%),Europe,Europe & Central Asia
SVK,Slovakia,2080,bau,bws,Dom,1.48159958522663,114,1,Low - Medium (10-20%),Europe,Europe & Central Asia
SWZ,Swaziland,2080,pes,bws,Dom,1.48067568253334,114,1,Low - Medium (10-20%),Africa,Sub-Saharan Africa
BLR,Belarus,2080,bau,bws,Tot,1.47982835921556,123,1,Low - Medium (10-20%),Europe,Europe & Central Asia
LTU,Lithuania,2050,pes,bws,Irr,1.47903593891482,112,1,Low - Medium (10-20%),Europe,Europe & Central Asia
BGR,Bulgaria,2050,opt,bws,Tot,1.47886808952386,104,1,Low - Medium (10-20%),Europe,Europe & Central Asia
SWZ,Swaziland,2080,pes,bws,Irr,1.47877528945172,116,1,Low - Medium (10-20%),Africa,Sub-Saharan Africa
CUB,Cuba,2080,opt,bws,Liv,1.47797134977915,96,1,Low - Medium (10-20%),Americas,Latin America & Caribbean
TCD,Chad,2080,opt,bws,Irr,1.47730810257154,107,1,Low - Medium (10-20%),Africa,Sub-Saharan Africa
POL,Poland,2050,pes,bws,One,1.47686213487582,92,1,Low - Medium (10-20%),Europe,Europe & Central Asia
BLR,Belarus,2050,pes,bws,Dom,1.47685625857361,106,1,Low - Medium (10-20%),Europe,Europe & Central Asia
KEN,Kenya,2050,bau,bws,Dom,1.47606926233047,99,1,Low - Medium (10-20%),Africa,Sub-Saharan Africa
BLR,Belarus,2030,opt,bws,Ind,1.47479782345622,96,1,Low - Medium (10-20%),Europe,Europe & Central Asia
UKR,Ukraine,2030,opt,bws,Ind,1.47473994001593,97,1,Low - Medium (10-20%),Europe,Europe & Central Asia
BLR,Belarus,2080,opt,bws,Tot,1.47472709055481,111,1,Low - Medium (10-20%),Europe,Europe & Central Asia
NGA,Nigeria,2030,opt,bws,Irr,1.47386446336754,106,1,Low - Medium (10-20%),Africa,Sub-Saharan Africa
CAN,Canada,2050,opt,bws,Dom,1.47346958849322,103,1,Low - Medium (10-20%),Americas,North America
UKR,Ukraine,2030,pes,bws,Dom,1.47221049207735,103,1,Low - Medium (10-20%),Europe,Europe & Central Asia
SVK,Slovakia,2050,opt,bws,One,1.47148522515868,89,1,Low - Medium (10-20%),Europe,Europe & Central Asia
TZA,Tanzania,2050,bau,bws,Dom,1.47126390510374,100,1,Low - Medium (10-20%),Africa,Sub-Saharan Africa
SUR,Suriname,2030,opt,bws,Tot,1.47075788435659,99,1,Low - Medium (10-20%),Americas,Latin America & Caribbean
BTN,Bhutan,2050,opt,bws,Ind,1.47075464099607,98,1,Low - Medium (10-20%),Asia,South Asia
NLD,Netherlands,2080,opt,bws,One,1.47050389985652,91,1,Low - Medium (10-20%),Europe,Europe & Central Asia
URY,Uruguay,2080,bau,bws,Ind,1.47038317876458,118,1,Low - Medium (10-20%),Americas,Latin America & Caribbean
BLR,Belarus,2050,pes,bws,Tot,1.46975096904497,108,1,Low - Medium (10-20%),Europe,Europe & Central Asia
UKR,Ukraine,2050,bau,bws,Tot,1.46912907660944,109,1,Low - Medium (10-20%),Europe,Europe & Central Asia
GEO,Georgia,2030,pes,bws,Irr,1.46886271135583,106,1,Low - Medium (10-20%),Asia,Europe & Central Asia
BGR,Bulgaria,2030,opt,bws,Irr,1.46784952702817,107,1,Low - Medium (10-20%),Europe,Europe & Central Asia
VNM,Vietnam,2080,opt,bws,One,1.46761276595621,92,1,Low - Medium (10-20%),Asia,East Asia & Pacific
BLR,Belarus,2030,opt,bws,Tot,1.46658998512196,100,1,Low - Medium (10-20%),Europe,Europe & Central Asia
TJK,Tajikistan,2080,opt,bws,One,1.4665149567387,93,1,Low - Medium (10-20%),Asia,Europe & Central Asia
MDA,Moldova,2080,opt,bws,Irr,1.46644075434498,108,1,Low - Medium (10-20%),Europe,Europe & Central Asia
EST,Estonia,2030,bau,bws,Tot,1.46636545063388,101,1,Low - Medium (10-20%),Europe,Europe & Central Asia
TJK,Tajikistan,2050,pes,bws,One,1.46525777042927,93,1,Low - Medium (10-20%),Asia,Europe & Central Asia
DOM,Dominican Republic,2030,opt,bws,Tot,1.46501453943956,101,1,Low - Medium (10-20%),Americas,Latin America & Caribbean
DOM,Dominican Republic,2030,opt,bws,One,1.46501453943956,89,1,Low - Medium (10-20%),Americas,Latin America & Caribbean
DOM,Dominican Republic,2030,opt,bws,Liv,1.46501453943956,93,1,Low - Medium (10-20%),Americas,Latin America & Caribbean
DOM,Dominican Republic,2030,opt,bws,Irr,1.46501453943956,108,1,Low - Medium (10-20%),Americas,Latin America & Caribbean
DOM,Dominican Republic,2030,opt,bws,Ind,1.46501453943956,98.5,1,Low - Medium (10-20%),Americas,Latin America & Caribbean
HTI,Haiti,2030,opt,bws,Ind,1.46501453943956,98.5,1,Low - Medium (10-20%),Americas,Latin America & Caribbean
DOM,Dominican Republic,2030,opt,bws,Dom,1.46501453943956,100,1,Low - Medium (10-20%),Americas,Latin America & Caribbean
KEN,Kenya,2030,opt,bws,Tot,1.46483134074252,102,1,Low - Medium (10-20%),Africa,Sub-Saharan Africa
HTI,Haiti,2030,opt,bws,Irr,1.4646662133526,109,1,Low - Medium (10-20%),Americas,Latin America & Caribbean
UKR,Ukraine,2030,pes,bws,Tot,1.46392225255805,105,1,Low - Medium (10-20%),Europe,Europe & Central Asia
SSD,South Sudan,2030,bau,bws,Irr,1.46384289844709,106,1,Low - Medium (10-20%),Africa,Sub-Saharan Africa
GBR,United Kingdom,2050,bau,bws,Ind,1.46330949708974,106,1,Low - Medium (10-20%),Europe,Europe & Central Asia
HTI,Haiti,2030,opt,bws,Tot,1.46271389719755,103,1,Low - Medium (10-20%),Americas,Latin America & Caribbean
HTI,Haiti,2030,opt,bws,Liv,1.46215073558183,94,1,Low - Medium (10-20%),Americas,Latin America & Caribbean
LTU,Lithuania,2050,bau,bws,Irr,1.4619479284676,111,1,Low - Medium (10-20%),Europe,Europe & Central Asia
JPN,Japan,2030,pes,bws,One,1.46160546056519,91,1,Low - Medium (10-20%),Asia,East Asia & Pacific
URY,Uruguay,2030,pes,bws,Ind,1.46100601873614,101,1,Low - Medium (10-20%),Americas,Latin America & Caribbean
JPN,Japan,2050,pes,bws,One,1.46012516168691,94,1,Low - Medium (10-20%),Asia,East Asia & Pacific
NLD,Netherlands,2080,bau,bws,Ind,1.46006263548492,119,1,Low - Medium (10-20%),Europe,Europe & Central Asia
RUS,Russia,2030,bau,bws,Dom,1.45985610758438,99,1,Low - Medium (10-20%),Europe,Europe & Central Asia
SDN,Sudan,2050,pes,bws,Tot,1.45972090136812,109,1,Low - Medium (10-20%),Africa,Sub-Saharan Africa
SSD,South Sudan,2050,opt,bws,Irr,1.45891116442303,105,1,Low - Medium (10-20%),Africa,Sub-Saharan Africa
BGR,Bulgaria,2080,pes,bws,Irr,1.45887464866363,117,1,Low - Medium (10-20%),Europe,Europe & Central Asia
SRB,Serbia,2080,pes,bws,Tot,1.45867871585732,119,1,Low - Medium (10-20%),Europe,Europe & Central Asia
POL,Poland,2080,bau,bws,Dom,1.45848798940894,115,1,Low - Medium (10-20%),Europe,Europe & Central Asia
CAF,Central African Republic,2050,opt,bws,Tot,1.45751743981656,105,1,Low - Medium (10-20%),Africa,Sub-Saharan Africa
SWZ,Swaziland,2050,bau,bws,Liv,1.45751148756754,96,1,Low - Medium (10-20%),Africa,Sub-Saharan Africa
HTI,Haiti,2030,opt,bws,Dom,1.45714998315695,101,1,Low - Medium (10-20%),Americas,Latin America & Caribbean
BGR,Bulgaria,2050,pes,bws,Irr,1.45679263673652,113,1,Low - Medium (10-20%),Europe,Europe & Central Asia
GBR,United Kingdom,2030,pes,bws,Ind,1.45665529028862,102,1,Low - Medium (10-20%),Europe,Europe & Central Asia
UKR,Ukraine,2050,opt,bws,Ind,1.45577995901132,99,1,Low - Medium (10-20%),Europe,Europe & Central Asia
KHM,Cambodia,2080,opt,bws,Ind,1.45539852938389,105,1,Low - Medium (10-20%),Asia,East Asia & Pacific
NLD,Netherlands,2080,bau,bws,Tot,1.45475260137092,124,1,Low - Medium (10-20%),Europe,Europe & Central Asia
SUR,Suriname,2030,pes,bws,Tot,1.45474603408437,106,1,Low - Medium (10-20%),Americas,Latin America & Caribbean
BLR,Belarus,2050,opt,bws,Ind,1.45292951491669,100,1,Low - Medium (10-20%),Europe,Europe & Central Asia
KHM,Cambodia,2050,opt,bws,Ind,1.4527207607728,101,1,Low - Medium (10-20%),Asia,East Asia & Pacific
EST,Estonia,2030,bau,bws,Ind,1.45268110946281,98,1,Low - Medium (10-20%),Europe,Europe & Central Asia
UKR,Ukraine,2050,bau,bws,Dom,1.45236787068628,101,1,Low - Medium (10-20%),Europe,Europe & Central Asia
DNK,Denmark,2080,pes,bws,Liv,1.44797882558575,98,1,Low - Medium (10-20%),Europe,Europe & Central Asia
BLR,Belarus,2050,opt,bws,Tot,1.4470096159184,106,1,Low - Medium (10-20%),Europe,Europe & Central Asia
KHM,Cambodia,2030,bau,bws,Ind,1.44617378847545,99,1,Low - Medium (10-20%),Asia,East Asia & Pacific
BGR,Bulgaria,2030,bau,bws,Liv,1.44538703617435,91,1,Low - Medium (10-20%),Europe,Europe & Central Asia
UKR,Ukraine,2080,bau,bws,Ind,1.44473421040382,120,1,Low - Medium (10-20%),Europe,Europe & Central Asia
JPN,Japan,2050,bau,bws,One,1.44186327691599,93,1,Low - Medium (10-20%),Asia,East Asia & Pacific
BGR,Bulgaria,2050,opt,bws,Liv,1.44166606784155,92,1,Low - Medium (10-20%),Europe,Europe & Central Asia
ETH,Ethiopia,2030,bau,bws,Irr,1.44142550813573,107,1,Low - Medium (10-20%),Africa,Sub-Saharan Africa
CRI,Costa Rica,2080,bau,bws,Irr,1.44140306589035,120,1,Low - Medium (10-20%),Americas,Latin America & Caribbean
NGA,Nigeria,2050,opt,bws,Dom,1.44100250440779,104,1,Low - Medium (10-20%),Africa,Sub-Saharan Africa
RUS,Russia,2050,bau,bws,Dom,1.44052593650265,102,1,Low - Medium (10-20%),Europe,Europe & Central Asia
DOM,Dominican Republic,2050,opt,bws,Tot,1.43994775924186,107,1,Low - Medium (10-20%),Americas,Latin America & Caribbean
DOM,Dominican Republic,2050,opt,bws,One,1.43994775924186,90,1,Low - Medium (10-20%),Americas,Latin America & Caribbean
DOM,Dominican Republic,2050,opt,bws,Liv,1.43994775924186,93,1,Low - Medium (10-20%),Americas,Latin America & Caribbean
DOM,Dominican Republic,2050,opt,bws,Irr,1.43994775924186,106,1,Low - Medium (10-20%),Americas,Latin America & Caribbean
DOM,Dominican Republic,2050,opt,bws,Ind,1.43994775924186,103,1,Low - Medium (10-20%),Americas,Latin America & Caribbean
HTI,Haiti,2050,opt,bws,Ind,1.43994775924186,102,1,Low - Medium (10-20%),Americas,Latin America & Caribbean
DOM,Dominican Republic,2050,opt,bws,Dom,1.43994775924186,105,1,Low - Medium (10-20%),Americas,Latin America & Caribbean
GBR,United Kingdom,2030,bau,bws,Ind,1.43965999633663,100,1,Low - Medium (10-20%),Europe,Europe & Central Asia
POL,Poland,2050,bau,bws,One,1.43928401809947,94,1,Low - Medium (10-20%),Europe,Europe & Central Asia
HTI,Haiti,2050,opt,bws,Irr,1.439015560541,107,1,Low - Medium (10-20%),Americas,Latin America & Caribbean
MWI,Malawi,2080,bau,bws,Dom,1.43894252002288,116,1,Low - Medium (10-20%),Africa,Sub-Saharan Africa
GHA,Ghana,2080,pes,bws,Irr,1.43855864475481,118,1,Low - Medium (10-20%),Africa,Sub-Saharan Africa
NGA,Nigeria,2050,bau,bws,Dom,1.43839136451926,103,1,Low - Medium (10-20%),Africa,Sub-Saharan Africa
VEN,Venezuela,2080,opt,bws,Ind,1.43820959611142,106,1,Low - Medium (10-20%),Americas,Latin America & Caribbean
TJK,Tajikistan,2030,bau,bws,One,1.43814330233243,89,1,Low - Medium (10-20%),Asia,Europe & Central Asia
TJK,Tajikistan,2030,pes,bws,One,1.43772946269388,92,1,Low - Medium (10-20%),Asia,Europe & Central Asia
HTI,Haiti,2050,bau,bws,One,1.43764071112021,95,1,Low - Medium (10-20%),Americas,Latin America & Caribbean
MDA,Moldova,2080,bau,bws,Irr,1.4373529490817,121,1,Low - Medium (10-20%),Europe,Europe & Central Asia
HTI,Haiti,2050,opt,bws,Tot,1.43714906401873,108,1,Low - Medium (10-20%),Americas,Latin America & Caribbean
HTI,Haiti,2050,opt,bws,Liv,1.43713295581375,94,1,Low - Medium (10-20%),Americas,Latin America & Caribbean
TGO,Togo,2050,bau,bws,Ind,1.43674977934216,107,1,Low - Medium (10-20%),Africa,Sub-Saharan Africa
CUB,Cuba,2050,opt,bws,Irr,1.43658438478965,108,1,Low - Medium (10-20%),Americas,Latin America & Caribbean
EST,Estonia,2050,pes,bws,Dom,1.43434055427113,107,1,Low - Medium (10-20%),Europe,Europe & Central Asia
GMB,Gambia,2080,pes,bws,Liv,1.43393079503976,99,1,Low - Medium (10-20%),Africa,Sub-Saharan Africa
RWA,Rwanda,2080,pes,bws,Ind,1.43345380574866,118,1,Low - Medium (10-20%),Africa,Sub-Saharan Africa
HTI,Haiti,2030,bau,bws,One,1.43240598886239,90,1,Low - Medium (10-20%),Americas,Latin America & Caribbean
HTI,Haiti,2050,opt,bws,Dom,1.43235424328754,106,1,Low - Medium (10-20%),Americas,Latin America & Caribbean
SOM,Somalia,2080,bau,bws,Irr,1.43132325315577,122,1,Low - Medium (10-20%),Africa,Sub-Saharan Africa
GBR,United Kingdom,2030,opt,bws,Tot,1.43068656529698,107,1,Low - Medium (10-20%),Europe,Europe & Central Asia
BGR,Bulgaria,2050,pes,bws,Dom,1.43066059451815,108,1,Low - Medium (10-20%),Europe,Europe & Central Asia
ECU,Ecuador,2050,bau,bws,Irr,1.43052052282212,113,1,Low - Medium (10-20%),Americas,Latin America & Caribbean
SDN,Sudan,2030,opt,bws,Tot,1.43048677035366,108,1,Low - Medium (10-20%),Africa,Sub-Saharan Africa
RUS,Russia,2030,pes,bws,Tot,1.43034111741175,107,1,Low - Medium (10-20%),Europe,Europe & Central Asia
CAN,Canada,2030,opt,bws,Dom,1.42919369729405,103,1,Low - Medium (10-20%),Americas,North America
CAN,Canada,2050,bau,bws,Dom,1.42840376778329,104,1,Low - Medium (10-20%),Americas,North America
CUB,Cuba,2030,bau,bws,Liv,1.4281408770273,92,1,Low - Medium (10-20%),Americas,Latin America & Caribbean
KEN,Kenya,2030,bau,bws,Tot,1.42649155603445,102,1,Low - Medium (10-20%),Africa,Sub-Saharan Africa
CAN,Canada,2050,pes,bws,Tot,1.42587768537052,110,1,Low - Medium (10-20%),Americas,North America
BDI,Burundi,2080,opt,bws,Tot,1.42564578131356,112,1,Low - Medium (10-20%),Africa,Sub-Saharan Africa
UGA,Uganda,2080,opt,bws,Irr,1.42553818049956,109,1,Low - Medium (10-20%),Africa,Sub-Saharan Africa
ETH,Ethiopia,2080,pes,bws,Tot,1.42535900539281,120,1,Low - Medium (10-20%),Africa,Sub-Saharan Africa
ECU,Ecuador,2080,bau,bws,Irr,1.42525552107676,123,1,Low - Medium (10-20%),Americas,Latin America & Caribbean
JPN,Japan,2080,opt,bws,Liv,1.42517153883149,97,1,Low - Medium (10-20%),Asia,East Asia & Pacific
MDA,Moldova,2030,pes,bws,Irr,1.42504596030095,108,1,Low - Medium (10-20%),Europe,Europe & Central Asia
KHM,Cambodia,2030,opt,bws,Ind,1.42470050976812,102,1,Low - Medium (10-20%),Asia,East Asia & Pacific
UKR,Ukraine,2080,opt,bws,Ind,1.4243436735773,107,1,Low - Medium (10-20%),Europe,Europe & Central Asia
MDG,Madagascar,2080,pes,bws,Liv,1.42352589374051,100,1,Low - Medium (10-20%),Africa,Sub-Saharan Africa
SDN,Sudan,2030,bau,bws,Tot,1.42352302167413,103,1,Low - Medium (10-20%),Africa,Sub-Saharan Africa
VEN,Venezuela,2030,opt,bws,Ind,1.42086082888782,103,1,Low - Medium (10-20%),Americas,Latin America & Caribbean
MMR,Myanmar,2050,bau,bws,Liv,1.42008141159761,97,1,Low - Medium (10-20%),Asia,East Asia & Pacific
UKR,Ukraine,2030,pes,bws,Ind,1.41859719342283,103,1,Low - Medium (10-20%),Europe,Europe & Central Asia
BLR,Belarus,2030,bau,bws,Ind,1.41824716884265,101,1,Low - Medium (10-20%),Europe,Europe & Central Asia
TZA,Tanzania,2080,bau,bws,Liv,1.41785222675223,103,1,Low - Medium (10-20%),Africa,Sub-Saharan Africa
POL,Poland,2030,opt,bws,One,1.41781289343468,93,1,Low - Medium (10-20%),Europe,Europe & Central Asia
TGO,Togo,2080,opt,bws,Ind,1.41755650151374,108,1,Low - Medium (10-20%),Africa,Sub-Saharan Africa
POL,Poland,2030,pes,bws,One,1.4174689426071,93,1,Low - Medium (10-20%),Europe,Europe & Central Asia
SOM,Somalia,2050,bau,bws,Tot,1.41692354073619,110,1,Low - Medium (10-20%),Africa,Sub-Saharan Africa
BGR,Bulgaria,2030,opt,bws,Dom,1.41539912264773,104,1,Low - Medium (10-20%),Europe,Europe & Central Asia
MDA,Moldova,2050,bau,bws,Irr,1.41443052387315,114,1,Low - Medium (10-20%),Europe,Europe & Central Asia
MDG,Madagascar,2050,pes,bws,Tot,1.41390169256759,111,1,Low - Medium (10-20%),Africa,Sub-Saharan Africa
MDG,Madagascar,2080,bau,bws,Dom,1.41372007018942,117,1,Low - Medium (10-20%),Africa,Sub-Saharan Africa
EST,Estonia,2030,opt,bws,Dom,1.41358929600291,105,1,Low - Medium (10-20%),Europe,Europe & Central Asia
POL,Poland,2080,bau,bws,Tot,1.41244538769833,125,1,Low - Medium (10-20%),Europe,Europe & Central Asia
BLR,Belarus,2030,bau,bws,Dom,1.41126841468569,100,1,Low - Medium (10-20%),Europe,Europe & Central Asia
CUB,Cuba,2030,opt,bws,One,1.41004017683834,94,1,Low - Medium (10-20%),Americas,Latin America & Caribbean
CAN,Canada,2030,pes,bws,Dom,1.40905749200949,104,1,Low - Medium (10-20%),Americas,North America
GEO,Georgia,2030,bau,bws,Irr,1.40790291450514,108,1,Low - Medium (10-20%),Asia,Europe & Central Asia
SSD,South Sudan,2050,bau,bws,Irr,1.40698360336082,115,1,Low - Medium (10-20%),Africa,Sub-Saharan Africa
SDN,Sudan,2050,opt,bws,Ind,1.40691342540144,104,1,Low - Medium (10-20%),Africa,Sub-Saharan Africa
MOZ,Mozambique,2080,pes,bws,Tot,1.40565913542862,121,1,Low - Medium (10-20%),Africa,Sub-Saharan Africa
RUS,Russia,2050,opt,bws,Tot,1.40558080867779,109,1,Low - Medium (10-20%),Europe,Europe & Central Asia
SDN,Sudan,2080,bau,bws,Ind,1.40557198240561,121,1,Low - Medium (10-20%),Africa,Sub-Saharan Africa
PRK,North Korea,2050,bau,bws,One,1.4055295716224,96,1,Low - Medium (10-20%),Asia,East Asia & Pacific
GHA,Ghana,2080,opt,bws,Ind,1.40527837141242,109,1,Low - Medium (10-20%),Africa,Sub-Saharan Africa
CUB,Cuba,2050,pes,bws,One,1.40513947886485,95,1,Low - Medium (10-20%),Americas,Latin America & Caribbean
BLR,Belarus,2030,bau,bws,Tot,1.40504256755037,104,1,Low - Medium (10-20%),Europe,Europe & Central Asia
BRA,Brazil,2030,pes,bws,Irr,1.40497193006591,109,1,Low - Medium (10-20%),Americas,Latin America & Caribbean
CUB,Cuba,2050,opt,bws,Ind,1.40449076478983,105,1,Low - Medium (10-20%),Americas,Latin America & Caribbean
CAN,Canada,2050,opt,bws,Tot,1.40439104428128,110,1,Low - Medium (10-20%),Americas,North America
PRK,North Korea,2050,pes,bws,One,1.40317990383843,96,1,Low - Medium (10-20%),Asia,East Asia & Pacific
POL,Poland,2080,bau,bws,Ind,1.40263748755899,122,1,Low - Medium (10-20%),Europe,Europe & Central Asia
MLI,Mali,2050,bau,bws,Tot,1.40256185589361,111,1,Low - Medium (10-20%),Africa,Sub-Saharan Africa
CUB,Cuba,2050,opt,bws,Tot,1.40212313216143,111,1,Low - Medium (10-20%),Americas,Latin America & Caribbean
ETH,Ethiopia,2050,pes,bws,Tot,1.40052845844176,112,1,Low - Medium (10-20%),Africa,Sub-Saharan Africa
SDN,Sudan,2050,pes,bws,Ind,1.40007731764769,109,1,Low - Medium (10-20%),Africa,Sub-Saharan Africa
ETH,Ethiopia,2080,bau,bws,Tot,1.39973735526303,126,1,Low - Medium (10-20%),Africa,Sub-Saharan Africa
MWI,Malawi,2030,pes,bws,Irr,1.39913589437161,110,1,Low - Medium (10-20%),Africa,Sub-Saharan Africa
JPN,Japan,2050,opt,bws,One,1.39911291126948,91,1,Low - Medium (10-20%),Asia,East Asia & Pacific
EST,Estonia,2080,opt,bws,Tot,1.39808276667687,113,1,Low - Medium (10-20%),Europe,Europe & Central Asia
BDI,Burundi,2080,pes,bws,Tot,1.39773237736394,122,1,Low - Medium (10-20%),Africa,Sub-Saharan Africa
JPN,Japan,2080,pes,bws,Liv,1.39767547944412,101,1,Low - Medium (10-20%),Asia,East Asia & Pacific
MDA,Moldova,2050,pes,bws,Irr,1.3960062721895,114,1,Low - Medium (10-20%),Europe,Europe & Central Asia
ECU,Ecuador,2050,pes,bws,Irr,1.39575147020506,115,1,Low - Medium (10-20%),Americas,Latin America & Caribbean
URY,Uruguay,2080,bau,bws,One,1.39534091582375,106,1,Low - Medium (10-20%),Americas,Latin America & Caribbean
ECU,Ecuador,2050,opt,bws,Irr,1.39405788452254,109,1,Low - Medium (10-20%),Americas,Latin America & Caribbean
EST,Estonia,2080,pes,bws,Irr,1.3937227174871,119,1,Low - Medium (10-20%),Europe,Europe & Central Asia
FIN,Finland,2080,opt,bws,Tot,1.39312858440537,114,1,Low - Medium (10-20%),Europe,Europe & Central Asia
FIN,Finland,2080,bau,bws,Dom,1.39300977044252,118,1,Low - Medium (10-20%),Europe,Europe & Central Asia
SWE,Sweden,2080,pes,bws,Tot,1.3927993893389,123,1,Low - Medium (10-20%),Europe,Europe & Central Asia
CAN,Canada,2050,pes,bws,Ind,1.39244988276877,110,1,Low - Medium (10-20%),Americas,North America
SWZ,Swaziland,2030,opt,bws,Liv,1.39242786357238,97,1,Low - Medium (10-20%),Africa,Sub-Saharan Africa
GBR,United Kingdom,2080,bau,bws,Tot,1.3917974159288,127,1,Low - Medium (10-20%),Europe,Europe & Central Asia
RUS,Russia,2080,bau,bws,Tot,1.39168801013864,128,1,Low - Medium (10-20%),Europe,Europe & Central Asia
SDN,Sudan,2080,opt,bws,Irr,1.39072759188035,110,1,Low - Medium (10-20%),Africa,Sub-Saharan Africa
NGA,Nigeria,2050,pes,bws,Liv,1.39043306356168,95,1,Low - Medium (10-20%),Africa,Sub-Saharan Africa
GHA,Ghana,2080,pes,bws,Tot,1.39023442367729,124,1,Low - Medium (10-20%),Africa,Sub-Saharan Africa
BRA,Brazil,2050,pes,bws,Irr,1.38997409636517,116,1,Low - Medium (10-20%),Americas,Latin America & Caribbean
RUS,Russia,2080,opt,bws,Dom,1.38951778086406,109,1,Low - Medium (10-20%),Europe,Europe & Central Asia
NLD,Netherlands,2080,bau,bws,Dom,1.38930144150078,119,1,Low - Medium (10-20%),Europe,Europe & Central Asia
POL,Poland,2080,bau,bws,Liv,1.38903439945831,104,1,Low - Medium (10-20%),Europe,Europe & Central Asia
SOM,Somalia,2050,opt,bws,Irr,1.38782760841014,110,1,Low - Medium (10-20%),Africa,Sub-Saharan Africa
CAN,Canada,2030,bau,bws,Dom,1.38533299497143,101,1,Low - Medium (10-20%),Americas,North America
URY,Uruguay,2030,bau,bws,Ind,1.3850754249794,102,1,Low - Medium (10-20%),Americas,Latin America & Caribbean
EST,Estonia,2080,opt,bws,Ind,1.38497707683629,110,1,Low - Medium (10-20%),Europe,Europe & Central Asia
RUS,Russia,2080,pes,bws,Ind,1.38488601913346,119,1,Low - Medium (10-20%),Europe,Europe & Central Asia
BGR,Bulgaria,2050,bau,bws,Dom,1.38472506573181,105,1,Low - Medium (10-20%),Europe,Europe & Central Asia
TJK,Tajikistan,2050,opt,bws,One,1.38388423399721,94,1,Low - Medium (10-20%),Asia,Europe & Central Asia
URY,Uruguay,2080,pes,bws,Ind,1.3822689605915,120,1,Low - Medium (10-20%),Americas,Latin America & Caribbean
RUS,Russia,2050,pes,bws,Tot,1.38176510390112,113,1,Low - Medium (10-20%),Europe,Europe & Central Asia
NLD,Netherlands,2080,bau,bws,Liv,1.381399101928,105,1,Low - Medium (10-20%),Europe,Europe & Central Asia
TZA,Tanzania,2050,opt,bws,Dom,1.38090611289756,108,1,Low - Medium (10-20%),Africa,Sub-Saharan Africa
GTM,Guatemala,2050,bau,bws,Dom,1.38049747047848,106,1,Low - Medium (10-20%),Americas,Latin America & Caribbean
UKR,Ukraine,2050,pes,bws,Liv,1.38021935998628,96,1,Low - Medium (10-20%),Europe,Europe & Central Asia
BRA,Brazil,2080,bau,bws,Dom,1.37942778371868,120,1,Low - Medium (10-20%),Americas,Latin America & Caribbean
PAN,Panama,2080,pes,bws,Irr,1.37812133157446,120,1,Low - Medium (10-20%),Americas,Latin America & Caribbean
CUB,Cuba,2050,opt,bws,Dom,1.37787407716521,109,1,Low - Medium (10-20%),Americas,Latin America & Caribbean
GTM,Guatemala,2030,bau,bws,Irr,1.37786685027176,110,1,Low - Medium (10-20%),Americas,Latin America & Caribbean
NLD,Netherlands,2030,bau,bws,One,1.37602098219327,93,1,Low - Medium (10-20%),Europe,Europe & Central Asia
PRK,North Korea,2030,pes,bws,One,1.37551917785536,96,1,Low - Medium (10-20%),Asia,East Asia & Pacific
DEU,Germany,2050,bau,bws,Irr,1.37541550317073,116,1,Low - Medium (10-20%),Europe,Europe & Central Asia
UKR,Ukraine,2050,bau,bws,Ind,1.37502867428632,108,1,Low - Medium (10-20%),Europe,Europe & Central Asia
SRB,Serbia,2080,pes,bws,Dom,1.3747776834916,115,1,Low - Medium (10-20%),Europe,Europe & Central Asia
KEN,Kenya,2030,pes,bws,Tot,1.37406989993036,111,1,Low - Medium (10-20%),Africa,Sub-Saharan Africa
SWZ,Swaziland,2050,pes,bws,Liv,1.37342527542299,97,1,Low - Medium (10-20%),Africa,Sub-Saharan Africa
DNK,Denmark,2050,opt,bws,Dom,1.37308061442055,110,1,Low - Medium (10-20%),Europe,Europe & Central Asia
GMB,Gambia,2080,opt,bws,One,1.37299495579179,95,1,Low - Medium (10-20%),Africa,Sub-Saharan Africa
ETH,Ethiopia,2030,pes,bws,Tot,1.3710520961758,112,1,Low - Medium (10-20%),Africa,Sub-Saharan Africa
PRK,North Korea,2030,bau,bws,One,1.37080248412808,94,1,Low - Medium (10-20%),Asia,East Asia & Pacific
MMR,Myanmar,2080,bau,bws,Liv,1.36953875970539,106,1,Low - Medium (10-20%),Asia,East Asia & Pacific
BRA,Brazil,2080,pes,bws,Irr,1.36904088190825,121,1,Low - Medium (10-20%),Americas,Latin America & Caribbean
UKR,Ukraine,2030,bau,bws,Tot,1.36800824858121,107,1,Low - Medium (10-20%),Europe,Europe & Central Asia
JPN,Japan,2080,bau,bws,Ind,1.36651614686883,123,1,Low - Medium (10-20%),Asia,East Asia & Pacific
SDN,Sudan,2030,pes,bws,Irr,1.36647475397395,112,1,Low - Medium (10-20%),Africa,Sub-Saharan Africa
NGA,Nigeria,2080,pes,bws,Tot,1.36560777488723,125,1,Low - Medium (10-20%),Africa,Sub-Saharan Africa
TCD,Chad,2050,bau,bws,Tot,1.36371775787051,113,1,Low - Medium (10-20%),Africa,Sub-Saharan Africa
CAN,Canada,2050,opt,bws,Ind,1.3636252984963,108,1,Low - Medium (10-20%),Americas,North America
BGR,Bulgaria,2080,opt,bws,Dom,1.36337547799915,110,1,Low - Medium (10-20%),Europe,Europe & Central Asia
GHA,Ghana,2080,pes,bws,Dom,1.36331741925216,116,1,Low - Medium (10-20%),Africa,Sub-Saharan Africa
BDI,Burundi,2080,bau,bws,Dom,1.36287704343301,121,1,Low - Medium (10-20%),Africa,Sub-Saharan Africa
KHM,Cambodia,2030,pes,bws,Ind,1.36283882384883,107,1,Low - Medium (10-20%),Asia,East Asia & Pacific
BGR,Bulgaria,2050,bau,bws,Irr,1.36159043661429,117,1,Low - Medium (10-20%),Europe,Europe & Central Asia
FIN,Finland,2080,opt,bws,Ind,1.36090426168674,111,1,Low - Medium (10-20%),Europe,Europe & Central Asia
ETH,Ethiopia,2050,bau,bws,Tot,1.36057354119584,114,1,Low - Medium (10-20%),Africa,Sub-Saharan Africa
RUS,Russia,2080,pes,bws,Liv,1.36052636436487,102,1,Low - Medium (10-20%),Europe,Europe & Central Asia
GBR,United Kingdom,2030,opt,bws,Ind,1.36041555604273,106,1,Low - Medium (10-20%),Europe,Europe & Central Asia
DNK,Denmark,2050,opt,bws,Irr,1.36025203990423,113,1,Low - Medium (10-20%),Europe,Europe & Central Asia
RUS,Russia,2030,opt,bws,Tot,1.36000376483619,110,1,Low - Medium (10-20%),Europe,Europe & Central Asia
UKR,Ukraine,2050,pes,bws,One,1.35963251680888,97,1,Low - Medium (10-20%),Europe,Europe & Central Asia
CAN,Canada,2050,bau,bws,Tot,1.35937611750469,115,1,Low - Medium (10-20%),Americas,North America
BRA,Brazil,2030,bau,bws,Irr,1.35917886475606,111,1,Low - Medium (10-20%),Americas,Latin America & Caribbean
RUS,Russia,2030,pes,bws,Ind,1.35902280423312,108,1,Low - Medium (10-20%),Europe,Europe & Central Asia
BLR,Belarus,2080,pes,bws,Liv,1.35893087107435,103,1,Low - Medium (10-20%),Europe,Europe & Central Asia
GEO,Georgia,2080,pes,bws,Tot,1.35855376625622,126,1,Low - Medium (10-20%),Asia,Europe & Central Asia
SRB,Serbia,2080,opt,bws,Ind,1.35808964543748,112,1,Low - Medium (10-20%),Europe,Europe & Central Asia
UKR,Ukraine,2030,bau,bws,Dom,1.35708919921808,103,1,Low - Medium (10-20%),Europe,Europe & Central Asia
SVK,Slovakia,2050,bau,bws,One,1.35675933936453,97,1,Low - Medium (10-20%),Europe,Europe & Central Asia
EST,Estonia,2050,pes,bws,Tot,1.3565085775621,114,1,Low - Medium (10-20%),Europe,Europe & Central Asia
UKR,Ukraine,2050,opt,bws,Liv,1.35597736313082,96,1,Low - Medium (10-20%),Europe,Europe & Central Asia
MYS,Malaysia,2080,pes,bws,Tot,1.35561903884284,131,1,Low - Medium (10-20%),Asia,East Asia & Pacific
UKR,Ukraine,2080,opt,bws,Liv,1.35467593012635,98,1,Low - Medium (10-20%),Europe,Europe & Central Asia
NGA,Nigeria,2080,pes,bws,Dom,1.35238597193995,119,1,Low - Medium (10-20%),Africa,Sub-Saharan Africa
BRA,Brazil,2080,opt,bws,Irr,1.35166958698102,111,1,Low - Medium (10-20%),Americas,Latin America & Caribbean
SVK,Slovakia,2030,bau,bws,One,1.35155740192473,95,1,Low - Medium (10-20%),Europe,Europe & Central Asia
BRA,Brazil,2030,opt,bws,Irr,1.35047209328109,112,1,Low - Medium (10-20%),Americas,Latin America & Caribbean
RUS,Russia,2050,bau,bws,Tot,1.3504065316855,116,1,Low - Medium (10-20%),Europe,Europe & Central Asia
MOZ,Mozambique,2050,pes,bws,Irr,1.34950340695564,117,1,Low - Medium (10-20%),Africa,Sub-Saharan Africa
BGR,Bulgaria,2030,pes,bws,Dom,1.34945723098478,107,1,Low - Medium (10-20%),Europe,Europe & Central Asia
LTU,Lithuania,2050,opt,bws,Liv,1.34899241589959,97,1,Low - Medium (10-20%),Europe,Europe & Central Asia
TCD,Chad,2030,opt,bws,Liv,1.34896986525951,98,1,Low - Medium (10-20%),Africa,Sub-Saharan Africa
TZA,Tanzania,2050,pes,bws,Dom,1.34871821848396,110,1,Low - Medium (10-20%),Africa,Sub-Saharan Africa
DNK,Denmark,2050,opt,bws,Tot,1.34713713968313,114,1,Low - Medium (10-20%),Europe,Europe & Central Asia
MMR,Myanmar,2050,bau,bws,One,1.34638219205936,98,1,Low - Medium (10-20%),Asia,East Asia & Pacific
TCD,Chad,2050,bau,bws,Liv,1.34626398875492,98,1,Low - Medium (10-20%),Africa,Sub-Saharan Africa
MDA,Moldova,2030,bau,bws,Irr,1.34613500639421,112,1,Low - Medium (10-20%),Europe,Europe & Central Asia
ECU,Ecuador,2080,opt,bws,Irr,1.34603187745173,112,1,Low - Medium (10-20%),Americas,Latin America & Caribbean
PAN,Panama,2080,opt,bws,Irr,1.34505508391607,113,1,Low - Medium (10-20%),Americas,Latin America & Caribbean
URY,Uruguay,2080,bau,bws,Liv,1.34492315077513,107,1,Low - Medium (10-20%),Americas,Latin America & Caribbean
EST,Estonia,2050,pes,bws,Ind,1.3443787518681,111,1,Low - Medium (10-20%),Europe,Europe & Central Asia
ECU,Ecuador,2080,pes,bws,Irr,1.34372527941868,125,1,Low - Medium (10-20%),Americas,Latin America & Caribbean
CAN,Canada,2030,opt,bws,Tot,1.34346071604049,111,1,Low - Medium (10-20%),Americas,North America
MDA,Moldova,2030,opt,bws,Tot,1.34336958541967,112,1,Low - Medium (10-20%),Europe,Europe & Central Asia
SVK,Slovakia,2030,opt,bws,One,1.34328550358066,95,1,Low - Medium (10-20%),Europe,Europe & Central Asia
DNK,Denmark,2050,opt,bws,Ind,1.34260149331559,109,1,Low - Medium (10-20%),Europe,Europe & Central Asia
BLR,Belarus,2080,pes,bws,Irr,1.34256518410598,126,1,Low - Medium (10-20%),Europe,Europe & Central Asia
SWE,Sweden,2050,opt,bws,Tot,1.34105598484261,115,1,Low - Medium (10-20%),Europe,Europe & Central Asia
SWZ,Swaziland,2080,opt,bws,Ind,1.34100615349792,113,1,Low - Medium (10-20%),Africa,Sub-Saharan Africa
LTU,Lithuania,2030,opt,bws,Liv,1.34056498628534,99,1,Low - Medium (10-20%),Europe,Europe & Central Asia
JPN,Japan,2080,opt,bws,One,1.34028146657655,96,1,Low - Medium (10-20%),Asia,East Asia & Pacific
KHM,Cambodia,2030,opt,bws,Liv,1.33908863126219,100,1,Low - Medium (10-20%),Asia,East Asia & Pacific
LTU,Lithuania,2080,opt,bws,Irr,1.3386034374712,114,1,Low - Medium (10-20%),Europe,Europe & Central Asia
SSD,South Sudan,2030,opt,bws,Irr,1.33834866034037,113,1,Low - Medium (10-20%),Africa,Sub-Saharan Africa
UKR,Ukraine,2080,opt,bws,One,1.33759316910019,97,1,Low - Medium (10-20%),Europe,Europe & Central Asia
DNK,Denmark,2050,pes,bws,Liv,1.33694945311056,98,1,Low - Medium (10-20%),Europe,Europe & Central Asia
CRI,Costa Rica,2080,bau,bws,Dom,1.33601841477021,122,1,Low - Medium (10-20%),Americas,Latin America & Caribbean
PRK,North Korea,2030,opt,bws,One,1.33552579958233,96,1,Low - Medium (10-20%),Asia,East Asia & Pacific
EST,Estonia,2030,opt,bws,Tot,1.33546133989052,113,1,Low - Medium (10-20%),Europe,Europe & Central Asia
JPN,Japan,2080,pes,bws,One,1.33406307522861,108,1,Low - Medium (10-20%),Asia,East Asia & Pacific
ETH,Ethiopia,2080,opt,bws,Dom,1.33350984445594,111,1,Low - Medium (10-20%),Africa,Sub-Saharan Africa
PRK,North Korea,2050,opt,bws,One,1.33285915015663,95,1,Low - Medium (10-20%),Asia,East Asia & Pacific
HTI,Haiti,2030,opt,bws,One,1.33183139949051,97,1,Low - Medium (10-20%),Americas,Latin America & Caribbean
ROU,Romania,2080,opt,bws,One,1.33148743026791,98,1,Low - Medium (10-20%),Europe,Europe & Central Asia
ARG,Argentina,2050,bau,bws,Dom,1.33143936689627,108,1,Low - Medium (10-20%),Americas,Latin America & Caribbean
SVK,Slovakia,2050,pes,bws,One,1.33138420283545,98,1,Low - Medium (10-20%),Europe,Europe & Central Asia
SRB,Serbia,2080,bau,bws,Ind,1.3312533684474,124,1,Low - Medium (10-20%),Europe,Europe & Central Asia
SRB,Serbia,2080,opt,bws,Tot,1.33057783802371,115,1,Low - Medium (10-20%),Europe,Europe & Central Asia
NGA,Nigeria,2050,bau,bws,One,1.33052630824719,99,1,Low - Medium (10-20%),Africa,Sub-Saharan Africa
ECU,Ecuador,2030,bau,bws,Irr,1.32866691283226,113,1,Low - Medium (10-20%),Americas,Latin America & Caribbean
FIN,Finland,2050,pes,bws,Tot,1.3282840106529,115,1,Low - Medium (10-20%),Europe,Europe & Central Asia
GTM,Guatemala,2030,pes,bws,Irr,1.32800725568845,113,1,Low - Medium (10-20%),Americas,Latin America & Caribbean
URY,Uruguay,2050,opt,bws,Ind,1.32747095728414,110,1,Low - Medium (10-20%),Americas,Latin America & Caribbean
KHM,Cambodia,2050,bau,bws,Liv,1.32712154466672,99,1,Low - Medium (10-20%),Asia,East Asia & Pacific
ZMB,Zambia,2030,pes,bws,Irr,1.32643224849254,114,1,Low - Medium (10-20%),Africa,Sub-Saharan Africa
JPN,Japan,2080,bau,bws,Liv,1.32622025508841,108,1,Low - Medium (10-20%),Asia,East Asia & Pacific
BRA,Brazil,2080,bau,bws,Irr,1.32614433836994,125,1,Low - Medium (10-20%),Americas,Latin America & Caribbean
MDA,Moldova,2080,opt,bws,Tot,1.32581030399362,116,1,Low - Medium (10-20%),Europe,Europe & Central Asia
MDA,Moldova,2050,opt,bws,Tot,1.32544390211002,116,1,Low - Medium (10-20%),Europe,Europe & Central Asia
CAN,Canada,2030,pes,bws,Tot,1.32527496374064,113,1,Low - Medium (10-20%),Americas,North America
SOM,Somalia,2080,opt,bws,Irr,1.32520716979182,115,1,Low - Medium (10-20%),Africa,Sub-Saharan Africa
URY,Uruguay,2030,opt,bws,Ind,1.32496269471882,107,1,Low - Medium (10-20%),Americas,Latin America & Caribbean
RUS,Russia,2050,opt,bws,Ind,1.32456306715764,111,1,Low - Medium (10-20%),Europe,Europe & Central Asia
LTU,Lithuania,2030,pes,bws,Liv,1.3242841807744,97,1,Low - Medium (10-20%),Europe,Europe & Central Asia
BRA,Brazil,2050,bau,bws,Irr,1.32391722316338,118,1,Low - Medium (10-20%),Americas,Latin America & Caribbean
EST,Estonia,2030,opt,bws,Ind,1.32357359797365,108,1,Low - Medium (10-20%),Europe,Europe & Central Asia
ROU,Romania,2050,opt,bws,One,1.32321909281059,96,1,Low - Medium (10-20%),Europe,Europe & Central Asia
LTU,Lithuania,2030,bau,bws,Liv,1.32314533091622,94,1,Low - Medium (10-20%),Europe,Europe & Central Asia
UKR,Ukraine,2080,bau,bws,Liv,1.32284622157402,109,1,Low - Medium (10-20%),Europe,Europe & Central Asia
PAN,Panama,2050,bau,bws,Irr,1.3227136880679,119,1,Low - Medium (10-20%),Americas,Latin America & Caribbean
NGA,Nigeria,2050,opt,bws,One,1.32174970611178,97,1,Low - Medium (10-20%),Africa,Sub-Saharan Africa
VEN,Venezuela,2030,pes,bws,Ind,1.32152774382431,109,1,Low - Medium (10-20%),Americas,Latin America & Caribbean
ROU,Romania,2050,opt,bws,Tot,1.32095365995389,117,1,Low - Medium (10-20%),Europe,Europe & Central Asia
UKR,Ukraine,2050,opt,bws,One,1.32055360656313,98,1,Low - Medium (10-20%),Europe,Europe & Central Asia
PAN,Panama,2080,pes,bws,Dom,1.32043575069902,120,1,Low - Medium (10-20%),Americas,Latin America & Caribbean
LTU,Lithuania,2080,pes,bws,Liv,1.32012532418824,105,1,Low - Medium (10-20%),Europe,Europe & Central Asia
TGO,Togo,2050,pes,bws,Ind,1.31982523171201,112,1,Low - Medium (10-20%),Africa,Sub-Saharan Africa
BGR,Bulgaria,2080,bau,bws,Dom,1.31879009645608,123,1,Low - Medium (10-20%),Europe,Europe & Central Asia
KHM,Cambodia,2080,bau,bws,Liv,1.31761725795807,110,1,Low - Medium (10-20%),Asia,East Asia & Pacific
KHM,Cambodia,2050,opt,bws,Liv,1.31706790479294,98,1,Low - Medium (10-20%),Asia,East Asia & Pacific
UKR,Ukraine,2030,opt,bws,Liv,1.31706388118174,101,1,Low - Medium (10-20%),Europe,Europe & Central Asia
UKR,Ukraine,2030,bau,bws,Ind,1.31700075598883,105,1,Low - Medium (10-20%),Europe,Europe & Central Asia
UKR,Ukraine,2030,pes,bws,Liv,1.31643581436283,98,1,Low - Medium (10-20%),Europe,Europe & Central Asia
KHM,Cambodia,2080,opt,bws,Liv,1.31488774580129,100,1,Low - Medium (10-20%),Asia,East Asia & Pacific
GBR,United Kingdom,2080,bau,bws,Ind,1.3138509175738,125,1,Low - Medium (10-20%),Europe,Europe & Central Asia
PRK,North Korea,2080,bau,bws,One,1.31359674915257,107,1,Low - Medium (10-20%),Asia,East Asia & Pacific
URY,Uruguay,2050,bau,bws,One,1.31343420611468,100,1,Low - Medium (10-20%),Americas,Latin America & Caribbean
MDA,Moldova,2080,opt,bws,Liv,1.31308340591568,101,1,Low - Medium (10-20%),Europe,Europe & Central Asia
SWE,Sweden,2080,pes,bws,Liv,1.31307953937461,106,1,Low - Medium (10-20%),Europe,Europe & Central Asia
CAN,Canada,2030,bau,bws,Tot,1.31304772166589,108,1,Low - Medium (10-20%),Americas,North America
PRK,North Korea,2080,opt,bws,One,1.31290564132276,100,1,Low - Medium (10-20%),Asia,East Asia & Pacific
RUS,Russia,2030,bau,bws,Tot,1.31270365102041,109,1,Low - Medium (10-20%),Europe,Europe & Central Asia
ECU,Ecuador,2030,pes,bws,Irr,1.31209090123797,115,1,Low - Medium (10-20%),Americas,Latin America & Caribbean
SRB,Serbia,2050,bau,bws,Ind,1.31142663476504,110,1,Low - Medium (10-20%),Europe,Europe & Central Asia
PAN,Panama,2080,pes,bws,Tot,1.31108268145872,132,1,Low - Medium (10-20%),Americas,Latin America & Caribbean
BRA,Brazil,2050,opt,bws,Irr,1.31102344549566,114,1,Low - Medium (10-20%),Americas,Latin America & Caribbean
ARG,Argentina,2080,pes,bws,Dom,1.31061907895586,121,1,Low - Medium (10-20%),Americas,Latin America & Caribbean
NLD,Netherlands,2030,pes,bws,One,1.31050222385319,97,1,Low - Medium (10-20%),Europe,Europe & Central Asia
BRA,Brazil,2080,pes,bws,Dom,1.30996725020442,122,1,Low - Medium (10-20%),Americas,Latin America & Caribbean
NGA,Nigeria,2080,pes,bws,Liv,1.30945176507726,107,1,Low - Medium (10-20%),Africa,Sub-Saharan Africa
CRI,Costa Rica,2080,bau,bws,Tot,1.30915426884618,130,1,Low - Medium (10-20%),Americas,Latin America & Caribbean
BGR,Bulgaria,2030,bau,bws,Dom,1.30910563697602,104,1,Low - Medium (10-20%),Europe,Europe & Central Asia
HTI,Haiti,2050,opt,bws,One,1.30904341749259,99,1,Low - Medium (10-20%),Americas,Latin America & Caribbean
CRI,Costa Rica,2080,pes,bws,Irr,1.30872631964859,128,1,Low - Medium (10-20%),Americas,Latin America & Caribbean
GEO,Georgia,2080,bau,bws,Tot,1.3085491553883,131,1,Low - Medium (10-20%),Asia,Europe & Central Asia
VEN,Venezuela,2030,bau,bws,Ind,1.3080699930396,106,1,Low - Medium (10-20%),Americas,Latin America & Caribbean
DNK,Denmark,2050,pes,bws,One,1.30604991390541,99,1,Low - Medium (10-20%),Europe,Europe & Central Asia
MNE,Montenegro,2050,pes,bws,Irr,1.30536883488124,118,1,Low - Medium (10-20%),Europe,Europe & Central Asia
ROU,Romania,2030,opt,bws,Tot,1.30468768554846,114,1,Low - Medium (10-20%),Europe,Europe & Central Asia
SRB,Serbia,2080,bau,bws,Tot,1.30375593545065,132,1,Low - Medium (10-20%),Europe,Europe & Central Asia
KHM,Cambodia,2080,pes,bws,Liv,1.30297076922627,108,1,Low - Medium (10-20%),Asia,East Asia & Pacific
TCD,Chad,2080,bau,bws,Liv,1.30267395415644,111,1,Low - Medium (10-20%),Africa,Sub-Saharan Africa
BGR,Bulgaria,2050,opt,bws,Dom,1.302298499369,111,1,Low - Medium (10-20%),Europe,Europe & Central Asia
CAN,Canada,2050,bau,bws,Ind,1.30007904861524,111,1,Low - Medium (10-20%),Americas,North America
MMR,Myanmar,2080,bau,bws,One,1.29995299540013,108,1,Low - Medium (10-20%),Asia,East Asia & Pacific
FIN,Finland,2050,pes,bws,Ind,1.29933239993684,113,1,Low - Medium (10-20%),Europe,Europe & Central Asia
SWE,Sweden,2080,opt,bws,Dom,1.29846462364003,113,1,Low - Medium (10-20%),Europe,Europe & Central Asia
EST,Estonia,2050,bau,bws,Dom,1.29819076667947,109,1,Low - Medium (10-20%),Europe,Europe & Central Asia
PRK,North Korea,2080,pes,bws,One,1.2980513659653,109,1,Low - Medium (10-20%),Asia,East Asia & Pacific
FIN,Finland,2080,pes,bws,Liv,1.29783102506469,109,1,Low - Medium (10-20%),Europe,Europe & Central Asia
SRB,Serbia,2030,opt,bws,Ind,1.29759827057079,109,1,Low - Medium (10-20%),Europe,Europe & Central Asia
BRA,Brazil,2050,pes,bws,Tot,1.29706276744002,116,1,Low - Medium (10-20%),Americas,Latin America & Caribbean
GTM,Guatemala,2030,bau,bws,Ind,1.29676151993534,107,1,Low - Medium (10-20%),Americas,Latin America & Caribbean
MDA,Moldova,2030,pes,bws,Tot,1.29638455501942,114,1,Low - Medium (10-20%),Europe,Europe & Central Asia
GTM,Guatemala,2030,pes,bws,Ind,1.29627011169622,110,1,Low - Medium (10-20%),Americas,Latin America & Caribbean
MDG,Madagascar,2050,pes,bws,Liv,1.29451806117448,99,1,Low - Medium (10-20%),Africa,Sub-Saharan Africa
KHM,Cambodia,2030,bau,bws,Liv,1.29433054222821,95,1,Low - Medium (10-20%),Asia,East Asia & Pacific
CUB,Cuba,2050,opt,bws,Liv,1.29404863218492,99,1,Low - Medium (10-20%),Americas,Latin America & Caribbean
SRB,Serbia,2050,pes,bws,Ind,1.29353162321171,114,1,Low - Medium (10-20%),Europe,Europe & Central Asia
MYS,Malaysia,2080,bau,bws,Tot,1.29318707259772,133,1,Low - Medium (10-20%),Asia,East Asia & Pacific
ROU,Romania,2050,pes,bws,Tot,1.29308630113977,117,1,Low - Medium (10-20%),Europe,Europe & Central Asia
LTU,Lithuania,2050,pes,bws,Liv,1.29296440360616,100,1,Low - Medium (10-20%),Europe,Europe & Central Asia
FIN,Finland,2030,pes,bws,Irr,1.29190526005627,116,1,Low - Medium (10-20%),Europe,Europe & Central Asia
KHM,Cambodia,2050,pes,bws,Liv,1.29184315326423,101,1,Low - Medium (10-20%),Asia,East Asia & Pacific
ECU,Ecuador,2030,opt,bws,Irr,1.29182885416302,114,1,Low - Medium (10-20%),Americas,Latin America & Caribbean
CAN,Canada,2030,opt,bws,Ind,1.29015188682142,110,1,Low - Medium (10-20%),Americas,North America
JPN,Japan,2080,bau,bws,One,1.28994838072191,109,1,Low - Medium (10-20%),Asia,East Asia & Pacific
SRB,Serbia,2050,bau,bws,Tot,1.28849547727451,117,1,Low - Medium (10-20%),Europe,Europe & Central Asia
GTM,Guatemala,2030,bau,bws,Tot,1.2884693682091,110,1,Low - Medium (10-20%),Americas,Latin America & Caribbean
ROU,Romania,2080,opt,bws,Tot,1.28831682832741,118,1,Low - Medium (10-20%),Europe,Europe & Central Asia
CUB,Cuba,2080,opt,bws,One,1.28820675398854,101,1,Low - Medium (10-20%),Americas,Latin America & Caribbean
SDN,Sudan,2080,pes,bws,Tot,1.28798782346626,133,1,Low - Medium (10-20%),Africa,Sub-Saharan Africa
GTM,Guatemala,2050,bau,bws,One,1.28758869130016,101,1,Low - Medium (10-20%),Americas,Latin America & Caribbean
RUS,Russia,2050,pes,bws,Ind,1.28721051595099,115,1,Low - Medium (10-20%),Europe,Europe & Central Asia
SWZ,Swaziland,2080,opt,bws,Dom,1.28696309145456,114,1,Low - Medium (10-20%),Africa,Sub-Saharan Africa
ROU,Romania,2030,pes,bws,Tot,1.28646247749382,115,1,Low - Medium (10-20%),Europe,Europe & Central Asia
LTU,Lithuania,2080,opt,bws,Liv,1.28643545916903,102,1,Low - Medium (10-20%),Europe,Europe & Central Asia
SWE,Sweden,2050,pes,bws,Tot,1.28497718917099,118,1,Low - Medium (10-20%),Europe,Europe & Central Asia
BRA,Brazil,2080,bau,bws,Tot,1.28284402536113,134,1,Low - Medium (10-20%),Americas,Latin America & Caribbean
RUS,Russia,2050,bau,bws,Ind,1.28273287223888,112,1,Low - Medium (10-20%),Europe,Europe & Central Asia
GTM,Guatemala,2080,opt,bws,Ind,1.28100964046501,115,1,Low - Medium (10-20%),Americas,Latin America & Caribbean
MDA,Moldova,2030,opt,bws,Ind,1.28095208502679,111,1,Low - Medium (10-20%),Europe,Europe & Central Asia
FIN,Finland,2030,pes,bws,Dom,1.27898589207145,108,1,Low - Medium (10-20%),Europe,Europe & Central Asia
RUS,Russia,2080,bau,bws,Ind,1.27897506478372,126,1,Low - Medium (10-20%),Europe,Europe & Central Asia
BRA,Brazil,2050,bau,bws,Dom,1.27877875411799,110,1,Low - Medium (10-20%),Americas,Latin America & Caribbean
BRA,Brazil,2050,pes,bws,Dom,1.27834337319903,111,1,Low - Medium (10-20%),Americas,Latin America & Caribbean
MDA,Moldova,2030,opt,bws,Liv,1.27672655758734,102,1,Low - Medium (10-20%),Europe,Europe & Central Asia
UGA,Uganda,2080,bau,bws,Irr,1.27642773889907,126,1,Low - Medium (10-20%),Africa,Sub-Saharan Africa
RWA,Rwanda,2080,bau,bws,One,1.27603718631917,110,1,Low - Medium (10-20%),Africa,Sub-Saharan Africa
RUS,Russia,2030,opt,bws,Ind,1.27600846182052,112,1,Low - Medium (10-20%),Europe,Europe & Central Asia
ETH,Ethiopia,2050,opt,bws,Tot,1.27569461091264,119,1,Low - Medium (10-20%),Africa,Sub-Saharan Africa
SWE,Sweden,2050,opt,bws,Liv,1.27547249466285,100,1,Low - Medium (10-20%),Europe,Europe & Central Asia
UKR,Ukraine,2080,bau,bws,One,1.27531546946294,111,1,Low - Medium (10-20%),Europe,Europe & Central Asia
GTM,Guatemala,2030,pes,bws,Tot,1.27495042075934,116,1,Low - Medium (10-20%),Americas,Latin America & Caribbean
CAN,Canada,2030,pes,bws,Ind,1.27469792108593,111,1,Low - Medium (10-20%),Americas,North America
MDA,Moldova,2050,bau,bws,Tot,1.27397888091496,118,1,Low - Medium (10-20%),Europe,Europe & Central Asia
MDA,Moldova,2050,opt,bws,Liv,1.27384355114127,101,1,Low - Medium (10-20%),Europe,Europe & Central Asia
SRB,Serbia,2030,opt,bws,Tot,1.27373139227933,115,1,Low - Medium (10-20%),Europe,Europe & Central Asia
MDA,Moldova,2080,bau,bws,Tot,1.27368822203056,135,1,Low - Medium (10-20%),Europe,Europe & Central Asia
GHA,Ghana,2080,opt,bws,Tot,1.27226943339103,119,1,Low - Medium (10-20%),Africa,Sub-Saharan Africa
MDG,Madagascar,2050,bau,bws,Liv,1.27217235213567,100,1,Low - Medium (10-20%),Africa,Sub-Saharan Africa
NGA,Nigeria,2050,pes,bws,Tot,1.27128626720815,119,1,Low - Medium (10-20%),Africa,Sub-Saharan Africa
MDG,Madagascar,2080,pes,bws,Dom,1.27125830497454,123,1,Low - Medium (10-20%),Africa,Sub-Saharan Africa
ARG,Argentina,2080,bau,bws,Dom,1.27095778229714,124,1,Low - Medium (10-20%),Americas,Latin America & Caribbean
NGA,Nigeria,2050,pes,bws,Dom,1.2690866651341,112,1,Low - Medium (10-20%),Africa,Sub-Saharan Africa
GTM,Guatemala,2050,bau,bws,Liv,1.26891182990604,101,1,Low - Medium (10-20%),Americas,Latin America & Caribbean
SRB,Serbia,2050,pes,bws,Tot,1.26879654835493,120,1,Low - Medium (10-20%),Europe,Europe & Central Asia
VEN,Venezuela,2050,opt,bws,Ind,1.268435787103,113,1,Low - Medium (10-20%),Americas,Latin America & Caribbean
MDA,Moldova,2050,pes,bws,Tot,1.26841571621379,121,1,Low - Medium (10-20%),Europe,Europe & Central Asia
SVK,Slovakia,2030,pes,bws,One,1.26791490894579,98,1,Low - Medium (10-20%),Europe,Europe & Central Asia
GEO,Georgia,2080,pes,bws,Dom,1.2665625504251,124,1,Low - Medium (10-20%),Asia,Europe & Central Asia
TGO,Togo,2080,bau,bws,Liv,1.26652297921989,112,1,Low - Medium (10-20%),Africa,Sub-Saharan Africa
SVK,Slovakia,2080,bau,bws,One,1.26649850842373,112,1,Low - Medium (10-20%),Europe,Europe & Central Asia
BLR,Belarus,2050,bau,bws,Dom,1.26634107292446,111,1,Low - Medium (10-20%),Europe,Europe & Central Asia
EST,Estonia,2050,opt,bws,Irr,1.26632093441584,115,1,Low - Medium (10-20%),Europe,Europe & Central Asia
UKR,Ukraine,2050,bau,bws,Liv,1.26601209623903,102,1,Low - Medium (10-20%),Europe,Europe & Central Asia
MMR,Myanmar,2050,pes,bws,Liv,1.26570714343265,102,1,Low - Medium (10-20%),Asia,East Asia & Pacific
CAN,Canada,2080,bau,bws,Dom,1.2655730908063,125,1,Low - Medium (10-20%),Americas,North America
ROU,Romania,2030,opt,bws,One,1.26556470137291,98,1,Low - Medium (10-20%),Europe,Europe & Central Asia
UKR,Ukraine,2030,opt,bws,One,1.26519813164799,99,1,Low - Medium (10-20%),Europe,Europe & Central Asia
SWZ,Swaziland,2080,opt,bws,Tot,1.26509584302156,120,1,Low - Medium (10-20%),Africa,Sub-Saharan Africa
ROU,Romania,2050,pes,bws,One,1.26508913522812,100,1,Low - Medium (10-20%),Europe,Europe & Central Asia
BGR,Bulgaria,2080,bau,bws,Irr,1.26489632516702,127,1,Low - Medium (10-20%),Europe,Europe & Central Asia
MNE,Montenegro,2080,opt,bws,Irr,1.26420034795231,117,1,Low - Medium (10-20%),Europe,Europe & Central Asia
MLI,Mali,2080,bau,bws,Irr,1.26396845006035,128,1,Low - Medium (10-20%),Africa,Sub-Saharan Africa
CAN,Canada,2030,bau,bws,Ind,1.26354330383115,109,1,Low - Medium (10-20%),Americas,North America
SDN,Sudan,2080,bau,bws,Irr,1.2632934974144,129,1,Low - Medium (10-20%),Africa,Sub-Saharan Africa
SWE,Sweden,2030,bau,bws,Irr,1.26239713318821,115,1,Low - Medium (10-20%),Europe,Europe & Central Asia
ROU,Romania,2080,bau,bws,Tot,1.26188428653615,136,1,Low - Medium (10-20%),Europe,Europe & Central Asia
SSD,South Sudan,2080,opt,bws,One,1.26170325074178,102,1,Low - Medium (10-20%),Africa,Sub-Saharan Africa
MDA,Moldova,2030,pes,bws,Ind,1.26078143440844,112,1,Low - Medium (10-20%),Europe,Europe & Central Asia
UKR,Ukraine,2030,pes,bws,One,1.26030635371098,99,1,Low - Medium (10-20%),Europe,Europe & Central Asia
SOM,Somalia,2050,bau,bws,Irr,1.26027291189875,120,1,Low - Medium (10-20%),Africa,Sub-Saharan Africa
MOZ,Mozambique,2080,opt,bws,Irr,1.25995717930071,118,1,Low - Medium (10-20%),Africa,Sub-Saharan Africa
ETH,Ethiopia,2030,opt,bws,Tot,1.25965565269185,116,1,Low - Medium (10-20%),Africa,Sub-Saharan Africa
GEO,Georgia,2050,opt,bws,Irr,1.25954852108916,116,1,Low - Medium (10-20%),Asia,Europe & Central Asia
ROU,Romania,2080,bau,bws,One,1.25918812601415,113,1,Low - Medium (10-20%),Europe,Europe & Central Asia
ROU,Romania,2030,bau,bws,Tot,1.25798846306328,112,1,Low - Medium (10-20%),Europe,Europe & Central Asia
GHA,Ghana,2080,opt,bws,Irr,1.257702481576,119,1,Low - Medium (10-20%),Africa,Sub-Saharan Africa
FIN,Finland,2080,bau,bws,Irr,1.25696751498428,130,1,Low - Medium (10-20%),Europe,Europe & Central Asia
EST,Estonia,2030,pes,bws,Irr,1.25693068700614,117,1,Low - Medium (10-20%),Europe,Europe & Central Asia
SSD,South Sudan,2080,pes,bws,Dom,1.25614980983922,125,1,Low - Medium (10-20%),Africa,Sub-Saharan Africa
SSD,South Sudan,2050,pes,bws,Irr,1.25430980664536,119,1,Low - Medium (10-20%),Africa,Sub-Saharan Africa
URY,Uruguay,2050,bau,bws,Liv,1.25405966578687,103,1,Low - Medium (10-20%),Americas,Latin America & Caribbean
BLR,Belarus,2050,bau,bws,Ind,1.25383040663597,113,1,Low - Medium (10-20%),Europe,Europe & Central Asia
BRA,Brazil,2030,pes,bws,Tot,1.25376190197985,117,1,Low - Medium (10-20%),Americas,Latin America & Caribbean
SRB,Serbia,2030,pes,bws,Ind,1.25373432553769,113,1,Low - Medium (10-20%),Europe,Europe & Central Asia
BFA,Burkina Faso,2030,opt,bws,Irr,1.25324024301053,115,1,Low - Medium (10-20%),Africa,Sub-Saharan Africa
ZMB,Zambia,2050,bau,bws,Tot,1.2531471973877,119,1,Low - Medium (10-20%),Africa,Sub-Saharan Africa
EST,Estonia,2080,bau,bws,Irr,1.25240611636036,131,1,Low - Medium (10-20%),Europe,Europe & Central Asia
MDA,Moldova,2050,opt,bws,Ind,1.2520492665505,114,1,Low - Medium (10-20%),Europe,Europe & Central Asia
LTU,Lithuania,2050,bau,bws,Liv,1.25077043998513,104,1,Low - Medium (10-20%),Europe,Europe & Central Asia
TCD,Chad,2080,opt,bws,Tot,1.24975935476478,121,1,Low - Medium (10-20%),Africa,Sub-Saharan Africa
KHM,Cambodia,2030,pes,bws,Liv,1.24914190126814,99,1,Low - Medium (10-20%),Asia,East Asia & Pacific
RWA,Rwanda,2080,opt,bws,One,1.24893628760789,103,1,Low - Medium (10-20%),Africa,Sub-Saharan Africa
MDA,Moldova,2080,opt,bws,One,1.24880191575592,104,1,Low - Medium (10-20%),Europe,Europe & Central Asia
RUS,Russia,2080,opt,bws,Tot,1.24644940764734,122,1,Low - Medium (10-20%),Europe,Europe & Central Asia
SRB,Serbia,2050,opt,bws,Ind,1.24574950106299,115,1,Low - Medium (10-20%),Europe,Europe & Central Asia
BLR,Belarus,2050,bau,bws,Tot,1.24557600173912,120,1,Low - Medium (10-20%),Europe,Europe & Central Asia
CUB,Cuba,2030,bau,bws,One,1.24443675889905,97,1,Low - Medium (10-20%),Americas,Latin America & Caribbean
GEO,Georgia,2080,bau,bws,Dom,1.24390627584612,127,1,Low - Medium (10-20%),Asia,Europe & Central Asia
SWZ,Swaziland,2050,opt,bws,Liv,1.24364134620911,102,1,Low - Medium (10-20%),Africa,Sub-Saharan Africa
MMR,Myanmar,2080,pes,bws,Liv,1.24334350898639,110,1,Low - Medium (10-20%),Asia,East Asia & Pacific
SWE,Sweden,2050,pes,bws,Liv,1.24325956000262,103,1,Low - Medium (10-20%),Europe,Europe & Central Asia
RUS,Russia,2080,bau,bws,Liv,1.24284309560342,113,1,Low - Medium (10-20%),Europe,Europe & Central Asia
SSD,South Sudan,2080,pes,bws,Tot,1.24255091938153,135,1,Low - Medium (10-20%),Africa,Sub-Saharan Africa
PAN,Panama,2050,pes,bws,Irr,1.24143895904876,120,1,Low - Medium (10-20%),Americas,Latin America & Caribbean
BRA,Brazil,2080,pes,bws,Tot,1.24102941222749,136,1,Low - Medium (10-20%),Americas,Latin America & Caribbean
SWE,Sweden,2030,pes,bws,Dom,1.24069803787319,109,1,Low - Medium (10-20%),Europe,Europe & Central Asia
PAN,Panama,2080,pes,bws,Ind,1.24013692372533,125,1,Low - Medium (10-20%),Americas,Latin America & Caribbean
GHA,Ghana,2080,opt,bws,Dom,1.24007352850969,115,1,Low - Medium (10-20%),Africa,Sub-Saharan Africa
BRA,Brazil,2050,bau,bws,Tot,1.2400665276919,121,1,Low - Medium (10-20%),Americas,Latin America & Caribbean
ETH,Ethiopia,2030,bau,bws,Tot,1.2397681710345,113,1,Low - Medium (10-20%),Africa,Sub-Saharan Africa
BDI,Burundi,2080,opt,bws,One,1.23954350151508,105,1,Low - Medium (10-20%),Africa,Sub-Saharan Africa
RUS,Russia,2030,bau,bws,Ind,1.23848663917407,110,1,Low - Medium (10-20%),Europe,Europe & Central Asia
URY,Uruguay,2050,pes,bws,Ind,1.23755200911126,116,1,Low - Medium (10-20%),Americas,Latin America & Caribbean
ETH,Ethiopia,2080,pes,bws,Dom,1.23701314408871,126,1,Low - Medium (10-20%),Africa,Sub-Saharan Africa
BRA,Brazil,2030,bau,bws,Dom,1.23668063245651,106,1,Low - Medium (10-20%),Americas,Latin America & Caribbean
ARG,Argentina,2050,opt,bws,Dom,1.23661233041552,113,1,Low - Medium (10-20%),Americas,Latin America & Caribbean
SDN,Sudan,2050,opt,bws,Irr,1.23622860209578,117,1,Low - Medium (10-20%),Africa,Sub-Saharan Africa
ZMB,Zambia,2050,bau,bws,Liv,1.23577895817405,105,1,Low - Medium (10-20%),Africa,Sub-Saharan Africa
CAN,Canada,2080,bau,bws,Tot,1.23475059239757,137,1,Low - Medium (10-20%),Americas,North America
GTM,Guatemala,2050,pes,bws,Dom,1.23448567231065,113,1,Low - Medium (10-20%),Americas,Latin America & Caribbean
ROU,Romania,2050,bau,bws,Tot,1.23371482212041,122,1,Low - Medium (10-20%),Europe,Europe & Central Asia
SRB,Serbia,2030,pes,bws,Tot,1.2334553638697,118,1,Low - Medium (10-20%),Europe,Europe & Central Asia
SRB,Serbia,2030,bau,bws,Ind,1.23238047866815,111,1,Low - Medium (10-20%),Europe,Europe & Central Asia
GNB,Guinea-Bissau,2080,bau,bws,Irr,1.23233487055031,132,1,Low - Medium (10-20%),Africa,Sub-Saharan Africa
BRA,Brazil,2030,bau,bws,Tot,1.23184132861336,114,1,Low - Medium (10-20%),Americas,Latin America & Caribbean
URY,Uruguay,2080,opt,bws,Ind,1.23144329945072,116,1,Low - Medium (10-20%),Americas,Latin America & Caribbean
NGA,Nigeria,2080,opt,bws,Ind,1.23109225011699,117,1,Low - Medium (10-20%),Africa,Sub-Saharan Africa
MDA,Moldova,2030,opt,bws,One,1.23041939313403,100,1,Low - Medium (10-20%),Europe,Europe & Central Asia
MMR,Myanmar,2030,bau,bws,Liv,1.23020166006569,97,1,Low - Medium (10-20%),Asia,East Asia & Pacific
GTM,Guatemala,2050,opt,bws,Ind,1.23018716239212,116,1,Low - Medium (10-20%),Americas,Latin America & Caribbean
ZMB,Zambia,2080,opt,bws,Liv,1.22940459585545,103,1,Low - Medium (10-20%),Africa,Sub-Saharan Africa
COD,Democratic Republic of the Congo,2080,bau,bws,Irr,1.22918200841948,133,1,Low - Medium (10-20%),Africa,Sub-Saharan Africa
MWI,Malawi,2080,pes,bws,Tot,1.22890501145589,137,1,Low - Medium (10-20%),Africa,Sub-Saharan Africa
KEN,Kenya,2050,pes,bws,Liv,1.22836684900708,104,1,Low - Medium (10-20%),Africa,Sub-Saharan Africa
MDA,Moldova,2080,opt,bws,Ind,1.22772561951138,118,1,Low - Medium (10-20%),Europe,Europe & Central Asia
EST,Estonia,2050,bau,bws,Tot,1.22528058800227,123,1,Low - Medium (10-20%),Europe,Europe & Central Asia
MDA,Moldova,2050,bau,bws,Ind,1.22458559572776,114,1,Low - Medium (10-20%),Europe,Europe & Central Asia
BRA,Brazil,2050,opt,bws,Dom,1.22405277416041,114,1,Low - Medium (10-20%),Americas,Latin America & Caribbean
ROU,Romania,2030,pes,bws,One,1.22344553143569,100,1,Low - Medium (10-20%),Europe,Europe & Central Asia
MDA,Moldova,2080,bau,bws,Liv,1.22266554080568,114,1,Low - Medium (10-20%),Europe,Europe & Central Asia
GHA,Ghana,2080,bau,bws,Liv,1.2224197052269,115,1,Low - Medium (10-20%),Africa,Sub-Saharan Africa
SRB,Serbia,2050,opt,bws,Tot,1.22217546365043,120,1,Low - Medium (10-20%),Europe,Europe & Central Asia
UKR,Ukraine,2050,bau,bws,One,1.22022238434972,102,1,Low - Medium (10-20%),Europe,Europe & Central Asia
TGO,Togo,2080,bau,bws,Tot,1.21997095366265,138,1,Low - Medium (10-20%),Africa,Sub-Saharan Africa
CRI,Costa Rica,2080,pes,bws,Dom,1.21990031233002,127,1,Low - Medium (10-20%),Americas,Latin America & Caribbean
SWZ,Swaziland,2080,bau,bws,One,1.2198455956482,114,1,Low - Medium (10-20%),Africa,Sub-Saharan Africa
MLI,Mali,2080,opt,bws,Tot,1.21981462439407,123,1,Low - Medium (10-20%),Africa,Sub-Saharan Africa
SDN,Sudan,2030,pes,bws,Ind,1.21902644210882,114,1,Low - Medium (10-20%),Africa,Sub-Saharan Africa
MDA,Moldova,2050,opt,bws,One,1.21764669567106,100,1,Low - Medium (10-20%),Europe,Europe & Central Asia
MWI,Malawi,2080,pes,bws,One,1.21714978924622,110,1,Low - Medium (10-20%),Africa,Sub-Saharan Africa
MNE,Montenegro,2050,bau,bws,Irr,1.21621497488286,121,1,Low - Medium (10-20%),Europe,Europe & Central Asia
MDA,Moldova,2050,pes,bws,Ind,1.21520483238723,117,1,Low - Medium (10-20%),Europe,Europe & Central Asia
NLD,Netherlands,2030,opt,bws,One,1.21501199296703,101,1,Low - Medium (10-20%),Europe,Europe & Central Asia
MLI,Mali,2080,pes,bws,Irr,1.21436674779831,129,1,Low - Medium (10-20%),Africa,Sub-Saharan Africa
GMB,Gambia,2080,pes,bws,Ind,1.21429936703291,127,1,Low - Medium (10-20%),Africa,Sub-Saharan Africa
EST,Estonia,2050,bau,bws,Ind,1.21402884465802,115,1,Low - Medium (10-20%),Europe,Europe & Central Asia
NGA,Nigeria,2080,bau,bws,Ind,1.21366963749519,128,1,Low - Medium (10-20%),Africa,Sub-Saharan Africa
MWI,Malawi,2080,opt,bws,One,1.21325514329162,106,1,Low - Medium (10-20%),Africa,Sub-Saharan Africa
DNK,Denmark,2030,pes,bws,Irr,1.21308465196762,118,1,Low - Medium (10-20%),Europe,Europe & Central Asia
PAN,Panama,2080,opt,bws,Tot,1.21138520313179,124,1,Low - Medium (10-20%),Americas,Latin America & Caribbean
POL,Poland,2080,bau,bws,One,1.21115215984388,115,1,Low - Medium (10-20%),Europe,Europe & Central Asia
GEO,Georgia,2030,opt,bws,Tot,1.21090951117827,117,1,Low - Medium (10-20%),Asia,Europe & Central Asia
MNE,Montenegro,2080,pes,bws,Tot,1.21070843139222,138,1,Low - Medium (10-20%),Europe,Europe & Central Asia
SWZ,Swaziland,2030,opt,bws,Ind,1.21070029351796,113,1,Low - Medium (10-20%),Africa,Sub-Saharan Africa
ZMB,Zambia,2030,opt,bws,Tot,1.20775341508276,118,1,Low - Medium (10-20%),Africa,Sub-Saharan Africa
SWE,Sweden,2080,bau,bws,Irr,1.2074712409077,134,1,Low - Medium (10-20%),Europe,Europe & Central Asia
SRB,Serbia,2030,bau,bws,Tot,1.2072464091386,115,1,Low - Medium (10-20%),Europe,Europe & Central Asia
MLI,Mali,2050,pes,bws,Tot,1.20717692177485,122,1,Low - Medium (10-20%),Africa,Sub-Saharan Africa
GMB,Gambia,2080,pes,bws,Dom,1.20685706929273,129,1,Low - Medium (10-20%),Africa,Sub-Saharan Africa
PAN,Panama,2050,bau,bws,Tot,1.20676020157471,124,1,Low - Medium (10-20%),Americas,Latin America & Caribbean
COD,Democratic Republic of the Congo,2030,opt,bws,Irr,1.20618587824922,116,1,Low - Medium (10-20%),Africa,Sub-Saharan Africa
TCD,Chad,2030,bau,bws,Liv,1.20561970308365,98,1,Low - Medium (10-20%),Africa,Sub-Saharan Africa
PAN,Panama,2080,opt,bws,Dom,1.20538160744241,116,1,Low - Medium (10-20%),Americas,Latin America & Caribbean
MDA,Moldova,2030,pes,bws,Liv,1.20453163062706,100,1,Low - Medium (10-20%),Europe,Europe & Central Asia
MMR,Myanmar,2030,bau,bws,One,1.20434710563271,98,1,Low - Medium (10-20%),Asia,East Asia & Pacific
GEO,Georgia,2050,bau,bws,Tot,1.20336209952664,125,1,Low - Medium (10-20%),Asia,Europe & Central Asia
RWA,Rwanda,2080,opt,bws,Irr,1.20327498074347,120,1,Low - Medium (10-20%),Africa,Sub-Saharan Africa
SSD,South Sudan,2030,pes,bws,One,1.20206870403825,101,1,Low - Medium (10-20%),Africa,Sub-Saharan Africa
KEN,Kenya,2050,opt,bws,Liv,1.20078603538131,103,1,Low - Medium (10-20%),Africa,Sub-Saharan Africa
MDA,Moldova,2050,bau,bws,Liv,1.19995092415476,106,1,Low - Medium (10-20%),Europe,Europe & Central Asia
SDN,Sudan,2030,opt,bws,Irr,1.19980595579818,117,1,Low - Medium (10-20%),Africa,Sub-Saharan Africa
BRA,Brazil,2050,opt,bws,Tot,1.19960976228338,121,1,Low - Medium (10-20%),Americas,Latin America & Caribbean
RUS,Russia,2030,pes,bws,Liv,1.19851045098743,101,1,Low - Medium (10-20%),Europe,Europe & Central Asia
PAN,Panama,2050,bau,bws,Dom,1.19800885459643,112,1,Low - Medium (10-20%),Americas,Latin America & Caribbean
BDI,Burundi,2080,bau,bws,Tot,1.19671068398699,139,1,Low - Medium (10-20%),Africa,Sub-Saharan Africa
SWZ,Swaziland,2030,bau,bws,Liv,1.19669402772282,99,1,Low - Medium (10-20%),Africa,Sub-Saharan Africa
UKR,Ukraine,2030,bau,bws,Liv,1.19599307089352,100,1,Low - Medium (10-20%),Europe,Europe & Central Asia
SWZ,Swaziland,2080,pes,bws,One,1.19590951580047,111,1,Low - Medium (10-20%),Africa,Sub-Saharan Africa
BTN,Bhutan,2080,opt,bws,Dom,1.19586319895574,117,1,Low - Medium (10-20%),Asia,South Asia
BDI,Burundi,2080,pes,bws,One,1.19551594137612,112,1,Low - Medium (10-20%),Africa,Sub-Saharan Africa
ROU,Romania,2050,bau,bws,One,1.195378307343,103,1,Low - Medium (10-20%),Europe,Europe & Central Asia
CRI,Costa Rica,2080,pes,bws,Tot,1.19513544222866,139,1,Low - Medium (10-20%),Americas,Latin America & Caribbean
ARG,Argentina,2030,pes,bws,Dom,1.1942831230626,110,1,Low - Medium (10-20%),Americas,Latin America & Caribbean
ROU,Romania,2080,pes,bws,Irr,1.194096815875,130,1,Low - Medium (10-20%),Europe,Europe & Central Asia
ARG,Argentina,2050,pes,bws,Dom,1.19399991592742,114,1,Low - Medium (10-20%),Americas,Latin America & Caribbean
MDA,Moldova,2080,bau,bws,Ind,1.19387571909264,129,1,Low - Medium (10-20%),Europe,Europe & Central Asia
MDA,Moldova,2030,opt,bws,Dom,1.19346464292101,108,1,Low - Medium (10-20%),Europe,Europe & Central Asia
NLD,Netherlands,2050,bau,bws,One,1.19328512790277,104,1,Low - Medium (10-20%),Europe,Europe & Central Asia
TCD,Chad,2080,bau,bws,Tot,1.19325177658066,140,1,Low - Medium (10-20%),Africa,Sub-Saharan Africa
UGA,Uganda,2050,bau,bws,Irr,1.19306696041128,122,1,Low - Medium (10-20%),Africa,Sub-Saharan Africa
MDA,Moldova,2050,pes,bws,Liv,1.19301665276299,105,1,Low - Medium (10-20%),Europe,Europe & Central Asia
SRB,Serbia,2080,opt,bws,Dom,1.19270492712103,118,1,Low - Medium (10-20%),Europe,Europe & Central Asia
FIN,Finland,2080,bau,bws,Tot,1.19250367386022,141,1,Low - Medium (10-20%),Europe,Europe & Central Asia
TGO,Togo,2050,opt,bws,Ind,1.19166468415449,117,1,Low - Medium (10-20%),Africa,Sub-Saharan Africa
LIE,Liechtenstein,2080,pes,bws,Tot,1.19039872133984,140,1,Low - Medium (10-20%),Europe,Europe & Central Asia
LIE,Liechtenstein,2080,pes,bws,One,1.19039872133984,113,1,Low - Medium (10-20%),Europe,Europe & Central Asia
LIE,Liechtenstein,2080,pes,bws,Liv,1.19039872133984,111,1,Low - Medium (10-20%),Europe,Europe & Central Asia
LIE,Liechtenstein,2080,pes,bws,Ind,1.19039872133984,128,1,Low - Medium (10-20%),Europe,Europe & Central Asia
LIE,Liechtenstein,2080,pes,bws,Dom,1.19039872133984,130,1,Low - Medium (10-20%),Europe,Europe & Central Asia
MMR,Myanmar,2030,opt,bws,Liv,1.18967514836502,103,1,Low - Medium (10-20%),Asia,East Asia & Pacific
GEO,Georgia,2030,bau,bws,Dom,1.18927802660364,107,1,Low - Medium (10-20%),Asia,Europe & Central Asia
SDN,Sudan,2050,pes,bws,Irr,1.1890155099491,121,1,Low - Medium (10-20%),Africa,Sub-Saharan Africa
GTM,Guatemala,2030,opt,bws,Irr,1.18878075657725,118,1,Low - Medium (10-20%),Americas,Latin America & Caribbean
PAN,Panama,2030,opt,bws,Irr,1.18809541039693,119,1,Low - Medium (10-20%),Americas,Latin America & Caribbean
TZA,Tanzania,2080,bau,bws,One,1.18802360037501,116,1,Low - Medium (10-20%),Africa,Sub-Saharan Africa
BRA,Brazil,2030,opt,bws,Tot,1.18769705791637,119,1,Low - Medium (10-20%),Americas,Latin America & Caribbean
MNE,Montenegro,2080,pes,bws,Ind,1.18737965379282,129,1,Low - Medium (10-20%),Europe,Europe & Central Asia
BRA,Brazil,2030,pes,bws,Dom,1.18716427591543,111,1,Low - Medium (10-20%),Americas,Latin America & Caribbean
MWI,Malawi,2080,opt,bws,Tot,1.18710776122019,125,1,Low - Medium (10-20%),Africa,Sub-Saharan Africa
DNK,Denmark,2080,opt,bws,Dom,1.18698653758406,119,1,Low - Medium (10-20%),Europe,Europe & Central Asia
TCD,Chad,2050,opt,bws,Liv,1.18632748291063,104,1,Low - Medium (10-20%),Africa,Sub-Saharan Africa
MMR,Myanmar,2050,opt,bws,Liv,1.18619062249666,105,1,Low - Medium (10-20%),Asia,East Asia & Pacific
NGA,Nigeria,2030,opt,bws,Liv,1.18602973611285,104,1,Low - Medium (10-20%),Africa,Sub-Saharan Africa
DEU,Germany,2080,bau,bws,Irr,1.1854846861922,135,1,Low - Medium (10-20%),Europe,Europe & Central Asia
MMR,Myanmar,2080,opt,bws,Liv,1.18539535095625,104,1,Low - Medium (10-20%),Asia,East Asia & Pacific
MDA,Moldova,2030,bau,bws,Tot,1.18514481578209,116,1,Low - Medium (10-20%),Europe,Europe & Central Asia
ZMB,Zambia,2050,pes,bws,Liv,1.18510509254275,106,1,Low - Medium (10-20%),Africa,Sub-Saharan Africa
MOZ,Mozambique,2080,pes,bws,Ind,1.18475583690876,130,1,Low - Medium (10-20%),Africa,Sub-Saharan Africa
TCD,Chad,2050,pes,bws,Irr,1.18462489001311,122,1,Low - Medium (10-20%),Africa,Sub-Saharan Africa
ROU,Romania,2030,bau,bws,One,1.18402930046795,99,1,Low - Medium (10-20%),Europe,Europe & Central Asia
RUS,Russia,2050,pes,bws,Liv,1.18391957962022,107,1,Low - Medium (10-20%),Europe,Europe & Central Asia
GNB,Guinea-Bissau,2080,bau,bws,Tot,1.18360516844646,142,1,Low - Medium (10-20%),Africa,Sub-Saharan Africa
MNE,Montenegro,2030,opt,bws,Irr,1.18354850841006,120,1,Low - Medium (10-20%),Europe,Europe & Central Asia
BLZ,Belize,2080,pes,bws,Liv,1.18347099864461,112,1,Low - Medium (10-20%),Americas,Latin America & Caribbean
GEO,Georgia,2050,pes,bws,Tot,1.18246847091195,123,1,Low - Medium (10-20%),Asia,Europe & Central Asia
SSD,South Sudan,2080,pes,bws,Irr,1.18196356581512,131,1,Low - Medium (10-20%),Africa,Sub-Saharan Africa
LIE,Liechtenstein,2050,pes,bws,Tot,1.18194011410727,124,1,Low - Medium (10-20%),Europe,Europe & Central Asia
LIE,Liechtenstein,2050,pes,bws,One,1.18194011410727,101,1,Low - Medium (10-20%),Europe,Europe & Central Asia
LIE,Liechtenstein,2050,pes,bws,Liv,1.18194011410727,108,1,Low - Medium (10-20%),Europe,Europe & Central Asia
LIE,Liechtenstein,2050,pes,bws,Ind,1.18194011410727,118,1,Low - Medium (10-20%),Europe,Europe & Central Asia
LIE,Liechtenstein,2050,pes,bws,Dom,1.18194011410727,115,1,Low - Medium (10-20%),Europe,Europe & Central Asia
LTU,Lithuania,2080,bau,bws,Liv,1.18155825863821,116,1,Low - Medium (10-20%),Europe,Europe & Central Asia
BTN,Bhutan,2080,pes,bws,Dom,1.18151969078881,131,1,Low - Medium (10-20%),Asia,South Asia
GEO,Georgia,2030,bau,bws,Tot,1.18139406776307,117,1,Low - Medium (10-20%),Asia,Europe & Central Asia
AGO,Angola,2080,bau,bws,Dom,1.17983066793757,128,1,Low - Medium (10-20%),Africa,Sub-Saharan Africa
CAN,Canada,2080,bau,bws,Ind,1.17904762693936,130,1,Low - Medium (10-20%),Americas,North America
RUS,Russia,2050,opt,bws,Liv,1.17891044827611,106,1,Low - Medium (10-20%),Europe,Europe & Central Asia
MYS,Malaysia,2050,bau,bws,Tot,1.17784589093741,126,1,Low - Medium (10-20%),Asia,East Asia & Pacific
MOZ,Mozambique,2080,pes,bws,Liv,1.17659841186825,113,1,Low - Medium (10-20%),Africa,Sub-Saharan Africa
BGR,Bulgaria,2050,opt,bws,Irr,1.17613551243654,118,1,Low - Medium (10-20%),Europe,Europe & Central Asia
GHA,Ghana,2050,bau,bws,Ind,1.17559739948469,116,1,Low - Medium (10-20%),Africa,Sub-Saharan Africa
MYS,Malaysia,2050,pes,bws,Tot,1.17486808011499,125,1,Low - Medium (10-20%),Asia,East Asia & Pacific
GMB,Gambia,2050,pes,bws,One,1.17420754048019,102,1,Low - Medium (10-20%),Africa,Sub-Saharan Africa
GEO,Georgia,2030,opt,bws,Dom,1.17336766120736,109,1,Low - Medium (10-20%),Asia,Europe & Central Asia
GTM,Guatemala,2080,opt,bws,Tot,1.1722651526425,126,1,Low - Medium (10-20%),Americas,Latin America & Caribbean
MNE,Montenegro,2080,bau,bws,Irr,1.17225163909174,136,1,Low - Medium (10-20%),Europe,Europe & Central Asia
NIC,Nicaragua,2080,bau,bws,Irr,1.17166454592737,137,1,Low - Medium (10-20%),Americas,Latin America & Caribbean
TCD,Chad,2050,pes,bws,Liv,1.17135868584084,109,1,Low - Medium (10-20%),Africa,Sub-Saharan Africa
SWZ,Swaziland,2030,opt,bws,Tot,1.1711511705494,120,1,Low - Medium (10-20%),Africa,Sub-Saharan Africa
GHA,Ghana,2050,bau,bws,Irr,1.16813694986543,123,1,Low - Medium (10-20%),Africa,Sub-Saharan Africa
MDA,Moldova,2080,bau,bws,One,1.16799098294136,117,1,Low - Medium (10-20%),Europe,Europe & Central Asia
SWZ,Swaziland,2030,opt,bws,Irr,1.16792588736727,121,1,Low - Medium (10-20%),Africa,Sub-Saharan Africa
RWA,Rwanda,2080,pes,bws,Irr,1.16791258149905,132,1,Low - Medium (10-20%),Africa,Sub-Saharan Africa
SRB,Serbia,2080,bau,bws,Dom,1.16679441376217,129,1,Low - Medium (10-20%),Europe,Europe & Central Asia
NGA,Nigeria,2050,pes,bws,One,1.16635762771643,103,1,Low - Medium (10-20%),Africa,Sub-Saharan Africa
FIN,Finland,2030,bau,bws,Irr,1.16611874197926,116,1,Low - Medium (10-20%),Europe,Europe & Central Asia
GTM,Guatemala,2080,opt,bws,Irr,1.16571248967461,121,1,Low - Medium (10-20%),Americas,Latin America & Caribbean
SSD,South Sudan,2080,pes,bws,Liv,1.16512322018216,114,1,Low - Medium (10-20%),Africa,Sub-Saharan Africa
FIN,Finland,2080,bau,bws,Ind,1.16483328881213,131,1,Low - Medium (10-20%),Europe,Europe & Central Asia
GEO,Georgia,2050,bau,bws,Dom,1.16415536386745,113,1,Low - Medium (10-20%),Asia,Europe & Central Asia
SDN,Sudan,2030,bau,bws,Irr,1.16414545700252,117,1,Low - Medium (10-20%),Africa,Sub-Saharan Africa
PAN,Panama,2050,bau,bws,Ind,1.16397140313484,117,1,Low - Medium (10-20%),Americas,Latin America & Caribbean
ARG,Argentina,2080,opt,bws,Dom,1.16324274496847,120,1,Low - Medium (10-20%),Americas,Latin America & Caribbean
RWA,Rwanda,2080,pes,bws,One,1.16309445393858,114,1,Low - Medium (10-20%),Africa,Sub-Saharan Africa
GNB,Guinea-Bissau,2080,bau,bws,Dom,1.16268661723411,130,1,Low - Medium (10-20%),Africa,Sub-Saharan Africa
EST,Estonia,2080,pes,bws,Liv,1.1613780140854,115,1,Low - Medium (10-20%),Europe,Europe & Central Asia
SWE,Sweden,2080,pes,bws,Ind,1.16015382476159,131,1,Low - Medium (10-20%),Europe,Europe & Central Asia
SDN,Sudan,2050,bau,bws,Ind,1.16014291463441,118,1,Low - Medium (10-20%),Africa,Sub-Saharan Africa
GEO,Georgia,2080,opt,bws,Irr,1.16005514378306,122,1,Low - Medium (10-20%),Asia,Europe & Central Asia
TCD,Chad,2030,pes,bws,Liv,1.15936868676743,102,1,Low - Medium (10-20%),Africa,Sub-Saharan Africa
MMR,Myanmar,2050,pes,bws,One,1.15870483286176,104,1,Low - Medium (10-20%),Asia,East Asia & Pacific
GMB,Gambia,2050,bau,bws,One,1.15839970237339,105,1,Low - Medium (10-20%),Africa,Sub-Saharan Africa
SRB,Serbia,2050,pes,bws,Dom,1.15773913392515,116,1,Low - Medium (10-20%),Europe,Europe & Central Asia
BRA,Brazil,2080,bau,bws,Ind,1.15727736310386,132,1,Low - Medium (10-20%),Americas,Latin America & Caribbean
ZMB,Zambia,2080,pes,bws,Tot,1.15697181698943,141,1,Low - Medium (10-20%),Africa,Sub-Saharan Africa
SRB,Serbia,2050,bau,bws,Dom,1.15655951637262,114,1,Low - Medium (10-20%),Europe,Europe & Central Asia
UGA,Uganda,2080,bau,bws,Liv,1.15619223565615,117,1,Low - Medium (10-20%),Africa,Sub-Saharan Africa
BTN,Bhutan,2080,bau,bws,Dom,1.15588083860347,131,1,Low - Medium (10-20%),Asia,South Asia
BRA,Brazil,2080,opt,bws,Tot,1.15576898101034,127,1,Low - Medium (10-20%),Americas,Latin America & Caribbean
MYS,Malaysia,2080,opt,bws,Tot,1.15504514185161,128,1,Low - Medium (10-20%),Asia,East Asia & Pacific
BTN,Bhutan,2080,opt,bws,Tot,1.15456098610461,129,1,Low - Medium (10-20%),Asia,South Asia
MDA,Moldova,2030,pes,bws,One,1.15448019087516,102,1,Low - Medium (10-20%),Europe,Europe & Central Asia
EST,Estonia,2050,opt,bws,Liv,1.15299684118946,107,1,Low - Medium (10-20%),Europe,Europe & Central Asia
SWZ,Swaziland,2080,opt,bws,Irr,1.15263631226563,123,1,Low - Medium (10-20%),Africa,Sub-Saharan Africa
URY,Uruguay,2030,pes,bws,Liv,1.15240861056211,103,1,Low - Medium (10-20%),Americas,Latin America & Caribbean
SRB,Serbia,2030,opt,bws,Dom,1.15203414625626,110,1,Low - Medium (10-20%),Europe,Europe & Central Asia
MDA,Moldova,2050,bau,bws,One,1.15112472478242,106,1,Low - Medium (10-20%),Europe,Europe & Central Asia
BRA,Brazil,2030,opt,bws,Dom,1.15112241148596,111,1,Low - Medium (10-20%),Americas,Latin America & Caribbean
MDA,Moldova,2030,pes,bws,Dom,1.15007483980294,112,1,Low - Medium (10-20%),Europe,Europe & Central Asia
MMR,Myanmar,2030,pes,bws,Liv,1.1500623493377,104,1,Low - Medium (10-20%),Asia,East Asia & Pacific
GTM,Guatemala,2050,opt,bws,Irr,1.14935004626586,119,1,Low - Medium (10-20%),Americas,Latin America & Caribbean
SWZ,Swaziland,2030,opt,bws,Dom,1.14908836925928,112,1,Low - Medium (10-20%),Africa,Sub-Saharan Africa
RUS,Russia,2080,opt,bws,Ind,1.14879885657412,119,1,Low - Medium (10-20%),Europe,Europe & Central Asia
MDA,Moldova,2030,bau,bws,Liv,1.14869751573902,101,1,Low - Medium (10-20%),Europe,Europe & Central Asia
ZMB,Zambia,2050,pes,bws,Tot,1.14829867618845,126,1,Low - Medium (10-20%),Africa,Sub-Saharan Africa
TGO,Togo,2080,bau,bws,Dom,1.14765484980146,132,1,Low - Medium (10-20%),Africa,Sub-Saharan Africa
SSD,South Sudan,2030,pes,bws,Irr,1.14696094907631,119,1,Low - Medium (10-20%),Africa,Sub-Saharan Africa
DNK,Denmark,2080,opt,bws,Tot,1.14674957171538,130,1,Low - Medium (10-20%),Europe,Europe & Central Asia
BGR,Bulgaria,2080,opt,bws,Irr,1.14645550104907,124,1,Low - Medium (10-20%),Europe,Europe & Central Asia
UKR,Ukraine,2030,bau,bws,One,1.14558051483942,100,1,Low - Medium (10-20%),Europe,Europe & Central Asia
KEN,Kenya,2050,pes,bws,One,1.1454796470874,105,1,Low - Medium (10-20%),Africa,Sub-Saharan Africa
GTM,Guatemala,2050,opt,bws,Tot,1.14540161389787,122,1,Low - Medium (10-20%),Americas,Latin America & Caribbean
GEO,Georgia,2050,pes,bws,Dom,1.14466443966388,117,1,Low - Medium (10-20%),Asia,Europe & Central Asia
PAN,Panama,2050,pes,bws,Dom,1.1443194107518,118,1,Low - Medium (10-20%),Americas,Latin America & Caribbean
MDA,Moldova,2050,opt,bws,Dom,1.14429120663612,115,1,Low - Medium (10-20%),Europe,Europe & Central Asia
PAN,Panama,2030,bau,bws,Irr,1.14382204219395,118,1,Low - Medium (10-20%),Americas,Latin America & Caribbean
DNK,Denmark,2050,opt,bws,Liv,1.14376046875233,108,1,Low - Medium (10-20%),Europe,Europe & Central Asia
RWA,Rwanda,2080,bau,bws,Irr,1.14350693626031,138,1,Low - Medium (10-20%),Africa,Sub-Saharan Africa
SWE,Sweden,2050,bau,bws,Dom,1.14335276834058,115,1,Low - Medium (10-20%),Europe,Europe & Central Asia
NGA,Nigeria,2080,pes,bws,Ind,1.14332753315283,132,1,Low - Medium (10-20%),Africa,Sub-Saharan Africa
ZMB,Zambia,2080,pes,bws,One,1.14313308488066,115,1,Low - Medium (10-20%),Africa,Sub-Saharan Africa
MDG,Madagascar,2080,opt,bws,Liv,1.14301508598555,105,1,Low - Medium (10-20%),Africa,Sub-Saharan Africa
GTM,Guatemala,2050,pes,bws,One,1.14252831646571,106,1,Low - Medium (10-20%),Americas,Latin America & Caribbean
GTM,Guatemala,2050,pes,bws,Liv,1.14234237173411,110,1,Low - Medium (10-20%),Americas,Latin America & Caribbean
LTU,Lithuania,2050,opt,bws,One,1.14222351064549,101,1,Low - Medium (10-20%),Europe,Europe & Central Asia
MDA,Moldova,2050,pes,bws,One,1.14183564007738,107,1,Low - Medium (10-20%),Europe,Europe & Central Asia
PAN,Panama,2050,pes,bws,Tot,1.14069865380114,127,1,Low - Medium (10-20%),Americas,Latin America & Caribbean
ZMB,Zambia,2030,bau,bws,Tot,1.1405727129049,118,1,Low - Medium (10-20%),Africa,Sub-Saharan Africa
ARG,Argentina,2030,opt,bws,Dom,1.13948713110111,113,1,Low - Medium (10-20%),Americas,Latin America & Caribbean
PAN,Panama,2080,opt,bws,Ind,1.13878443334881,120,1,Low - Medium (10-20%),Americas,Latin America & Caribbean
ETH,Ethiopia,2080,bau,bws,Dom,1.1379770878527,133,1,Low - Medium (10-20%),Africa,Sub-Saharan Africa
MDA,Moldova,2030,bau,bws,Ind,1.13781900477026,112,1,Low - Medium (10-20%),Europe,Europe & Central Asia
MMR,Myanmar,2080,pes,bws,One,1.13574682429069,116,1,Low - Medium (10-20%),Asia,East Asia & Pacific
FIN,Finland,2030,opt,bws,Irr,1.13559317985557,122,1,Low - Medium (10-20%),Europe,Europe & Central Asia
SDN,Sudan,2050,bau,bws,Irr,1.13446040505029,124,1,Low - Medium (10-20%),Africa,Sub-Saharan Africa
ARG,Argentina,2030,bau,bws,Dom,1.13342710416605,108,1,Low - Medium (10-20%),Americas,Latin America & Caribbean
MDG,Madagascar,2080,opt,bws,Irr,1.13334225003417,126,1,Low - Medium (10-20%),Africa,Sub-Saharan Africa
URY,Uruguay,2030,pes,bws,One,1.1331473287281,103,1,Low - Medium (10-20%),Americas,Latin America & Caribbean
DNK,Denmark,2080,opt,bws,Ind,1.13179594484692,121,1,Low - Medium (10-20%),Europe,Europe & Central Asia
MYS,Malaysia,2050,opt,bws,Tot,1.12908062093002,123,1,Low - Medium (10-20%),Asia,East Asia & Pacific
ZMB,Zambia,2080,opt,bws,Tot,1.1285937330969,131,1,Low - Medium (10-20%),Africa,Sub-Saharan Africa
KEN,Kenya,2050,opt,bws,One,1.12705429834079,102,1,Low - Medium (10-20%),Africa,Sub-Saharan Africa
MDG,Madagascar,2080,opt,bws,Tot,1.12396044316925,132,1,Low - Medium (10-20%),Africa,Sub-Saharan Africa
SVN,Slovenia,2080,pes,bws,Ind,1.12370495917103,133,1,Low - Medium (10-20%),Europe,Europe & Central Asia
RUS,Russia,2030,opt,bws,Liv,1.1236600970522,105,1,Low - Medium (10-20%),Europe,Europe & Central Asia
ZMB,Zambia,2080,pes,bws,Liv,1.12299950274893,116,1,Low - Medium (10-20%),Africa,Sub-Saharan Africa
GEO,Georgia,2030,pes,bws,Tot,1.12217383749396,119,1,Low - Medium (10-20%),Asia,Europe & Central Asia
COD,Democratic Republic of the Congo,2050,bau,bws,Irr,1.12177103735723,125,1,Low - Medium (10-20%),Africa,Sub-Saharan Africa
ETH,Ethiopia,2080,opt,bws,Liv,1.12156306010656,106,1,Low - Medium (10-20%),Africa,Sub-Saharan Africa
MOZ,Mozambique,2080,bau,bws,Liv,1.12131461023581,118,1,Low - Medium (10-20%),Africa,Sub-Saharan Africa
SWE,Sweden,2050,opt,bws,Ind,1.12065574465067,118,1,Low - Medium (10-20%),Europe,Europe & Central Asia
ZMB,Zambia,2050,opt,bws,Liv,1.12013031814369,109,1,Low - Medium (10-20%),Africa,Sub-Saharan Africa
MDG,Madagascar,2050,opt,bws,Irr,1.11994620454688,120,1,Low - Medium (10-20%),Africa,Sub-Saharan Africa
ZMB,Zambia,2050,pes,bws,One,1.1192374386202,108,1,Low - Medium (10-20%),Africa,Sub-Saharan Africa
BRA,Brazil,2080,pes,bws,Ind,1.1190735173604,134,1,Low - Medium (10-20%),Americas,Latin America & Caribbean
MMR,Myanmar,2030,opt,bws,One,1.11893313916144,102,1,Low - Medium (10-20%),Asia,East Asia & Pacific
ZMB,Zambia,2050,opt,bws,Tot,1.11889727429846,124,1,Low - Medium (10-20%),Africa,Sub-Saharan Africa
SRB,Serbia,2030,pes,bws,Dom,1.11721267755876,113,1,Low - Medium (10-20%),Europe,Europe & Central Asia
DNK,Denmark,2080,opt,bws,Irr,1.11580294206909,127,1,Low - Medium (10-20%),Europe,Europe & Central Asia
COD,Democratic Republic of the Congo,2050,opt,bws,Irr,1.11504467863257,121,1,Low - Medium (10-20%),Africa,Sub-Saharan Africa
TZA,Tanzania,2030,pes,bws,Dom,1.11464014661398,114,1,Low - Medium (10-20%),Africa,Sub-Saharan Africa
MDG,Madagascar,2050,opt,bws,Liv,1.1144007482026,110,1,Low - Medium (10-20%),Africa,Sub-Saharan Africa
RUS,Russia,2050,bau,bws,Liv,1.11366170847516,107,1,Low - Medium (10-20%),Europe,Europe & Central Asia
MDA,Moldova,2050,bau,bws,Dom,1.11351554261448,116,1,Low - Medium (10-20%),Europe,Europe & Central Asia
FIN,Finland,2030,opt,bws,Dom,1.11303157924518,114,1,Low - Medium (10-20%),Europe,Europe & Central Asia
BLR,Belarus,2080,bau,bws,One,1.11241206885313,118,1,Low - Medium (10-20%),Europe,Europe & Central Asia
NGA,Nigeria,2030,pes,bws,Liv,1.11183459446757,105,1,Low - Medium (10-20%),Africa,Sub-Saharan Africa
ECU,Ecuador,2050,opt,bws,Tot,1.11157460340506,125,1,Low - Medium (10-20%),Americas,Latin America & Caribbean
MNE,Montenegro,2050,opt,bws,Irr,1.11028015534163,122,1,Low - Medium (10-20%),Europe,Europe & Central Asia
DNK,Denmark,2050,opt,bws,One,1.11022717196323,103,1,Low - Medium (10-20%),Europe,Europe & Central Asia
CUB,Cuba,2050,opt,bws,One,1.11013303892016,104,1,Low - Medium (10-20%),Americas,Latin America & Caribbean
ZMB,Zambia,2050,opt,bws,One,1.11004433984393,105,1,Low - Medium (10-20%),Africa,Sub-Saharan Africa
GEO,Georgia,2030,pes,bws,Dom,1.10983579176948,115,1,Low - Medium (10-20%),Asia,Europe & Central Asia
BTN,Bhutan,2030,opt,bws,Ind,1.10932517314138,114,1,Low - Medium (10-20%),Asia,South Asia
GEO,Georgia,2080,pes,bws,Ind,1.1091865874248,135,1,Low - Medium (10-20%),Asia,Europe & Central Asia
KHM,Cambodia,2030,opt,bws,One,1.1089251397174,103,1,Low - Medium (10-20%),Asia,East Asia & Pacific
MNE,Montenegro,2080,pes,bws,Liv,1.10887717512107,117,1,Low - Medium (10-20%),Europe,Europe & Central Asia
MDG,Madagascar,2050,pes,bws,Dom,1.10803320278386,119,1,Low - Medium (10-20%),Africa,Sub-Saharan Africa
FIN,Finland,2030,pes,bws,Tot,1.10792652330491,120,1,Low - Medium (10-20%),Europe,Europe & Central Asia
BDI,Burundi,2050,pes,bws,Dom,1.10713204237809,120,1,Low - Medium (10-20%),Africa,Sub-Saharan Africa
ZMB,Zambia,2080,opt,bws,One,1.10684380238234,107,1,Low - Medium (10-20%),Africa,Sub-Saharan Africa
PER,Peru,2050,bau,bws,Liv,1.10673390394081,108,1,Low - Medium (10-20%),Americas,Latin America & Caribbean
LTU,Lithuania,2030,opt,bws,One,1.1062847029349,104,1,Low - Medium (10-20%),Europe,Europe & Central Asia
KEN,Kenya,2080,opt,bws,Liv,1.1036439350775,107,1,Low - Medium (10-20%),Africa,Sub-Saharan Africa
KHM,Cambodia,2050,bau,bws,One,1.10353016656573,107,1,Low - Medium (10-20%),Asia,East Asia & Pacific
MDA,Moldova,2050,pes,bws,Dom,1.10332529829731,121,1,Low - Medium (10-20%),Europe,Europe & Central Asia
ECU,Ecuador,2050,pes,bws,Tot,1.10265082579659,128,1,Low - Medium (10-20%),Americas,Latin America & Caribbean
COD,Democratic Republic of the Congo,2030,bau,bws,Irr,1.10260370166776,119,1,Low - Medium (10-20%),Africa,Sub-Saharan Africa
VEN,Venezuela,2080,pes,bws,Liv,1.10258717098793,118,1,Low - Medium (10-20%),Americas,Latin America & Caribbean
LTU,Lithuania,2030,bau,bws,One,1.10209860174894,101,1,Low - Medium (10-20%),Europe,Europe & Central Asia
MDG,Madagascar,2080,opt,bws,Dom,1.10160429276446,121,1,Low - Medium (10-20%),Africa,Sub-Saharan Africa
MWI,Malawi,2080,pes,bws,Ind,1.10124216371041,136,1,Low - Medium (10-20%),Africa,Sub-Saharan Africa
MYS,Malaysia,2030,bau,bws,Tot,1.1011070279477,119,1,Low - Medium (10-20%),Asia,East Asia & Pacific
GTM,Guatemala,2030,opt,bws,Tot,1.10092855047874,121,1,Low - Medium (10-20%),Americas,Latin America & Caribbean
PER,Peru,2050,pes,bws,Liv,1.10057601742038,111,1,Low - Medium (10-20%),Americas,Latin America & Caribbean
NGA,Nigeria,2080,pes,bws,One,1.10040266863078,117,1,Low - Medium (10-20%),Africa,Sub-Saharan Africa
SWZ,Swaziland,2050,bau,bws,Ind,1.10022938153034,119,1,Low - Medium (10-20%),Africa,Sub-Saharan Africa
MOZ,Mozambique,2080,bau,bws,One,1.09981267968811,119,1,Low - Medium (10-20%),Africa,Sub-Saharan Africa
GEO,Georgia,2080,bau,bws,Ind,1.09887852704087,133,1,Low - Medium (10-20%),Asia,Europe & Central Asia
LAO,Laos,2050,bau,bws,Ind,1.09868898138207,120,1,Low - Medium (10-20%),Asia,East Asia & Pacific
MYS,Malaysia,2030,pes,bws,Tot,1.09813397592698,121,1,Low - Medium (10-20%),Asia,East Asia & Pacific
MDG,Madagascar,2050,opt,bws,Tot,1.09745555467879,126,1,Low - Medium (10-20%),Africa,Sub-Saharan Africa
MDA,Moldova,2080,opt,bws,Dom,1.09728096819857,122,1,Low - Medium (10-20%),Europe,Europe & Central Asia
SRB,Serbia,2050,opt,bws,Dom,1.0967939476003,116,1,Low - Medium (10-20%),Europe,Europe & Central Asia
MLI,Mali,2050,opt,bws,Tot,1.09655111510136,127,1,Low - Medium (10-20%),Africa,Sub-Saharan Africa
EST,Estonia,2030,bau,bws,Irr,1.09652487034579,120,1,Low - Medium (10-20%),Europe,Europe & Central Asia
MYS,Malaysia,2030,opt,bws,Tot,1.09632763971372,122,1,Low - Medium (10-20%),Asia,East Asia & Pacific
CRI,Costa Rica,2080,bau,bws,Ind,1.09628552435966,134,1,Low - Medium (10-20%),Americas,Latin America & Caribbean
PER,Peru,2030,bau,bws,Liv,1.09580841848723,102,1,Low - Medium (10-20%),Americas,Latin America & Caribbean
SDN,Sudan,2030,opt,bws,Ind,1.09553955726487,115,1,Low - Medium (10-20%),Africa,Sub-Saharan Africa
MDA,Moldova,2030,bau,bws,One,1.09532319329105,102,1,Low - Medium (10-20%),Europe,Europe & Central Asia
EST,Estonia,2080,bau,bws,Liv,1.094861580713,119,1,Low - Medium (10-20%),Europe,Europe & Central Asia
MMR,Myanmar,2050,opt,bws,One,1.09441429921382,106,1,Low - Medium (10-20%),Asia,East Asia & Pacific
PER,Peru,2080,bau,bws,Liv,1.09395322500107,120,1,Low - Medium (10-20%),Americas,Latin America & Caribbean
KHM,Cambodia,2050,opt,bws,One,1.0934892046665,107,1,Low - Medium (10-20%),Asia,East Asia & Pacific
URY,Uruguay,2030,bau,bws,Liv,1.09288813083671,103,1,Low - Medium (10-20%),Americas,Latin America & Caribbean
MDG,Madagascar,2030,bau,bws,Liv,1.09279800307619,104,1,Low - Medium (10-20%),Africa,Sub-Saharan Africa
KEN,Kenya,2050,bau,bws,Liv,1.09257252124219,109,1,Low - Medium (10-20%),Africa,Sub-Saharan Africa
MMR,Myanmar,2080,opt,bws,One,1.09246121238547,108,1,Low - Medium (10-20%),Asia,East Asia & Pacific
LTU,Lithuania,2030,pes,bws,One,1.09237472073677,104,1,Low - Medium (10-20%),Europe,Europe & Central Asia
ZMB,Zambia,2050,bau,bws,Ind,1.09210951625213,121,1,Low - Medium (10-20%),Africa,Sub-Saharan Africa
NGA,Nigeria,2030,bau,bws,Liv,1.09062688509511,105,1,Low - Medium (10-20%),Africa,Sub-Saharan Africa
ECU,Ecuador,2050,bau,bws,Tot,1.08998959472686,127,1,Low - Medium (10-20%),Americas,Latin America & Caribbean
DNK,Denmark,2030,pes,bws,Dom,1.08960384687964,116,1,Low - Medium (10-20%),Europe,Europe & Central Asia
BEN,Benin,2080,bau,bws,Ind,1.08924008515689,135,1,Low - Medium (10-20%),Africa,Sub-Saharan Africa
GTM,Guatemala,2030,pes,bws,Dom,1.08909260257104,117,1,Low - Medium (10-20%),Americas,Latin America & Caribbean
MYS,Malaysia,2080,bau,bws,Dom,1.08887680493316,134,1,Low - Medium (10-20%),Asia,East Asia & Pacific
BDI,Burundi,2080,bau,bws,One,1.08881455616446,120,1,Low - Medium (10-20%),Africa,Sub-Saharan Africa
NIC,Nicaragua,2080,bau,bws,One,1.08844245482813,121,1,Low - Medium (10-20%),Americas,Latin America & Caribbean
URY,Uruguay,2030,bau,bws,One,1.08766737449549,103,1,Low - Medium (10-20%),Americas,Latin America & Caribbean
NIC,Nicaragua,2080,pes,bws,One,1.08739143791726,118,1,Low - Medium (10-20%),Americas,Latin America & Caribbean
KHM,Cambodia,2080,opt,bws,One,1.08730717296771,109,1,Low - Medium (10-20%),Asia,East Asia & Pacific
GBR,United Kingdom,2080,pes,bws,Liv,1.08672367274707,119,1,Low - Medium (10-20%),Europe,Europe & Central Asia
SRB,Serbia,2030,bau,bws,Dom,1.08671826519808,109,1,Low - Medium (10-20%),Europe,Europe & Central Asia
UGA,Uganda,2080,pes,bws,Liv,1.08553458113278,120,1,Low - Medium (10-20%),Africa,Sub-Saharan Africa
KHM,Cambodia,2080,bau,bws,One,1.08551487687317,122,1,Low - Medium (10-20%),Asia,East Asia & Pacific
LTU,Lithuania,2080,pes,bws,One,1.08542025304187,119,1,Low - Medium (10-20%),Europe,Europe & Central Asia
BRA,Brazil,2080,opt,bws,Dom,1.08531034968619,123,1,Low - Medium (10-20%),Americas,Latin America & Caribbean
BRA,Brazil,2050,bau,bws,Ind,1.08527356146406,122,1,Low - Medium (10-20%),Americas,Latin America & Caribbean
EST,Estonia,2030,bau,bws,Liv,1.08464399916186,106,1,Low - Medium (10-20%),Europe,Europe & Central Asia
MDA,Moldova,2080,bau,bws,Dom,1.08437818125153,135,1,Low - Medium (10-20%),Europe,Europe & Central Asia
GEO,Georgia,2030,bau,bws,Ind,1.08425598564091,113,1,Low - Medium (10-20%),Asia,Europe & Central Asia
SVN,Slovenia,2080,pes,bws,Tot,1.08410161151777,142,1,Low - Medium (10-20%),Europe,Europe & Central Asia
FIN,Finland,2030,pes,bws,Ind,1.08387426831898,115,1,Low - Medium (10-20%),Europe,Europe & Central Asia
GTM,Guatemala,2080,opt,bws,Liv,1.08367405025098,108,1,Low - Medium (10-20%),Americas,Latin America & Caribbean
GEO,Georgia,2080,pes,bws,Liv,1.08351069415257,121,1,Low - Medium (10-20%),Asia,Europe & Central Asia
GEO,Georgia,2080,bau,bws,Liv,1.08305489030125,121,1,Low - Medium (10-20%),Asia,Europe & Central Asia
GTM,Guatemala,2030,opt,bws,Ind,1.08216632555794,116,1,Low - Medium (10-20%),Americas,Latin America & Caribbean
BLR,Belarus,2030,pes,bws,One,1.08130979269843,105,1,Low - Medium (10-20%),Europe,Europe & Central Asia
EST,Estonia,2080,opt,bws,Irr,1.07979343343548,128,1,Low - Medium (10-20%),Europe,Europe & Central Asia
BRA,Brazil,2050,pes,bws,Ind,1.07959379423315,119,1,Low - Medium (10-20%),Americas,Latin America & Caribbean
RUS,Russia,2030,bau,bws,Liv,1.07881580018614,107,1,Low - Medium (10-20%),Europe,Europe & Central Asia
SSD,South Sudan,2030,bau,bws,Tot,1.07840076611999,120,1,Low - Medium (10-20%),Africa,Sub-Saharan Africa
BLR,Belarus,2080,opt,bws,One,1.07824253137071,110,1,Low - Medium (10-20%),Europe,Europe & Central Asia
MLI,Mali,2050,bau,bws,Irr,1.07766311404671,126,1,Low - Medium (10-20%),Africa,Sub-Saharan Africa
KHM,Cambodia,2080,pes,bws,One,1.07747078689992,120,1,Low - Medium (10-20%),Asia,East Asia & Pacific
GEO,Georgia,2030,opt,bws,Ind,1.07569228259734,117,1,Low - Medium (10-20%),Asia,Europe & Central Asia
MDG,Madagascar,2030,bau,bws,Irr,1.07553925553975,121,1,Low - Medium (10-20%),Africa,Sub-Saharan Africa
SWZ,Swaziland,2050,pes,bws,Ind,1.07453761955651,120,1,Low - Medium (10-20%),Africa,Sub-Saharan Africa
GMB,Gambia,2030,opt,bws,One,1.07442895935152,105,1,Low - Medium (10-20%),Africa,Sub-Saharan Africa
KHM,Cambodia,2050,pes,bws,One,1.07414036229989,109,1,Low - Medium (10-20%),Asia,East Asia & Pacific
DNK,Denmark,2030,pes,bws,Tot,1.07406555305087,122,1,Low - Medium (10-20%),Europe,Europe & Central Asia
EST,Estonia,2050,pes,bws,Irr,1.07335355910512,123,1,Low - Medium (10-20%),Europe,Europe & Central Asia
KHM,Cambodia,2030,bau,bws,One,1.07318815477808,104,1,Low - Medium (10-20%),Asia,East Asia & Pacific
PER,Peru,2030,pes,bws,Liv,1.07312069231585,106,1,Low - Medium (10-20%),Americas,Latin America & Caribbean
PER,Peru,2050,opt,bws,Liv,1.07306916236936,111,1,Low - Medium (10-20%),Americas,Latin America & Caribbean
COD,Democratic Republic of the Congo,2080,opt,bws,Irr,1.07255444072985,129,1,Low - Medium (10-20%),Africa,Sub-Saharan Africa
UGA,Uganda,2080,bau,bws,Tot,1.07180664027609,143,1,Low - Medium (10-20%),Africa,Sub-Saharan Africa
PER,Peru,2080,opt,bws,Liv,1.07118755016985,109,1,Low - Medium (10-20%),Americas,Latin America & Caribbean
SSD,South Sudan,2030,bau,bws,Dom,1.07078430774949,110,1,Low - Medium (10-20%),Africa,Sub-Saharan Africa
GTM,Guatemala,2030,bau,bws,Dom,1.07048046531507,111,1,Low - Medium (10-20%),Americas,Latin America & Caribbean
TCD,Chad,2050,pes,bws,Tot,1.0677076770717,129,1,Low - Medium (10-20%),Africa,Sub-Saharan Africa
PER,Peru,2030,opt,bws,Liv,1.06752051754018,106,1,Low - Medium (10-20%),Americas,Latin America & Caribbean
FIN,Finland,2030,bau,bws,Dom,1.06624890002934,112,1,Low - Medium (10-20%),Europe,Europe & Central Asia
DNK,Denmark,2030,pes,bws,Ind,1.06518890564768,116,1,Low - Medium (10-20%),Europe,Europe & Central Asia
RWA,Rwanda,2080,bau,bws,Liv,1.06474821251566,122,1,Low - Medium (10-20%),Africa,Sub-Saharan Africa
MDG,Madagascar,2080,bau,bws,One,1.06339326978312,123,1,Low - Medium (10-20%),Africa,Sub-Saharan Africa
UGA,Uganda,2080,bau,bws,Dom,1.06332890358452,136,1,Low - Medium (10-20%),Africa,Sub-Saharan Africa
MNE,Montenegro,2030,bau,bws,Irr,1.06231690958404,122,1,Low - Medium (10-20%),Europe,Europe & Central Asia
ECU,Ecuador,2080,opt,bws,Tot,1.06174118732865,134,1,Low - Medium (10-20%),Americas,Latin America & Caribbean
MMR,Myanmar,2030,pes,bws,One,1.06135431970077,106,1,Low - Medium (10-20%),Asia,East Asia & Pacific
PAN,Panama,2050,pes,bws,Ind,1.06133704079268,121,1,Low - Medium (10-20%),Americas,Latin America & Caribbean
MWI,Malawi,2080,opt,bws,Ind,1.06103826423527,122,1,Low - Medium (10-20%),Africa,Sub-Saharan Africa
LIE,Liechtenstein,2080,opt,bws,Tot,1.06074438530043,135,1,Low - Medium (10-20%),Europe,Europe & Central Asia
LIE,Liechtenstein,2080,opt,bws,One,1.06074438530043,111,1,Low - Medium (10-20%),Europe,Europe & Central Asia
LIE,Liechtenstein,2080,opt,bws,Liv,1.06074438530043,110,1,Low - Medium (10-20%),Europe,Europe & Central Asia
LIE,Liechtenstein,2080,opt,bws,Ind,1.06074438530043,123,1,Low - Medium (10-20%),Europe,Europe & Central Asia
LIE,Liechtenstein,2080,opt,bws,Dom,1.06074438530043,124,1,Low - Medium (10-20%),Europe,Europe & Central Asia
ECU,Ecuador,2030,bau,bws,Tot,1.05980354400637,121,1,Low - Medium (10-20%),Americas,Latin America & Caribbean
MDG,Madagascar,2030,pes,bws,Liv,1.05794184746576,107,1,Low - Medium (10-20%),Africa,Sub-Saharan Africa
MLI,Mali,2080,pes,bws,Ind,1.0576640707084,137,1,Low - Medium (10-20%),Africa,Sub-Saharan Africa
MDG,Madagascar,2030,bau,bws,Tot,1.0574312344829,122,1,Low - Medium (10-20%),Africa,Sub-Saharan Africa
BTN,Bhutan,2050,bau,bws,Dom,1.05727997746495,117,1,Low - Medium (10-20%),Asia,South Asia
ECU,Ecuador,2080,pes,bws,Tot,1.05613787316975,143,1,Low - Medium (10-20%),Americas,Latin America & Caribbean
BLR,Belarus,2030,pes,bws,Irr,1.05597681711413,120,1,Low - Medium (10-20%),Europe,Europe & Central Asia
GTM,Guatemala,2080,opt,bws,Dom,1.05547641782393,125,1,Low - Medium (10-20%),Americas,Latin America & Caribbean
GHA,Ghana,2050,bau,bws,Tot,1.05498677692294,128,1,Low - Medium (10-20%),Africa,Sub-Saharan Africa
MDA,Moldova,2030,bau,bws,Dom,1.05471384682273,113,1,Low - Medium (10-20%),Europe,Europe & Central Asia
LTU,Lithuania,2080,opt,bws,One,1.05456150974307,112,1,Low - Medium (10-20%),Europe,Europe & Central Asia
MOZ,Mozambique,2050,pes,bws,Tot,1.0544947093919,130,1,Low - Medium (10-20%),Africa,Sub-Saharan Africa
TZA,Tanzania,2030,opt,bws,Dom,1.05355588490545,115,1,Low - Medium (10-20%),Africa,Sub-Saharan Africa
ECU,Ecuador,2030,pes,bws,Tot,1.05344452387583,123,1,Low - Medium (10-20%),Americas,Latin America & Caribbean
UGA,Uganda,2080,pes,bws,Irr,1.05327763918217,133,1,Low - Medium (10-20%),Africa,Sub-Saharan Africa
MWI,Malawi,2080,pes,bws,Dom,1.05254399853806,132,1,Low - Medium (10-20%),Africa,Sub-Saharan Africa
SWE,Sweden,2050,pes,bws,Ind,1.05206741639788,122,1,Low - Medium (10-20%),Europe,Europe & Central Asia
KEN,Kenya,2080,pes,bws,Liv,1.05103246071096,122,1,Low - Medium (10-20%),Africa,Sub-Saharan Africa
GHA,Ghana,2050,pes,bws,Ind,1.04984675630286,123,1,Low - Medium (10-20%),Africa,Sub-Saharan Africa
ZMB,Zambia,2050,bau,bws,One,1.04977183632932,108,1,Low - Medium (10-20%),Africa,Sub-Saharan Africa
GTM,Guatemala,2050,opt,bws,Liv,1.04894386387149,112,1,Low - Medium (10-20%),Americas,Latin America & Caribbean
MYS,Malaysia,2080,bau,bws,Ind,1.04881923497614,136,1,Low - Medium (10-20%),Asia,East Asia & Pacific
LAO,Laos,2080,bau,bws,Ind,1.04870724617371,137,1,Low - Medium (10-20%),Asia,East Asia & Pacific
BLR,Belarus,2050,opt,bws,One,1.04866668180006,108,1,Low - Medium (10-20%),Europe,Europe & Central Asia
URY,Uruguay,2080,pes,bws,One,1.04726162702518,121,1,Low - Medium (10-20%),Americas,Latin America & Caribbean
LTU,Lithuania,2050,pes,bws,One,1.04691988947141,110,1,Low - Medium (10-20%),Europe,Europe & Central Asia
GTM,Guatemala,2030,pes,bws,Liv,1.04606839066811,108,1,Low - Medium (10-20%),Americas,Latin America & Caribbean
MWI,Malawi,2080,opt,bws,Dom,1.04528328704005,126,1,Low - Medium (10-20%),Africa,Sub-Saharan Africa
EST,Estonia,2030,pes,bws,Liv,1.04511890530555,109,1,Low - Medium (10-20%),Europe,Europe & Central Asia
MNE,Montenegro,2030,pes,bws,Irr,1.04468531405181,121,1,Low - Medium (10-20%),Europe,Europe & Central Asia
VEN,Venezuela,2080,bau,bws,Liv,1.04413190064518,123,1,Low - Medium (10-20%),Americas,Latin America & Caribbean
DNK,Denmark,2030,bau,bws,Irr,1.04358377878067,123,1,Low - Medium (10-20%),Europe,Europe & Central Asia
ETH,Ethiopia,2080,pes,bws,Liv,1.04350776114845,123,1,Low - Medium (10-20%),Africa,Sub-Saharan Africa
GHA,Ghana,2050,pes,bws,Irr,1.04339071539207,124,1,Low - Medium (10-20%),Africa,Sub-Saharan Africa
LIE,Liechtenstein,2050,opt,bws,Tot,1.04246592484146,128,1,Low - Medium (10-20%),Europe,Europe & Central Asia
LIE,Liechtenstein,2050,opt,bws,One,1.04246592484146,109,1,Low - Medium (10-20%),Europe,Europe & Central Asia
LIE,Liechtenstein,2050,opt,bws,Liv,1.04246592484146,113,1,Low - Medium (10-20%),Europe,Europe & Central Asia
LIE,Liechtenstein,2050,opt,bws,Ind,1.04246592484146,119,1,Low - Medium (10-20%),Europe,Europe & Central Asia
LIE,Liechtenstein,2050,opt,bws,Dom,1.04246592484146,117,1,Low - Medium (10-20%),Europe,Europe & Central Asia
BRA,Brazil,2030,bau,bws,Ind,1.04217129240409,114,1,Low - Medium (10-20%),Americas,Latin America & Caribbean
GTM,Guatemala,2030,bau,bws,Liv,1.04155196609367,108,1,Low - Medium (10-20%),Americas,Latin America & Caribbean
ECU,Ecuador,2080,bau,bws,Tot,1.04141134890035,144,1,Low - Medium (10-20%),Americas,Latin America & Caribbean
PER,Peru,2080,pes,bws,Liv,1.04139349167761,124,1,Low - Medium (10-20%),Americas,Latin America & Caribbean
URY,Uruguay,2050,opt,bws,One,1.04082248674173,110,1,Low - Medium (10-20%),Americas,Latin America & Caribbean
RUS,Russia,2080,opt,bws,Liv,1.04060730955204,111,1,Low - Medium (10-20%),Europe,Europe & Central Asia
BTN,Bhutan,2080,opt,bws,Irr,1.03971638478831,130,1,Low - Medium (10-20%),Asia,South Asia
DNK,Denmark,2030,bau,bws,Dom,1.03967127936686,114,1,Low - Medium (10-20%),Europe,Europe & Central Asia
KEN,Kenya,2050,bau,bws,One,1.0396648185669,109,1,Low - Medium (10-20%),Africa,Sub-Saharan Africa
PAN,Panama,2030,bau,bws,Dom,1.03924560299888,115,1,Low - Medium (10-20%),Americas,Latin America & Caribbean
ECU,Ecuador,2030,opt,bws,Tot,1.03830609946349,123,1,Low - Medium (10-20%),Americas,Latin America & Caribbean
BDI,Burundi,2080,opt,bws,Liv,1.03766160154038,112,1,Low - Medium (10-20%),Africa,Sub-Saharan Africa
KEN,Kenya,2030,pes,bws,Dom,1.03764599310845,118,1,Low - Medium (10-20%),Africa,Sub-Saharan Africa
SWE,Sweden,2080,bau,bws,Dom,1.03622917137453,137,1,Low - Medium (10-20%),Europe,Europe & Central Asia
MDG,Madagascar,2050,bau,bws,Dom,1.03577737313151,118,1,Low - Medium (10-20%),Africa,Sub-Saharan Africa
GHA,Ghana,2080,bau,bws,One,1.03440684521601,124,1,Low - Medium (10-20%),Africa,Sub-Saharan Africa
MWI,Malawi,2050,pes,bws,One,1.03397726061293,111,1,Low - Medium (10-20%),Africa,Sub-Saharan Africa
SVN,Slovenia,2080,pes,bws,One,1.03321369212935,122,1,Low - Medium (10-20%),Europe,Europe & Central Asia
MDG,Madagascar,2050,opt,bws,Dom,1.03272370767186,118,1,Low - Medium (10-20%),Africa,Sub-Saharan Africa
ZMB,Zambia,2030,opt,bws,Liv,1.03247770379219,107,1,Low - Medium (10-20%),Africa,Sub-Saharan Africa
NGA,Nigeria,2030,opt,bws,One,1.03232691169845,106,1,Low - Medium (10-20%),Africa,Sub-Saharan Africa
BTN,Bhutan,2080,opt,bws,Liv,1.03226681214967,113,1,Low - Medium (10-20%),Asia,South Asia
ETH,Ethiopia,2050,pes,bws,Dom,1.0318186801557,122,1,Low - Medium (10-20%),Africa,Sub-Saharan Africa
GBR,United Kingdom,2080,pes,bws,One,1.03168797311283,123,1,Low - Medium (10-20%),Europe,Europe & Central Asia
PAN,Panama,2030,bau,bws,Tot,1.03157948406359,123,1,Low - Medium (10-20%),Americas,Latin America & Caribbean
NGA,Nigeria,2030,opt,bws,Tot,1.03153861081922,124,1,Low - Medium (10-20%),Africa,Sub-Saharan Africa
LTU,Lithuania,2050,bau,bws,One,1.03151218262374,110,1,Low - Medium (10-20%),Europe,Europe & Central Asia
KHM,Cambodia,2030,pes,bws,One,1.03140022429093,107,1,Low - Medium (10-20%),Asia,East Asia & Pacific
ZMB,Zambia,2030,bau,bws,Liv,1.03091970386579,109,1,Low - Medium (10-20%),Africa,Sub-Saharan Africa
PAN,Panama,2030,opt,bws,Tot,1.0303363573139,125,1,Low - Medium (10-20%),Americas,Latin America & Caribbean
PAN,Panama,2050,opt,bws,Irr,1.03017132307199,123,1,Low - Medium (10-20%),Americas,Latin America & Caribbean
PAN,Panama,2030,opt,bws,Dom,1.02930173996527,116,1,Low - Medium (10-20%),Americas,Latin America & Caribbean
ZMB,Zambia,2030,bau,bws,One,1.02810141408437,105,1,Low - Medium (10-20%),Africa,Sub-Saharan Africa
MYS,Malaysia,2080,pes,bws,Dom,1.02775647321701,133,1,Low - Medium (10-20%),Asia,East Asia & Pacific
BTN,Bhutan,2050,pes,bws,Dom,1.0277507197123,123,1,Low - Medium (10-20%),Asia,South Asia
GHA,Ghana,2050,opt,bws,Irr,1.02768231771635,124,1,Low - Medium (10-20%),Africa,Sub-Saharan Africa
GEO,Georgia,2050,pes,bws,Ind,1.02675356508015,124,1,Low - Medium (10-20%),Asia,Europe & Central Asia
KEN,Kenya,2030,bau,bws,Dom,1.02513768847266,116,1,Low - Medium (10-20%),Africa,Sub-Saharan Africa
SWZ,Swaziland,2050,bau,bws,Dom,1.02417474341837,119,1,Low - Medium (10-20%),Africa,Sub-Saharan Africa
NLD,Netherlands,2080,bau,bws,One,1.0240312066796,125,1,Low - Medium (10-20%),Europe,Europe & Central Asia
RWA,Rwanda,2080,opt,bws,Liv,1.02352395970616,114,1,Low - Medium (10-20%),Africa,Sub-Saharan Africa
GEO,Georgia,2050,bau,bws,Ind,1.02319498839466,123,1,Low - Medium (10-20%),Asia,Europe & Central Asia
GTM,Guatemala,2050,opt,bws,Dom,1.02298770337036,119,1,Low - Medium (10-20%),Americas,Latin America & Caribbean
AGO,Angola,2050,bau,bws,Dom,1.02290590183493,120,1,Low - Medium (10-20%),Africa,Sub-Saharan Africa
MWI,Malawi,2050,bau,bws,One,1.02206153590175,111,1,Low - Medium (10-20%),Africa,Sub-Saharan Africa
GNB,Guinea-Bissau,2080,bau,bws,One,1.02062118218177,126,1,Low - Medium (10-20%),Africa,Sub-Saharan Africa
DNK,Denmark,2030,bau,bws,Tot,1.02034293849571,124,1,Low - Medium (10-20%),Europe,Europe & Central Asia
MLI,Mali,2030,bau,bws,Tot,1.02021641949722,125,1,Low - Medium (10-20%),Africa,Sub-Saharan Africa
URY,Uruguay,2080,pes,bws,Liv,1.01914965081789,125,1,Low - Medium (10-20%),Americas,Latin America & Caribbean
DNK,Denmark,2050,bau,bws,Dom,1.01900072995277,121,1,Low - Medium (10-20%),Europe,Europe & Central Asia
DNK,Denmark,2030,bau,bws,Ind,1.01650717209577,115,1,Low - Medium (10-20%),Europe,Europe & Central Asia
ZMB,Zambia,2030,pes,bws,Liv,1.01503431615497,110,1,Low - Medium (10-20%),Africa,Sub-Saharan Africa
PAN,Panama,2030,pes,bws,Irr,1.01431119145373,122,1,Low - Medium (10-20%),Americas,Latin America & Caribbean
EST,Estonia,2080,opt,bws,Liv,1.01417868691741,115,1,Low - Medium (10-20%),Europe,Europe & Central Asia
SWZ,Swaziland,2050,pes,bws,Dom,1.01404828182619,124,1,Low - Medium (10-20%),Africa,Sub-Saharan Africa
NGA,Nigeria,2030,opt,bws,Dom,1.013979548741,117,1,Low - Medium (10-20%),Africa,Sub-Saharan Africa
SOM,Somalia,2080,pes,bws,Dom,1.0139479940465,134,1,Low - Medium (10-20%),Africa,Sub-Saharan Africa
FIN,Finland,2050,bau,bws,Dom,1.01375341114844,122,1,Low - Medium (10-20%),Europe,Europe & Central Asia
GHA,Ghana,2050,bau,bws,Dom,1.01363642564292,123,1,Low - Medium (10-20%),Africa,Sub-Saharan Africa
KEN,Kenya,2080,opt,bws,One,1.01355671296091,113,1,Low - Medium (10-20%),Africa,Sub-Saharan Africa
NGA,Nigeria,2030,bau,bws,Tot,1.01143675585449,126,1,Low - Medium (10-20%),Africa,Sub-Saharan Africa
SDN,Sudan,2030,bau,bws,Ind,1.01121513747259,116,1,Low - Medium (10-20%),Africa,Sub-Saharan Africa
MWI,Malawi,2080,bau,bws,Liv,1.01117124793445,124,1,Low - Medium (10-20%),Africa,Sub-Saharan Africa
BTN,Bhutan,2080,pes,bws,Tot,1.01105387033369,144,1,Low - Medium (10-20%),Asia,South Asia
SWE,Sweden,2030,bau,bws,Dom,1.01073678826335,117,1,Low - Medium (10-20%),Europe,Europe & Central Asia
BDI,Burundi,2080,pes,bws,Liv,1.00994966417741,126,1,Low - Medium (10-20%),Africa,Sub-Saharan Africa
TCD,Chad,2050,opt,bws,Irr,1.00990620969291,125,1,Low - Medium (10-20%),Africa,Sub-Saharan Africa
EST,Estonia,2030,opt,bws,Irr,1.00954692675648,123,1,Low - Medium (10-20%),Europe,Europe & Central Asia
BLR,Belarus,2050,pes,bws,One,1.00937675616983,112,1,Low - Medium (10-20%),Europe,Europe & Central Asia
ZMB,Zambia,2080,opt,bws,Ind,1.00915199346852,125,1,Low - Medium (10-20%),Africa,Sub-Saharan Africa
LIE,Liechtenstein,2030,pes,bws,Tot,1.00891974532432,124,1,Low - Medium (10-20%),Europe,Europe & Central Asia
LIE,Liechtenstein,2030,pes,bws,One,1.00891974532432,108,1,Low - Medium (10-20%),Europe,Europe & Central Asia
LIE,Liechtenstein,2030,pes,bws,Liv,1.00891974532432,111,1,Low - Medium (10-20%),Europe,Europe & Central Asia
LIE,Liechtenstein,2030,pes,bws,Ind,1.00891974532432,117,1,Low - Medium (10-20%),Europe,Europe & Central Asia
LIE,Liechtenstein,2030,pes,bws,Dom,1.00891974532432,119,1,Low - Medium (10-20%),Europe,Europe & Central Asia
BRA,Brazil,2050,opt,bws,Ind,1.00835973943168,120,1,Low - Medium (10-20%),Americas,Latin America & Caribbean
LTU,Lithuania,2080,bau,bws,One,1.00822506441126,127,1,Low - Medium (10-20%),Europe,Europe & Central Asia
SDN,Sudan,2080,pes,bws,Irr,1.00817127793775,134,1,Low - Medium (10-20%),Africa,Sub-Saharan Africa
MDG,Madagascar,2030,pes,bws,Irr,1.00777017442667,123,1,Low - Medium (10-20%),Africa,Sub-Saharan Africa
MWI,Malawi,2050,bau,bws,Tot,1.00733981233632,129,1,Low - Medium (10-20%),Africa,Sub-Saharan Africa
MNE,Montenegro,2080,bau,bws,Ind,1.00729950072223,138,1,Low - Medium (10-20%),Europe,Europe & Central Asia
MNE,Montenegro,2080,bau,bws,Tot,1.00723863803064,145,1,Low - Medium (10-20%),Europe,Europe & Central Asia
GEO,Georgia,2050,opt,bws,Dom,1.00682742703574,120,1,Low - Medium (10-20%),Asia,Europe & Central Asia
GEO,Georgia,2050,opt,bws,Tot,1.00630758761322,129,1,Low - Medium (10-20%),Asia,Europe & Central Asia
URY,Uruguay,2050,opt,bws,Liv,1.00585019227027,114,1,Low - Medium (10-20%),Americas,Latin America & Caribbean
URY,Uruguay,2030,opt,bws,Liv,1.00576243668037,108,1,Low - Medium (10-20%),Americas,Latin America & Caribbean
BTN,Bhutan,2030,pes,bws,Ind,1.00046985642927,118,1,Low - Medium (10-20%),Asia,South Asia
EST,Estonia,2030,opt,bws,Liv,1.00040017504962,109,1,Low - Medium (10-20%),Europe,Europe & Central Asia
SWE,Sweden,2080,opt,bws,Tot,1.00039578705122,136,1,Low - Medium (10-20%),Europe,Europe & Central Asia
GEO,Georgia,2080,pes,bws,One,0.999766688770184,124,0,Low (<10%),Asia,Europe & Central Asia
NGA,Nigeria,2030,pes,bws,Tot,0.99937926490985,125,0,Low (<10%),Africa,Sub-Saharan Africa
TZA,Tanzania,2030,bau,bws,Dom,0.998397654007189,118,0,Low (<10%),Africa,Sub-Saharan Africa
MOZ,Mozambique,2030,opt,bws,Irr,0.997971086649915,124,0,Low (<10%),Africa,Sub-Saharan Africa
BRA,Brazil,2030,pes,bws,Ind,0.997712440719936,119,0,Low (<10%),Americas,Latin America & Caribbean
GNB,Guinea-Bissau,2080,pes,bws,Irr,0.997348072657401,136,0,Low (<10%),Africa,Sub-Saharan Africa
GHA,Ghana,2050,opt,bws,Ind,0.996733240045994,121,0,Low (<10%),Africa,Sub-Saharan Africa
MDG,Madagascar,2030,pes,bws,Tot,0.994427260834601,126,0,Low (<10%),Africa,Sub-Saharan Africa
BTN,Bhutan,2030,bau,bws,Ind,0.994165223914753,117,0,Low (<10%),Asia,South Asia
GTM,Guatemala,2080,opt,bws,One,0.994095607045312,114,0,Low (<10%),Americas,Latin America & Caribbean
COD,Democratic Republic of the Congo,2030,pes,bws,Irr,0.993151062324904,124,0,Low (<10%),Africa,Sub-Saharan Africa
MLI,Mali,2050,pes,bws,Irr,0.99256924335017,125,0,Low (<10%),Africa,Sub-Saharan Africa
BLR,Belarus,2080,bau,bws,Irr,0.990077098176685,140,0,Low (<10%),Europe,Europe & Central Asia
COL,Colombia,2080,bau,bws,Irr,0.989123115772956,141,0,Low (<10%),Americas,Latin America & Caribbean
BLR,Belarus,2030,opt,bws,One,0.988429395779491,107,0,Low (<10%),Europe,Europe & Central Asia
GEO,Georgia,2030,pes,bws,Ind,0.988429169699067,120,0,Low (<10%),Asia,Europe & Central Asia
GNB,Guinea-Bissau,2080,pes,bws,Tot,0.987658369111058,145,0,Low (<10%),Africa,Sub-Saharan Africa
BTN,Bhutan,2080,pes,bws,Liv,0.987487638245816,127,0,Low (<10%),Asia,South Asia
FIN,Finland,2050,opt,bws,Liv,0.98666527579347,115,0,Low (<10%),Europe,Europe & Central Asia
KEN,Kenya,2030,opt,bws,Dom,0.986568215480462,118,0,Low (<10%),Africa,Sub-Saharan Africa
SWZ,Swaziland,2050,pes,bws,Tot,0.986412751707832,131,0,Low (<10%),Africa,Sub-Saharan Africa
EST,Estonia,2050,pes,bws,Liv,0.984762122888531,112,0,Low (<10%),Europe,Europe & Central Asia
UGA,Uganda,2080,pes,bws,Dom,0.983065060570909,135,0,Low (<10%),Africa,Sub-Saharan Africa
NIC,Nicaragua,2080,pes,bws,Irr,0.982945284694924,137,0,Low (<10%),Americas,Latin America & Caribbean
UGA,Uganda,2080,pes,bws,Tot,0.981752657812006,146,0,Low (<10%),Africa,Sub-Saharan Africa
BLR,Belarus,2050,opt,bws,Liv,0.980203219741169,116,0,Low (<10%),Europe,Europe & Central Asia
GNB,Guinea-Bissau,2080,pes,bws,Dom,0.979893651999556,136,0,Low (<10%),Africa,Sub-Saharan Africa
MLI,Mali,2030,pes,bws,Tot,0.979406715439628,127,0,Low (<10%),Africa,Sub-Saharan Africa
CRI,Costa Rica,2080,pes,bws,Ind,0.978792509962902,138,0,Low (<10%),Americas,Latin America & Caribbean
GTM,Guatemala,2030,bau,bws,One,0.978553752335754,106,0,Low (<10%),Americas,Latin America & Caribbean
EST,Estonia,2050,bau,bws,Irr,0.978402444006087,127,0,Low (<10%),Europe,Europe & Central Asia
MLI,Mali,2030,opt,bws,Tot,0.977248177079462,126,0,Low (<10%),Africa,Sub-Saharan Africa
MDG,Madagascar,2030,opt,bws,Irr,0.975475719101161,125,0,Low (<10%),Africa,Sub-Saharan Africa
GEO,Georgia,2050,bau,bws,Liv,0.975357422398634,110,0,Low (<10%),Asia,Europe & Central Asia
DNK,Denmark,2050,bau,bws,Tot,0.975317996910302,130,0,Low (<10%),Europe,Europe & Central Asia
URY,Uruguay,2030,opt,bws,One,0.975022850107783,108,0,Low (<10%),Americas,Latin America & Caribbean
BLR,Belarus,2050,opt,bws,Irr,0.974855940114415,126,0,Low (<10%),Europe,Europe & Central Asia
SWE,Sweden,2030,opt,bws,Dom,0.973773469631666,119,0,Low (<10%),Europe,Europe & Central Asia
ZMB,Zambia,2030,pes,bws,Tot,0.97316079217414,128,0,Low (<10%),Africa,Sub-Saharan Africa
SWE,Sweden,2080,opt,bws,Liv,0.971596850850751,116,0,Low (<10%),Europe,Europe & Central Asia
FIN,Finland,2050,bau,bws,Irr,0.970108952958601,128,0,Low (<10%),Europe,Europe & Central Asia
BTN,Bhutan,2050,opt,bws,Dom,0.970062090292367,121,0,Low (<10%),Asia,South Asia
MOZ,Mozambique,2080,bau,bws,Dom,0.969239144296489,138,0,Low (<10%),Africa,Sub-Saharan Africa
AGO,Angola,2080,pes,bws,Dom,0.968700665814729,137,0,Low (<10%),Africa,Sub-Saharan Africa
CRI,Costa Rica,2050,bau,bws,Dom,0.967964990811144,124,0,Low (<10%),Americas,Latin America & Caribbean
BTN,Bhutan,2050,bau,bws,Liv,0.967831093378053,111,0,Low (<10%),Asia,South Asia
UGA,Uganda,2050,opt,bws,Irr,0.967795432502299,127,0,Low (<10%),Africa,Sub-Saharan Africa
NGA,Nigeria,2030,pes,bws,Dom,0.967628691388496,120,0,Low (<10%),Africa,Sub-Saharan Africa
TGO,Togo,2080,pes,bws,Liv,0.967461594725487,128,0,Low (<10%),Africa,Sub-Saharan Africa
NGA,Nigeria,2030,bau,bws,Dom,0.967442084469122,119,0,Low (<10%),Africa,Sub-Saharan Africa
BTN,Bhutan,2050,pes,bws,Liv,0.966576651552489,113,0,Low (<10%),Asia,South Asia
CHE,Switzerland,2080,pes,bws,Irr,0.965339728449909,138,0,Low (<10%),Europe,Europe & Central Asia
RWA,Rwanda,2080,pes,bws,Liv,0.962918630314027,129,0,Low (<10%),Africa,Sub-Saharan Africa
TGO,Togo,2080,opt,bws,Liv,0.96275194316214,117,0,Low (<10%),Africa,Sub-Saharan Africa
ZMB,Zambia,2030,opt,bws,One,0.962737160866226,109,0,Low (<10%),Africa,Sub-Saharan Africa
GEO,Georgia,2080,bau,bws,One,0.962682384668954,128,0,Low (<10%),Asia,Europe & Central Asia
KEN,Kenya,2080,pes,bws,One,0.962133057761949,125,0,Low (<10%),Africa,Sub-Saharan Africa
GTM,Guatemala,2030,pes,bws,One,0.961958427514515,109,0,Low (<10%),Americas,Latin America & Caribbean
NIC,Nicaragua,2080,bau,bws,Tot,0.961691519469233,146,0,Low (<10%),Americas,Latin America & Caribbean
FIN,Finland,2030,opt,bws,Tot,0.961433757746371,127,0,Low (<10%),Europe,Europe & Central Asia
COL,Colombia,2080,pes,bws,Irr,0.960846284679875,139,0,Low (<10%),Americas,Latin America & Caribbean
DNK,Denmark,2050,bau,bws,Ind,0.960356844864928,124,0,Low (<10%),Europe,Europe & Central Asia
FIN,Finland,2050,pes,bws,Liv,0.960273713799311,114,0,Low (<10%),Europe,Europe & Central Asia
GHA,Ghana,2080,pes,bws,Liv,0.960023775415955,130,0,Low (<10%),Africa,Sub-Saharan Africa
MDG,Madagascar,2030,opt,bws,Tot,0.958806914878281,128,0,Low (<10%),Africa,Sub-Saharan Africa
BLR,Belarus,2030,opt,bws,Irr,0.957436270236905,126,0,Low (<10%),Europe,Europe & Central Asia
ETH,Ethiopia,2050,opt,bws,Dom,0.957386331688116,122,0,Low (<10%),Africa,Sub-Saharan Africa
BTN,Bhutan,2080,bau,bws,Liv,0.957339983199492,125,0,Low (<10%),Asia,South Asia
MYS,Malaysia,2080,pes,bws,Ind,0.956916729499669,139,0,Low (<10%),Asia,East Asia & Pacific
SSD,South Sudan,2030,opt,bws,One,0.955144596256335,110,0,Low (<10%),Africa,Sub-Saharan Africa
BRA,Brazil,2030,opt,bws,Ind,0.953346566894715,118,0,Low (<10%),Americas,Latin America & Caribbean
KEN,Kenya,2030,pes,bws,One,0.952561673750764,110,0,Low (<10%),Africa,Sub-Saharan Africa
URY,Uruguay,2080,opt,bws,Liv,0.951250375907049,118,0,Low (<10%),Americas,Latin America & Caribbean
BTN,Bhutan,2080,bau,bws,Tot,0.950856941500159,147,0,Low (<10%),Asia,South Asia
GTM,Guatemala,2030,opt,bws,Liv,0.950748449958293,110,0,Low (<10%),Americas,Latin America & Caribbean
EST,Estonia,2080,pes,bws,One,0.950666020794283,126,0,Low (<10%),Europe,Europe & Central Asia
ZMB,Zambia,2030,pes,bws,One,0.950400680144315,111,0,Low (<10%),Africa,Sub-Saharan Africa
TZA,Tanzania,2080,opt,bws,Liv,0.949986615228322,119,0,Low (<10%),Africa,Sub-Saharan Africa
SWE,Sweden,2030,pes,bws,Tot,0.949870135658236,129,0,Low (<10%),Europe,Europe & Central Asia
UGA,Uganda,2080,bau,bws,One,0.949835713999991,129,0,Low (<10%),Africa,Sub-Saharan Africa
FIN,Finland,2030,bau,bws,Tot,0.949297588162429,127,0,Low (<10%),Europe,Europe & Central Asia
DNK,Denmark,2030,opt,bws,Dom,0.949263960277805,120,0,Low (<10%),Europe,Europe & Central Asia
GEO,Georgia,2080,opt,bws,Tot,0.948232950692941,137,0,Low (<10%),Asia,Europe & Central Asia
SWZ,Swaziland,2030,pes,bws,Liv,0.948081403764822,112,0,Low (<10%),Africa,Sub-Saharan Africa
NIC,Nicaragua,2080,bau,bws,Dom,0.947941293050519,139,0,Low (<10%),Americas,Latin America & Caribbean
LIE,Liechtenstein,2030,opt,bws,Tot,0.947407669016426,129,0,Low (<10%),Europe,Europe & Central Asia
LIE,Liechtenstein,2030,opt,bws,One,0.947407669016426,111,0,Low (<10%),Europe,Europe & Central Asia
LIE,Liechtenstein,2030,opt,bws,Liv,0.947407669016426,111,0,Low (<10%),Europe,Europe & Central Asia
LIE,Liechtenstein,2030,opt,bws,Irr,0.947407669016426,127,0,Low (<10%),Europe,Europe & Central Asia
LIE,Liechtenstein,2030,opt,bws,Ind,0.947407669016426,119,0,Low (<10%),Europe,Europe & Central Asia
LIE,Liechtenstein,2030,opt,bws,Dom,0.947407669016426,121,0,Low (<10%),Europe,Europe & Central Asia
BLR,Belarus,2080,bau,bws,Liv,0.946381237927992,126,0,Low (<10%),Europe,Europe & Central Asia
URY,Uruguay,2080,opt,bws,One,0.946210126185136,115,0,Low (<10%),Americas,Latin America & Caribbean
VEN,Venezuela,2080,pes,bws,One,0.945569871479972,127,0,Low (<10%),Americas,Latin America & Caribbean
BLR,Belarus,2080,opt,bws,Irr,0.945310536050004,131,0,Low (<10%),Europe,Europe & Central Asia
MNE,Montenegro,2050,bau,bws,Tot,0.944120700393962,131,0,Low (<10%),Europe,Europe & Central Asia
MNE,Montenegro,2050,pes,bws,Tot,0.943959981110726,132,0,Low (<10%),Europe,Europe & Central Asia
CRI,Costa Rica,2080,opt,bws,Dom,0.943461278275377,128,0,Low (<10%),Americas,Latin America & Caribbean
MWI,Malawi,2050,pes,bws,Tot,0.942878971980794,133,0,Low (<10%),Africa,Sub-Saharan Africa
CHE,Switzerland,2080,pes,bws,Liv,0.942620559685988,131,0,Low (<10%),Europe,Europe & Central Asia
SWE,Sweden,2030,pes,bws,Liv,0.942535482666278,113,0,Low (<10%),Europe,Europe & Central Asia
ETH,Ethiopia,2050,bau,bws,Dom,0.942079481035316,125,0,Low (<10%),Africa,Sub-Saharan Africa
GTM,Guatemala,2050,opt,bws,One,0.941730805363486,111,0,Low (<10%),Americas,Latin America & Caribbean
CRI,Costa Rica,2050,bau,bws,Irr,0.940892152958263,130,0,Low (<10%),Americas,Latin America & Caribbean
EST,Estonia,2050,opt,bws,One,0.940009965895862,112,0,Low (<10%),Europe,Europe & Central Asia
FIN,Finland,2030,opt,bws,Ind,0.939683200108928,120,0,Low (<10%),Europe,Europe & Central Asia
GEO,Georgia,2080,opt,bws,Dom,0.939677434998224,129,0,Low (<10%),Asia,Europe & Central Asia
DNK,Denmark,2030,opt,bws,Tot,0.939181751296211,130,0,Low (<10%),Europe,Europe & Central Asia
DNK,Denmark,2030,opt,bws,Ind,0.938911622873181,121,0,Low (<10%),Europe,Europe & Central Asia
BLR,Belarus,2030,pes,bws,Liv,0.938422174535309,114,0,Low (<10%),Europe,Europe & Central Asia
MDG,Madagascar,2030,opt,bws,Liv,0.937994092427151,112,0,Low (<10%),Africa,Sub-Saharan Africa
CRI,Costa Rica,2050,pes,bws,Dom,0.937549440200883,125,0,Low (<10%),Americas,Latin America & Caribbean
MNE,Montenegro,2050,bau,bws,Ind,0.936671084263288,125,0,Low (<10%),Europe,Europe & Central Asia
NIC,Nicaragua,2080,bau,bws,Liv,0.93395021191299,127,0,Low (<10%),Americas,Latin America & Caribbean
LAO,Laos,2050,pes,bws,Ind,0.933869278474466,125,0,Low (<10%),Asia,East Asia & Pacific
BLR,Belarus,2030,bau,bws,One,0.933258919172787,107,0,Low (<10%),Europe,Europe & Central Asia
FIN,Finland,2030,bau,bws,Ind,0.932697253659761,118,0,Low (<10%),Europe,Europe & Central Asia
CRI,Costa Rica,2030,pes,bws,Dom,0.932625152001042,121,0,Low (<10%),Americas,Latin America & Caribbean
MNE,Montenegro,2050,pes,bws,Ind,0.932505731641154,126,0,Low (<10%),Europe,Europe & Central Asia
VEN,Venezuela,2080,bau,bws,One,0.932234410926385,130,0,Low (<10%),Americas,Latin America & Caribbean
KEN,Kenya,2030,bau,bws,One,0.932101775940779,108,0,Low (<10%),Africa,Sub-Saharan Africa
GEO,Georgia,2030,opt,bws,Liv,0.930963577190845,113,0,Low (<10%),Asia,Europe & Central Asia
SWZ,Swaziland,2050,pes,bws,Irr,0.930744016356746,127,0,Low (<10%),Africa,Sub-Saharan Africa
NGA,Nigeria,2030,pes,bws,One,0.930106449265068,112,0,Low (<10%),Africa,Sub-Saharan Africa
GBR,United Kingdom,2050,pes,bws,Liv,0.928613742240675,115,0,Low (<10%),Europe,Europe & Central Asia
GMB,Gambia,2050,opt,bws,One,0.928034904935284,113,0,Low (<10%),Africa,Sub-Saharan Africa
LAO,Laos,2050,bau,bws,Dom,0.927755248469534,126,0,Low (<10%),Asia,East Asia & Pacific
PAN,Panama,2030,bau,bws,Ind,0.927688293560678,119,0,Low (<10%),Americas,Latin America & Caribbean
CRI,Costa Rica,2050,bau,bws,Tot,0.927406527905121,132,0,Low (<10%),Americas,Latin America & Caribbean
ETH,Ethiopia,2080,bau,bws,One,0.927332448353601,131,0,Low (<10%),Africa,Sub-Saharan Africa
LAO,Laos,2030,bau,bws,Ind,0.926706664392161,120,0,Low (<10%),Asia,East Asia & Pacific
ETH,Ethiopia,2080,bau,bws,Liv,0.926358461963327,128,0,Low (<10%),Africa,Sub-Saharan Africa
KEN,Kenya,2030,bau,bws,Liv,0.926328062504424,110,0,Low (<10%),Africa,Sub-Saharan Africa
LIE,Liechtenstein,2030,bau,bws,Tot,0.925716941890738,128,0,Low (<10%),Europe,Europe & Central Asia
LIE,Liechtenstein,2030,bau,bws,One,0.925716941890738,109,0,Low (<10%),Europe,Europe & Central Asia
LIE,Liechtenstein,2030,bau,bws,Liv,0.925716941890738,111,0,Low (<10%),Europe,Europe & Central Asia
LIE,Liechtenstein,2030,bau,bws,Irr,0.925716941890738,125,0,Low (<10%),Europe,Europe & Central Asia
LIE,Liechtenstein,2030,bau,bws,Ind,0.925716941890738,121,0,Low (<10%),Europe,Europe & Central Asia
LIE,Liechtenstein,2030,bau,bws,Dom,0.925716941890738,120,0,Low (<10%),Europe,Europe & Central Asia
BDI,Burundi,2050,pes,bws,Tot,0.925705036508032,134,0,Low (<10%),Africa,Sub-Saharan Africa
BLR,Belarus,2080,opt,bws,Liv,0.924215056336234,120,0,Low (<10%),Europe,Europe & Central Asia
UGA,Uganda,2050,pes,bws,Irr,0.923139363583582,128,0,Low (<10%),Africa,Sub-Saharan Africa
TGO,Togo,2080,pes,bws,Tot,0.921794440794667,147,0,Low (<10%),Africa,Sub-Saharan Africa
NIC,Nicaragua,2080,pes,bws,Dom,0.919219962499387,138,0,Low (<10%),Americas,Latin America & Caribbean
BLR,Belarus,2050,pes,bws,Irr,0.918248565566266,129,0,Low (<10%),Europe,Europe & Central Asia
MNE,Montenegro,2080,opt,bws,Tot,0.916925828821347,138,0,Low (<10%),Europe,Europe & Central Asia
MNE,Montenegro,2080,bau,bws,Liv,0.916841985566898,129,0,Low (<10%),Europe,Europe & Central Asia
MOZ,Mozambique,2030,bau,bws,Irr,0.915146386136961,126,0,Low (<10%),Africa,Sub-Saharan Africa
BTN,Bhutan,2050,opt,bws,Liv,0.914924249855029,117,0,Low (<10%),Asia,South Asia
GEO,Georgia,2050,pes,bws,Liv,0.91464426881178,116,0,Low (<10%),Asia,Europe & Central Asia
LAO,Laos,2050,bau,bws,Tot,0.913845878427001,133,0,Low (<10%),Asia,East Asia & Pacific
BTN,Bhutan,2080,opt,bws,One,0.913402282875043,116,0,Low (<10%),Asia,South Asia
GNB,Guinea-Bissau,2080,pes,bws,One,0.913364294504702,128,0,Low (<10%),Africa,Sub-Saharan Africa
NIC,Nicaragua,2080,pes,bws,Liv,0.912873788546568,132,0,Low (<10%),Americas,Latin America & Caribbean
BDI,Burundi,2050,opt,bws,Dom,0.91271607983142,123,0,Low (<10%),Africa,Sub-Saharan Africa
PAN,Panama,2030,opt,bws,Ind,0.912495141132023,122,0,Low (<10%),Americas,Latin America & Caribbean
GHA,Ghana,2050,pes,bws,Tot,0.912247679614859,135,0,Low (<10%),Africa,Sub-Saharan Africa
NIC,Nicaragua,2080,pes,bws,Tot,0.911690298662237,149,0,Low (<10%),Americas,Latin America & Caribbean
ZMB,Zambia,2030,bau,bws,Ind,0.911143435501403,122,0,Low (<10%),Africa,Sub-Saharan Africa
MNE,Montenegro,2080,pes,bws,Dom,0.91095059933611,139,0,Low (<10%),Europe,Europe & Central Asia
MDG,Madagascar,2030,bau,bws,Dom,0.910763789727944,121,0,Low (<10%),Africa,Sub-Saharan Africa
GEO,Georgia,2050,opt,bws,Ind,0.910715598205946,122,0,Low (<10%),Asia,Europe & Central Asia
ZMB,Zambia,2030,opt,bws,Ind,0.910456990327839,123,0,Low (<10%),Africa,Sub-Saharan Africa
PAN,Panama,2050,opt,bws,Dom,0.91016329787055,124,0,Low (<10%),Americas,Latin America & Caribbean
TZA,Tanzania,2080,pes,bws,Liv,0.90999830489674,133,0,Low (<10%),Africa,Sub-Saharan Africa
UGA,Uganda,2080,opt,bws,Liv,0.909937698810472,121,0,Low (<10%),Africa,Sub-Saharan Africa
SWZ,Swaziland,2080,opt,bws,One,0.909900302319176,117,0,Low (<10%),Africa,Sub-Saharan Africa
COD,Democratic Republic of the Congo,2080,pes,bws,Irr,0.909657985999212,140,0,Low (<10%),Africa,Sub-Saharan Africa
PAN,Panama,2050,opt,bws,Tot,0.909486027515641,130,0,Low (<10%),Americas,Latin America & Caribbean
SWZ,Swaziland,2050,bau,bws,Tot,0.909016866927446,134,0,Low (<10%),Africa,Sub-Saharan Africa
LAO,Laos,2050,bau,bws,Irr,0.908553530840139,131,0,Low (<10%),Asia,East Asia & Pacific
NGA,Nigeria,2030,bau,bws,One,0.908411127609723,110,0,Low (<10%),Africa,Sub-Saharan Africa
ZMB,Zambia,2050,opt,bws,Ind,0.908275071078033,123,0,Low (<10%),Africa,Sub-Saharan Africa
UGA,Uganda,2080,pes,bws,One,0.907841358043022,129,0,Low (<10%),Africa,Sub-Saharan Africa
HUN,Hungary,2080,pes,bws,Irr,0.907230612870468,141,0,Low (<10%),Europe,Europe & Central Asia
BTN,Bhutan,2050,opt,bws,Tot,0.906886925496352,131,0,Low (<10%),Asia,South Asia
PAN,Panama,2030,pes,bws,Dom,0.906606360708153,122,0,Low (<10%),Americas,Latin America & Caribbean
BDI,Burundi,2080,bau,bws,Liv,0.906484033961705,130,0,Low (<10%),Africa,Sub-Saharan Africa
MNE,Montenegro,2080,opt,bws,Ind,0.905759362434598,126,0,Low (<10%),Europe,Europe & Central Asia
TZA,Tanzania,2080,pes,bws,One,0.904725855611717,130,0,Low (<10%),Africa,Sub-Saharan Africa
MWI,Malawi,2050,opt,bws,One,0.904534615735144,114,0,Low (<10%),Africa,Sub-Saharan Africa
GBR,United Kingdom,2050,pes,bws,One,0.904245621018111,113,0,Low (<10%),Europe,Europe & Central Asia
AGO,Angola,2050,pes,bws,Dom,0.904227894168693,126,0,Low (<10%),Africa,Sub-Saharan Africa
MDG,Madagascar,2030,pes,bws,Dom,0.903330385001052,123,0,Low (<10%),Africa,Sub-Saharan Africa
BTN,Bhutan,2080,pes,bws,One,0.903172341119804,131,0,Low (<10%),Asia,South Asia
SVN,Slovenia,2080,pes,bws,Liv,0.902157536090762,134,0,Low (<10%),Europe,Europe & Central Asia
ZMB,Zambia,2080,pes,bws,Ind,0.901787757082074,140,0,Low (<10%),Africa,Sub-Saharan Africa
PAN,Panama,2030,pes,bws,Tot,0.90170539231667,130,0,Low (<10%),Americas,Latin America & Caribbean
ECU,Ecuador,2080,bau,bws,Liv,0.900876478927238,131,0,Low (<10%),Americas,Latin America & Caribbean
DNK,Denmark,2080,opt,bws,One,0.900603581646126,118,0,Low (<10%),Europe,Europe & Central Asia
TCD,Chad,2050,opt,bws,Tot,0.900284966963949,132,0,Low (<10%),Africa,Sub-Saharan Africa
SUR,Suriname,2080,pes,bws,Liv,0.899823762405793,135,0,Low (<10%),Americas,Latin America & Caribbean
UGA,Uganda,2050,bau,bws,Tot,0.899602807260141,135,0,Low (<10%),Africa,Sub-Saharan Africa
LIE,Liechtenstein,2050,bau,bws,Tot,0.899052778361691,136,0,Low (<10%),Europe,Europe & Central Asia
LIE,Liechtenstein,2050,bau,bws,One,0.899052778361691,112,0,Low (<10%),Europe,Europe & Central Asia
LIE,Liechtenstein,2050,bau,bws,Liv,0.899052778361691,112,0,Low (<10%),Europe,Europe & Central Asia
LIE,Liechtenstein,2050,bau,bws,Ind,0.899052778361691,126,0,Low (<10%),Europe,Europe & Central Asia
LIE,Liechtenstein,2050,bau,bws,Dom,0.899052778361691,127,0,Low (<10%),Europe,Europe & Central Asia
LAO,Laos,2080,bau,bws,Dom,0.898809114040264,140,0,Low (<10%),Asia,East Asia & Pacific
BLR,Belarus,2030,opt,bws,Liv,0.898223337523159,114,0,Low (<10%),Europe,Europe & Central Asia
BRA,Brazil,2080,opt,bws,Ind,0.897754180391912,127,0,Low (<10%),Americas,Latin America & Caribbean
DNK,Denmark,2080,opt,bws,Liv,0.89752800034834,122,0,Low (<10%),Europe,Europe & Central Asia
SOM,Somalia,2080,pes,bws,Liv,0.897358250073612,136,0,Low (<10%),Africa,Sub-Saharan Africa
GTM,Guatemala,2030,opt,bws,Dom,0.897216465955732,122,0,Low (<10%),Americas,Latin America & Caribbean
CRI,Costa Rica,2030,pes,bws,Irr,0.896615523256098,125,0,Low (<10%),Americas,Latin America & Caribbean
GEO,Georgia,2030,opt,bws,One,0.89657934558385,112,0,Low (<10%),Asia,Europe & Central Asia
EST,Estonia,2050,bau,bws,Liv,0.895261710859636,113,0,Low (<10%),Europe,Europe & Central Asia
GEO,Georgia,2030,bau,bws,One,0.895125276499038,111,0,Low (<10%),Asia,Europe & Central Asia
BLR,Belarus,2050,pes,bws,Liv,0.894607603762151,117,0,Low (<10%),Europe,Europe & Central Asia
SWZ,Swaziland,2030,bau,bws,Dom,0.89446029299966,122,0,Low (<10%),Africa,Sub-Saharan Africa
FIN,Finland,2080,opt,bws,Liv,0.893376834899448,123,0,Low (<10%),Europe,Europe & Central Asia
GEO,Georgia,2050,bau,bws,One,0.893229769295273,113,0,Low (<10%),Asia,Europe & Central Asia
ETH,Ethiopia,2030,pes,bws,Dom,0.893051435223948,124,0,Low (<10%),Africa,Sub-Saharan Africa
DNK,Denmark,2050,bau,bws,Irr,0.89289451779959,132,0,Low (<10%),Europe,Europe & Central Asia
MDG,Madagascar,2080,pes,bws,One,0.892875155648449,132,0,Low (<10%),Africa,Sub-Saharan Africa
LAO,Laos,2080,bau,bws,Tot,0.888390378121681,149,0,Low (<10%),Asia,East Asia & Pacific
CRI,Costa Rica,2030,pes,bws,Tot,0.888081986726424,131,0,Low (<10%),Americas,Latin America & Caribbean
ETH,Ethiopia,2050,pes,bws,One,0.887891178282931,114,0,Low (<10%),Africa,Sub-Saharan Africa
KEN,Kenya,2030,pes,bws,Liv,0.887742107305738,115,0,Low (<10%),Africa,Sub-Saharan Africa
SWZ,Swaziland,2030,bau,bws,Ind,0.887541325603359,123,0,Low (<10%),Africa,Sub-Saharan Africa
CRI,Costa Rica,2050,pes,bws,Irr,0.887188364028739,130,0,Low (<10%),Americas,Latin America & Caribbean
GNB,Guinea-Bissau,2080,bau,bws,Liv,0.887084911211919,132,0,Low (<10%),Africa,Sub-Saharan Africa
GEO,Georgia,2030,pes,bws,Liv,0.886977997097806,116,0,Low (<10%),Asia,Europe & Central Asia
GHA,Ghana,2050,opt,bws,Tot,0.886342279985891,133,0,Low (<10%),Africa,Sub-Saharan Africa
TGO,Togo,2050,bau,bws,Liv,0.885543554596844,115,0,Low (<10%),Africa,Sub-Saharan Africa
SWE,Sweden,2050,bau,bws,Tot,0.885368923974408,141,0,Low (<10%),Europe,Europe & Central Asia
CRI,Costa Rica,2050,pes,bws,Tot,0.885167787231668,136,0,Low (<10%),Americas,Latin America & Caribbean
URY,Uruguay,2050,pes,bws,One,0.884974994985589,115,0,Low (<10%),Americas,Latin America & Caribbean
GHA,Ghana,2050,pes,bws,Dom,0.884714521906192,127,0,Low (<10%),Africa,Sub-Saharan Africa
DNK,Denmark,2030,opt,bws,Irr,0.884493017471398,129,0,Low (<10%),Europe,Europe & Central Asia
ZMB,Zambia,2050,bau,bws,Dom,0.884383821937115,130,0,Low (<10%),Africa,Sub-Saharan Africa
EST,Estonia,2080,bau,bws,One,0.883886291856662,132,0,Low (<10%),Europe,Europe & Central Asia
LAO,Laos,2080,bau,bws,Irr,0.882444080279774,142,0,Low (<10%),Asia,East Asia & Pacific
LAO,Laos,2050,bau,bws,Liv,0.882014945364307,116,0,Low (<10%),Asia,East Asia & Pacific
SSD,South Sudan,2080,bau,bws,One,0.880398316024299,133,0,Low (<10%),Africa,Sub-Saharan Africa
BLZ,Belize,2080,pes,bws,One,0.880329804660898,133,0,Low (<10%),Americas,Latin America & Caribbean
GEO,Georgia,2050,pes,bws,One,0.879333835458204,116,0,Low (<10%),Asia,Europe & Central Asia
MYS,Malaysia,2050,bau,bws,Dom,0.878967900977504,131,0,Low (<10%),Asia,East Asia & Pacific
MWI,Malawi,2030,opt,bws,Tot,0.878788980324409,131,0,Low (<10%),Africa,Sub-Saharan Africa
CRI,Costa Rica,2080,opt,bws,Tot,0.878130893945161,139,0,Low (<10%),Americas,Latin America & Caribbean
COD,Democratic Republic of the Congo,2050,pes,bws,Irr,0.878015551165163,131,0,Low (<10%),Africa,Sub-Saharan Africa
SWZ,Swaziland,2030,bau,bws,Irr,0.877239291794672,127,0,Low (<10%),Africa,Sub-Saharan Africa
MOZ,Mozambique,2050,pes,bws,Liv,0.877152728108241,118,0,Low (<10%),Africa,Sub-Saharan Africa
HND,Honduras,2050,pes,bws,One,0.876407506533548,117,0,Low (<10%),Americas,Latin America & Caribbean
URY,Uruguay,2050,pes,bws,Liv,0.875871229198003,119,0,Low (<10%),Americas,Latin America & Caribbean
GEO,Georgia,2030,bau,bws,Liv,0.874460267529304,112,0,Low (<10%),Asia,Europe & Central Asia
SOM,Somalia,2080,pes,bws,Tot,0.873927134151256,150,0,Low (<10%),Africa,Sub-Saharan Africa
BOL,Bolivia,2080,bau,bws,One,0.87352601346553,134,0,Low (<10%),Americas,Latin America & Caribbean
FIN,Finland,2050,bau,bws,Tot,0.872530467851512,142,0,Low (<10%),Europe,Europe & Central Asia
ZMB,Zambia,2080,pes,bws,Dom,0.872485141499184,140,0,Low (<10%),Africa,Sub-Saharan Africa
SSD,South Sudan,2050,opt,bws,One,0.872429738411594,115,0,Low (<10%),Africa,Sub-Saharan Africa
LAO,Laos,2050,opt,bws,Ind,0.871320939802167,124,0,Low (<10%),Asia,East Asia & Pacific
MNE,Montenegro,2050,pes,bws,Liv,0.8708061084448,120,0,Low (<10%),Europe,Europe & Central Asia
LAO,Laos,2030,opt,bws,Ind,0.870765943640898,124,0,Low (<10%),Asia,East Asia & Pacific
ROU,Romania,2080,opt,bws,Irr,0.869750922437752,133,0,Low (<10%),Europe,Europe & Central Asia
BOL,Bolivia,2050,opt,bws,One,0.868638743741629,116,0,Low (<10%),Americas,Latin America & Caribbean
KEN,Kenya,2030,opt,bws,One,0.86765554064073,113,0,Low (<10%),Africa,Sub-Saharan Africa
ETH,Ethiopia,2080,opt,bws,One,0.86680042192518,119,0,Low (<10%),Africa,Sub-Saharan Africa
TGO,Togo,2080,pes,bws,Dom,0.866595659812411,141,0,Low (<10%),Africa,Sub-Saharan Africa
DNK,Denmark,2080,bau,bws,Dom,0.866151405239239,141,0,Low (<10%),Europe,Europe & Central Asia
EST,Estonia,2030,pes,bws,One,0.865965532390122,113,0,Low (<10%),Europe,Europe & Central Asia
TCD,Chad,2030,pes,bws,Irr,0.864980108600945,127,0,Low (<10%),Africa,Sub-Saharan Africa
BOL,Bolivia,2080,opt,bws,One,0.86446903279182,120,0,Low (<10%),Americas,Latin America & Caribbean
BTN,Bhutan,2080,bau,bws,One,0.862511494444918,135,0,Low (<10%),Asia,South Asia
NGA,Nigeria,2050,opt,bws,Ind,0.861795447758326,125,0,Low (<10%),Africa,Sub-Saharan Africa
SWE,Sweden,2050,bau,bws,Liv,0.861718417920187,117,0,Low (<10%),Europe,Europe & Central Asia
TCD,Chad,2080,opt,bws,Dom,0.861034618090592,130,0,Low (<10%),Africa,Sub-Saharan Africa
AGO,Angola,2030,bau,bws,Dom,0.860593241142962,123,0,Low (<10%),Africa,Sub-Saharan Africa
TGO,Togo,2080,bau,bws,Irr,0.859944007778111,143,0,Low (<10%),Africa,Sub-Saharan Africa
GMB,Gambia,2030,bau,bws,One,0.85981049511685,112,0,Low (<10%),Africa,Sub-Saharan Africa
TCD,Chad,2030,opt,bws,Dom,0.859291352738836,123,0,Low (<10%),Africa,Sub-Saharan Africa
ROU,Romania,2080,bau,bws,Irr,0.859265920010583,144,0,Low (<10%),Europe,Europe & Central Asia
LAO,Laos,2030,pes,bws,Ind,0.858540755164165,121,0,Low (<10%),Asia,East Asia & Pacific
MOZ,Mozambique,2080,pes,bws,One,0.858211930396476,134,0,Low (<10%),Africa,Sub-Saharan Africa
MNE,Montenegro,2080,opt,bws,Liv,0.857841682071044,124,0,Low (<10%),Europe,Europe & Central Asia
CRI,Costa Rica,2030,bau,bws,Dom,0.857543506390452,124,0,Low (<10%),Americas,Latin America & Caribbean
CHE,Switzerland,2080,pes,bws,Ind,0.856516134804161,141,0,Low (<10%),Europe,Europe & Central Asia
MWI,Malawi,2050,opt,bws,Tot,0.856440829565441,134,0,Low (<10%),Africa,Sub-Saharan Africa
ECU,Ecuador,2050,bau,bws,Liv,0.8559066362004,118,0,Low (<10%),Americas,Latin America & Caribbean
MNE,Montenegro,2050,bau,bws,Liv,0.855311695932895,119,0,Low (<10%),Europe,Europe & Central Asia
VEN,Venezuela,2050,bau,bws,Liv,0.854980800186563,120,0,Low (<10%),Americas,Latin America & Caribbean
MOZ,Mozambique,2050,bau,bws,Ind,0.854654665407064,131,0,Low (<10%),Africa,Sub-Saharan Africa
ETH,Ethiopia,2030,pes,bws,One,0.854309125089946,114,0,Low (<10%),Africa,Sub-Saharan Africa
LAO,Laos,2030,bau,bws,Dom,0.853658573365701,125,0,Low (<10%),Asia,East Asia & Pacific
LAO,Laos,2080,bau,bws,Liv,0.853246244632294,133,0,Low (<10%),Asia,East Asia & Pacific
DNK,Denmark,2030,pes,bws,Liv,0.852893262247743,117,0,Low (<10%),Europe,Europe & Central Asia
FIN,Finland,2050,bau,bws,Ind,0.852645553638274,132,0,Low (<10%),Europe,Europe & Central Asia
GHA,Ghana,2050,opt,bws,Dom,0.85174760569946,125,0,Low (<10%),Africa,Sub-Saharan Africa
ZMB,Zambia,2050,pes,bws,Ind,0.851420410538531,127,0,Low (<10%),Africa,Sub-Saharan Africa
SWZ,Swaziland,2050,opt,bws,Ind,0.851093130342049,126,0,Low (<10%),Africa,Sub-Saharan Africa
MYS,Malaysia,2080,opt,bws,Dom,0.850925469312137,131,0,Low (<10%),Asia,East Asia & Pacific
MDG,Madagascar,2050,bau,bws,One,0.850442301406103,119,0,Low (<10%),Africa,Sub-Saharan Africa
SSD,South Sudan,2050,bau,bws,Tot,0.849959146810694,144,0,Low (<10%),Africa,Sub-Saharan Africa
TCD,Chad,2080,pes,bws,Irr,0.849602243181132,142,0,Low (<10%),Africa,Sub-Saharan Africa
MNE,Montenegro,2030,opt,bws,Tot,0.849129180694688,132,0,Low (<10%),Europe,Europe & Central Asia
SWZ,Swaziland,2030,bau,bws,Tot,0.848860461871231,130,0,Low (<10%),Africa,Sub-Saharan Africa
ZMB,Zambia,2050,pes,bws,Dom,0.845649445883231,128,0,Low (<10%),Africa,Sub-Saharan Africa
COL,Colombia,2080,opt,bws,Irr,0.844968151628702,134,0,Low (<10%),Americas,Latin America & Caribbean
MDG,Madagascar,2050,opt,bws,One,0.844594840755043,117,0,Low (<10%),Africa,Sub-Saharan Africa
BDI,Burundi,2050,pes,bws,One,0.844371036382952,118,0,Low (<10%),Africa,Sub-Saharan Africa
AGO,Angola,2080,opt,bws,Dom,0.843960381105002,132,0,Low (<10%),Africa,Sub-Saharan Africa
MOZ,Mozambique,2080,opt,bws,One,0.843487125346225,121,0,Low (<10%),Africa,Sub-Saharan Africa
MNE,Montenegro,2030,opt,bws,Ind,0.843293963606647,125,0,Low (<10%),Europe,Europe & Central Asia
GEO,Georgia,2080,opt,bws,Ind,0.843293368668512,128,0,Low (<10%),Asia,Europe & Central Asia
BTN,Bhutan,2080,pes,bws,Irr,0.842685631243383,143,0,Low (<10%),Asia,South Asia
ZMB,Zambia,2080,opt,bws,Dom,0.841915452514497,133,0,Low (<10%),Africa,Sub-Saharan Africa
BOL,Bolivia,2080,pes,bws,One,0.841613603894908,135,0,Low (<10%),Americas,Latin America & Caribbean
AUT,Austria,2080,pes,bws,Irr,0.84147897161718,144,0,Low (<10%),Europe,Europe & Central Asia
CRI,Costa Rica,2080,opt,bws,Irr,0.841460347469644,135,0,Low (<10%),Americas,Latin America & Caribbean
MDG,Madagascar,2030,opt,bws,Dom,0.84051614346017,124,0,Low (<10%),Africa,Sub-Saharan Africa
EST,Estonia,2030,bau,bws,One,0.840510003541629,113,0,Low (<10%),Europe,Europe & Central Asia
SSD,South Sudan,2030,bau,bws,One,0.840380995910512,114,0,Low (<10%),Africa,Sub-Saharan Africa
GBR,United Kingdom,2050,opt,bws,One,0.84026969793569,118,0,Low (<10%),Europe,Europe & Central Asia
GBR,United Kingdom,2080,opt,bws,Liv,0.84001668275047,125,0,Low (<10%),Europe,Europe & Central Asia
SUR,Suriname,2080,pes,bws,One,0.839881059191858,136,0,Low (<10%),Americas,Latin America & Caribbean
MYS,Malaysia,2050,pes,bws,Dom,0.839754013543195,129,0,Low (<10%),Asia,East Asia & Pacific
PAN,Panama,2050,opt,bws,Ind,0.839650024689571,127,0,Low (<10%),Americas,Latin America & Caribbean
GBR,United Kingdom,2080,opt,bws,One,0.839350509960377,122,0,Low (<10%),Europe,Europe & Central Asia
UGA,Uganda,2050,pes,bws,Liv,0.839204770169393,121,0,Low (<10%),Africa,Sub-Saharan Africa
RWA,Rwanda,2050,opt,bws,Ind,0.838672602525501,128,0,Low (<10%),Africa,Sub-Saharan Africa
HUN,Hungary,2080,pes,bws,Liv,0.838517782789193,137,0,Low (<10%),Europe,Europe & Central Asia
CRI,Costa Rica,2030,opt,bws,Dom,0.83842704406688,125,0,Low (<10%),Americas,Latin America & Caribbean
CRI,Costa Rica,2080,bau,bws,Liv,0.837929377262315,134,0,Low (<10%),Americas,Latin America & Caribbean
SSD,South Sudan,2050,pes,bws,One,0.837641116858448,119,0,Low (<10%),Africa,Sub-Saharan Africa
TCD,Chad,2030,pes,bws,Tot,0.837622238746368,132,0,Low (<10%),Africa,Sub-Saharan Africa
CRI,Costa Rica,2050,opt,bws,Dom,0.837619338214525,126,0,Low (<10%),Americas,Latin America & Caribbean
SVN,Slovenia,2080,pes,bws,Irr,0.837574475896343,145,0,Low (<10%),Europe,Europe & Central Asia
GEO,Georgia,2030,pes,bws,One,0.836691355970656,115,0,Low (<10%),Asia,Europe & Central Asia
LAO,Laos,2080,opt,bws,Ind,0.836592307706967,129,0,Low (<10%),Asia,East Asia & Pacific
DNK,Denmark,2080,bau,bws,Tot,0.835793613327269,150,0,Low (<10%),Europe,Europe & Central Asia
MWI,Malawi,2030,bau,bws,Tot,0.835454904703118,131,0,Low (<10%),Africa,Sub-Saharan Africa
COL,Colombia,2030,opt,bws,Irr,0.835259313303388,130,0,Low (<10%),Americas,Latin America & Caribbean
UGA,Uganda,2050,bau,bws,Liv,0.835106730088434,121,0,Low (<10%),Africa,Sub-Saharan Africa
BLR,Belarus,2030,bau,bws,Irr,0.834859252926487,128,0,Low (<10%),Europe,Europe & Central Asia
SWZ,Swaziland,2050,opt,bws,Dom,0.833913848420848,127,0,Low (<10%),Africa,Sub-Saharan Africa
GMB,Gambia,2030,pes,bws,One,0.833333333333333,116,0,Low (<10%),Africa,Sub-Saharan Africa
ZMB,Zambia,2050,opt,bws,Dom,0.833193266492862,128,0,Low (<10%),Africa,Sub-Saharan Africa
SOM,Somalia,2080,pes,bws,Irr,0.833109216309605,146,0,Low (<10%),Africa,Sub-Saharan Africa
ETH,Ethiopia,2050,pes,bws,Liv,0.832984171537168,122,0,Low (<10%),Africa,Sub-Saharan Africa
GBR,United Kingdom,2050,opt,bws,Liv,0.83290600283052,118,0,Low (<10%),Europe,Europe & Central Asia
UGA,Uganda,2080,opt,bws,Dom,0.832294471243108,134,0,Low (<10%),Africa,Sub-Saharan Africa
BLR,Belarus,2050,bau,bws,One,0.832187155251194,120,0,Low (<10%),Europe,Europe & Central Asia
SVN,Slovenia,2050,opt,bws,Ind,0.832120966343956,129,0,Low (<10%),Europe,Europe & Central Asia
BLR,Belarus,2030,bau,bws,Liv,0.83204509700829,113,0,Low (<10%),Europe,Europe & Central Asia
LAO,Laos,2050,pes,bws,Dom,0.830679723013624,130,0,Low (<10%),Asia,East Asia & Pacific
GTM,Guatemala,2030,opt,bws,One,0.829491732387725,114,0,Low (<10%),Americas,Latin America & Caribbean
PRK,North Korea,2050,bau,bws,Liv,0.829490667821252,122,0,Low (<10%),Asia,East Asia & Pacific
SSD,South Sudan,2050,bau,bws,Dom,0.829253109288886,132,0,Low (<10%),Africa,Sub-Saharan Africa
AGO,Angola,2030,opt,bws,Dom,0.828952426911687,126,0,Low (<10%),Africa,Sub-Saharan Africa
COL,Colombia,2050,pes,bws,Irr,0.828777235569518,132,0,Low (<10%),Americas,Latin America & Caribbean
LAO,Laos,2030,bau,bws,Tot,0.827074045324476,132,0,Low (<10%),Asia,East Asia & Pacific
COL,Colombia,2050,bau,bws,Irr,0.826619653509359,136,0,Low (<10%),Americas,Latin America & Caribbean
SSD,South Sudan,2050,pes,bws,Dom,0.826562908825169,131,0,Low (<10%),Africa,Sub-Saharan Africa
BTN,Bhutan,2050,pes,bws,Tot,0.825268883758011,138,0,Low (<10%),Asia,South Asia
DNK,Denmark,2080,bau,bws,Ind,0.824973059081517,139,0,Low (<10%),Europe,Europe & Central Asia
SSD,South Sudan,2050,pes,bws,Liv,0.824847373167309,123,0,Low (<10%),Africa,Sub-Saharan Africa
BTN,Bhutan,2050,bau,bws,Tot,0.824793290736386,145,0,Low (<10%),Asia,South Asia
DNK,Denmark,2030,pes,bws,One,0.824690031007436,117,0,Low (<10%),Europe,Europe & Central Asia
LAO,Laos,2030,bau,bws,Irr,0.824468749174055,129,0,Low (<10%),Asia,East Asia & Pacific
PRK,North Korea,2050,pes,bws,Liv,0.823957358316713,124,0,Low (<10%),Asia,East Asia & Pacific
TCD,Chad,2080,pes,bws,Liv,0.823452131621821,138,0,Low (<10%),Africa,Sub-Saharan Africa
BTN,Bhutan,2030,opt,bws,Liv,0.823271513476472,115,0,Low (<10%),Asia,South Asia
LAO,Laos,2050,bau,bws,One,0.822225080688166,121,0,Low (<10%),Asia,East Asia & Pacific
MWI,Malawi,2050,bau,bws,Dom,0.821673419780837,133,0,Low (<10%),Africa,Sub-Saharan Africa
MDG,Madagascar,2050,pes,bws,One,0.821435507429972,120,0,Low (<10%),Africa,Sub-Saharan Africa
LAO,Laos,2030,opt,bws,Tot,0.820980693625969,134,0,Low (<10%),Asia,East Asia & Pacific
LAO,Laos,2030,opt,bws,Irr,0.82052523074813,131,0,Low (<10%),Asia,East Asia & Pacific
MYS,Malaysia,2050,opt,bws,Dom,0.820427321577884,129,0,Low (<10%),Asia,East Asia & Pacific
LAO,Laos,2080,pes,bws,Ind,0.820189854475701,142,0,Low (<10%),Asia,East Asia & Pacific
LAO,Laos,2080,pes,bws,Dom,0.820140069807118,142,0,Low (<10%),Asia,East Asia & Pacific
ECU,Ecuador,2050,opt,bws,Liv,0.819820301888026,119,0,Low (<10%),Americas,Latin America & Caribbean
SSD,South Sudan,2030,bau,bws,Liv,0.819592460044121,114,0,Low (<10%),Africa,Sub-Saharan Africa
MLI,Mali,2080,opt,bws,Irr,0.819498480160188,136,0,Low (<10%),Africa,Sub-Saharan Africa
RWA,Rwanda,2050,pes,bws,Ind,0.819206257348828,128,0,Low (<10%),Africa,Sub-Saharan Africa
ROU,Romania,2050,opt,bws,Irr,0.818012131251854,129,0,Low (<10%),Europe,Europe & Central Asia
UGA,Uganda,2080,opt,bws,Tot,0.817047476400238,141,0,Low (<10%),Africa,Sub-Saharan Africa
SRB,Serbia,2080,bau,bws,Irr,0.816990505464824,145,0,Low (<10%),Europe,Europe & Central Asia
MWI,Malawi,2050,pes,bws,Dom,0.816350094947006,132,0,Low (<10%),Africa,Sub-Saharan Africa
DNK,Denmark,2080,bau,bws,Irr,0.815942087052518,146,0,Low (<10%),Europe,Europe & Central Asia
CAF,Central African Republic,2030,bau,bws,Irr,0.815611115151598,130,0,Low (<10%),Africa,Sub-Saharan Africa
DNK,Denmark,2030,bau,bws,Liv,0.814641454545344,115,0,Low (<10%),Europe,Europe & Central Asia
AGO,Angola,2050,opt,bws,Dom,0.813926021809849,130,0,Low (<10%),Africa,Sub-Saharan Africa
GMB,Gambia,2080,opt,bws,Irr,0.813625550298861,137,0,Low (<10%),Africa,Sub-Saharan Africa
MYS,Malaysia,2050,bau,bws,Ind,0.812970777626539,133,0,Low (<10%),Asia,East Asia & Pacific
TZA,Tanzania,2050,bau,bws,One,0.811103296618584,122,0,Low (<10%),Africa,Sub-Saharan Africa
LAO,Laos,2030,opt,bws,Dom,0.810419132001043,127,0,Low (<10%),Asia,East Asia & Pacific
ETH,Ethiopia,2050,opt,bws,One,0.810374098948457,119,0,Low (<10%),Africa,Sub-Saharan Africa
LAO,Laos,2050,pes,bws,Tot,0.810105322823534,139,0,Low (<10%),Asia,East Asia & Pacific
LAO,Laos,2030,bau,bws,Liv,0.808621117753229,116,0,Low (<10%),Asia,East Asia & Pacific
CRI,Costa Rica,2030,bau,bws,Tot,0.808550520881717,133,0,Low (<10%),Americas,Latin America & Caribbean
CHE,Switzerland,2080,pes,bws,One,0.808324884335622,137,0,Low (<10%),Europe,Europe & Central Asia
NGA,Nigeria,2050,pes,bws,Ind,0.807970129708064,129,0,Low (<10%),Africa,Sub-Saharan Africa
SRB,Serbia,2080,pes,bws,Irr,0.807665550798271,147,0,Low (<10%),Europe,Europe & Central Asia
LAO,Laos,2050,pes,bws,Irr,0.807568111296453,133,0,Low (<10%),Asia,East Asia & Pacific
TCD,Chad,2030,bau,bws,Irr,0.80697925324614,131,0,Low (<10%),Africa,Sub-Saharan Africa
SWE,Sweden,2080,opt,bws,Ind,0.806777775451271,130,0,Low (<10%),Europe,Europe & Central Asia
PRK,North Korea,2030,bau,bws,Liv,0.80677042977681,117,0,Low (<10%),Asia,East Asia & Pacific
KEN,Kenya,2030,opt,bws,Liv,0.806284585311938,116,0,Low (<10%),Africa,Sub-Saharan Africa
ETH,Ethiopia,2030,opt,bws,Dom,0.805920157066551,128,0,Low (<10%),Africa,Sub-Saharan Africa
BLR,Belarus,2050,bau,bws,Irr,0.805777204237818,137,0,Low (<10%),Europe,Europe & Central Asia
PAN,Panama,2030,pes,bws,Ind,0.805114784502264,122,0,Low (<10%),Americas,Latin America & Caribbean
MOZ,Mozambique,2050,opt,bws,Irr,0.804966985462966,130,0,Low (<10%),Africa,Sub-Saharan Africa
SWZ,Swaziland,2050,bau,bws,Irr,0.804960365817902,138,0,Low (<10%),Africa,Sub-Saharan Africa
SVN,Slovenia,2050,opt,bws,Tot,0.804726383926895,136,0,Low (<10%),Europe,Europe & Central Asia
VEN,Venezuela,2050,pes,bws,Liv,0.804640664043098,125,0,Low (<10%),Americas,Latin America & Caribbean
BOL,Bolivia,2030,bau,bws,One,0.804298994006033,115,0,Low (<10%),Americas,Latin America & Caribbean
LAO,Laos,2080,opt,bws,Dom,0.804291640760834,135,0,Low (<10%),Asia,East Asia & Pacific
MOZ,Mozambique,2030,bau,bws,Tot,0.804097996303031,134,0,Low (<10%),Africa,Sub-Saharan Africa
ETH,Ethiopia,2030,bau,bws,Dom,0.803946389353428,126,0,Low (<10%),Africa,Sub-Saharan Africa
FIN,Finland,2080,pes,bws,One,0.803861367558522,138,0,Low (<10%),Europe,Europe & Central Asia
AGO,Angola,2030,pes,bws,Dom,0.803660490090611,125,0,Low (<10%),Africa,Sub-Saharan Africa
BIH,Bosnia and Herzegovina,2080,pes,bws,Dom,0.803612353898294,143,0,Low (<10%),Europe,Europe & Central Asia
LAO,Laos,2050,opt,bws,Irr,0.80358715699845,131,0,Low (<10%),Asia,East Asia & Pacific
MLI,Mali,2030,bau,bws,Irr,0.803377019720166,132,0,Low (<10%),Africa,Sub-Saharan Africa
LAO,Laos,2050,opt,bws,Tot,0.803373932528914,137,0,Low (<10%),Asia,East Asia & Pacific
MDG,Madagascar,2080,opt,bws,One,0.802965008260244,123,0,Low (<10%),Africa,Sub-Saharan Africa
CHE,Switzerland,2050,pes,bws,Liv,0.802820139382584,126,0,Low (<10%),Europe,Europe & Central Asia
RWA,Rwanda,2050,opt,bws,Dom,0.802671862826836,131,0,Low (<10%),Africa,Sub-Saharan Africa
GHA,Ghana,2080,opt,bws,Liv,0.802252313567408,126,0,Low (<10%),Africa,Sub-Saharan Africa
TCD,Chad,2030,bau,bws,Tot,0.80193069505013,135,0,Low (<10%),Africa,Sub-Saharan Africa
COL,Colombia,2030,pes,bws,Irr,0.801568900387775,128,0,Low (<10%),Americas,Latin America & Caribbean
LAO,Laos,2030,pes,bws,Tot,0.801458275575563,134,0,Low (<10%),Asia,East Asia & Pacific
PRK,North Korea,2030,pes,bws,Liv,0.800965068012241,118,0,Low (<10%),Asia,East Asia & Pacific
LAO,Laos,2030,pes,bws,Irr,0.800761547332109,129,0,Low (<10%),Asia,East Asia & Pacific
MNE,Montenegro,2030,bau,bws,Tot,0.799071632759829,136,0,Low (<10%),Europe,Europe & Central Asia
SRB,Serbia,2050,bau,bws,Irr,0.798911706254079,139,0,Low (<10%),Europe,Europe & Central Asia
BTN,Bhutan,2050,pes,bws,One,0.798864288846039,121,0,Low (<10%),Asia,South Asia
LAO,Laos,2080,pes,bws,Tot,0.798666331519519,151,0,Low (<10%),Asia,East Asia & Pacific
LAO,Laos,2080,opt,bws,Tot,0.798519082808364,142,0,Low (<10%),Asia,East Asia & Pacific
TZA,Tanzania,2050,pes,bws,One,0.79844959652172,122,0,Low (<10%),Africa,Sub-Saharan Africa
MNE,Montenegro,2030,bau,bws,Ind,0.797970532010852,124,0,Low (<10%),Europe,Europe & Central Asia
BOL,Bolivia,2030,pes,bws,One,0.797899550552983,118,0,Low (<10%),Americas,Latin America & Caribbean
LAO,Laos,2080,bau,bws,One,0.797887847667062,136,0,Low (<10%),Asia,East Asia & Pacific
COL,Colombia,2050,opt,bws,Irr,0.797757380185618,132,0,Low (<10%),Americas,Latin America & Caribbean
SVN,Slovenia,2080,pes,bws,Dom,0.797460443532675,144,0,Low (<10%),Europe,Europe & Central Asia
LAO,Laos,2080,opt,bws,Irr,0.797458449788766,138,0,Low (<10%),Asia,East Asia & Pacific
LAO,Laos,2080,pes,bws,Irr,0.796929899158897,148,0,Low (<10%),Asia,East Asia & Pacific
SVN,Slovenia,2050,pes,bws,Ind,0.796339402130509,130,0,Low (<10%),Europe,Europe & Central Asia
MLI,Mali,2080,bau,bws,Ind,0.795828396201438,140,0,Low (<10%),Africa,Sub-Saharan Africa
HND,Honduras,2050,bau,bws,One,0.794993823104191,123,0,Low (<10%),Americas,Latin America & Caribbean
SWE,Sweden,2080,bau,bws,Liv,0.7947473151697,135,0,Low (<10%),Europe,Europe & Central Asia
LAO,Laos,2050,pes,bws,Liv,0.794313164731276,127,0,Low (<10%),Asia,East Asia & Pacific
MNE,Montenegro,2050,opt,bws,Tot,0.794124830087259,138,0,Low (<10%),Europe,Europe & Central Asia
LAO,Laos,2030,pes,bws,Dom,0.79410832450758,126,0,Low (<10%),Asia,East Asia & Pacific
LAO,Laos,2080,pes,bws,Liv,0.793926061539045,139,0,Low (<10%),Asia,East Asia & Pacific
GEO,Georgia,2050,opt,bws,Liv,0.793786489958103,120,0,Low (<10%),Asia,Europe & Central Asia
CRI,Costa Rica,2030,bau,bws,Irr,0.793609778917893,133,0,Low (<10%),Americas,Latin America & Caribbean
SWZ,Swaziland,2030,opt,bws,One,0.793538760518374,115,0,Low (<10%),Africa,Sub-Saharan Africa
SWE,Sweden,2080,pes,bws,One,0.79310996928273,139,0,Low (<10%),Europe,Europe & Central Asia
MWI,Malawi,2050,bau,bws,Ind,0.793054519729482,134,0,Low (<10%),Africa,Sub-Saharan Africa
DNK,Denmark,2030,bau,bws,One,0.792994381528756,116,0,Low (<10%),Europe,Europe & Central Asia
BIH,Bosnia and Herzegovina,2080,pes,bws,Ind,0.792837058305324,143,0,Low (<10%),Europe,Europe & Central Asia
TGO,Togo,2080,opt,bws,Tot,0.792185942256527,143,0,Low (<10%),Africa,Sub-Saharan Africa
BIH,Bosnia and Herzegovina,2080,pes,bws,Tot,0.791103325763467,152,0,Low (<10%),Europe,Europe & Central Asia
BTN,Bhutan,2050,bau,bws,One,0.789075134363612,124,0,Low (<10%),Asia,South Asia
RWA,Rwanda,2050,opt,bws,Tot,0.788656977575967,139,0,Low (<10%),Africa,Sub-Saharan Africa
ECU,Ecuador,2050,pes,bws,Liv,0.788200157930821,128,0,Low (<10%),Americas,Latin America & Caribbean
PRK,North Korea,2030,opt,bws,Liv,0.7878594149005,117,0,Low (<10%),Asia,East Asia & Pacific
GEO,Georgia,2050,opt,bws,One,0.78770548809434,120,0,Low (<10%),Asia,Europe & Central Asia
MOZ,Mozambique,2030,opt,bws,Liv,0.787375014145276,118,0,Low (<10%),Africa,Sub-Saharan Africa
TCD,Chad,2030,bau,bws,Dom,0.787364827695296,127,0,Low (<10%),Africa,Sub-Saharan Africa
MOZ,Mozambique,2050,pes,bws,One,0.7871517162196,123,0,Low (<10%),Africa,Sub-Saharan Africa
CRI,Costa Rica,2030,opt,bws,Tot,0.786001677328029,135,0,Low (<10%),Americas,Latin America & Caribbean
MNE,Montenegro,2050,opt,bws,Ind,0.785948545340038,130,0,Low (<10%),Europe,Europe & Central Asia
SSD,South Sudan,2050,pes,bws,Tot,0.785355159026073,140,0,Low (<10%),Africa,Sub-Saharan Africa
ROU,Romania,2050,pes,bws,Irr,0.78509992212228,134,0,Low (<10%),Europe,Europe & Central Asia
COL,Colombia,2030,bau,bws,Irr,0.784659747535793,134,0,Low (<10%),Americas,Latin America & Caribbean
TCD,Chad,2050,bau,bws,Dom,0.783769371901131,134,0,Low (<10%),Africa,Sub-Saharan Africa
HND,Honduras,2050,bau,bws,Dom,0.783562488934004,135,0,Low (<10%),Americas,Latin America & Caribbean
PRK,North Korea,2050,opt,bws,Liv,0.782695858687689,121,0,Low (<10%),Asia,East Asia & Pacific
EST,Estonia,2080,opt,bws,One,0.782498496584741,124,0,Low (<10%),Europe,Europe & Central Asia
NIC,Nicaragua,2080,pes,bws,Ind,0.781936453941196,144,0,Low (<10%),Americas,Latin America & Caribbean
BTN,Bhutan,2030,opt,bws,Dom,0.781241285194113,129,0,Low (<10%),Asia,South Asia
MYS,Malaysia,2080,opt,bws,Ind,0.780843514498272,131,0,Low (<10%),Asia,East Asia & Pacific
TGO,Togo,2050,opt,bws,Liv,0.780762194213017,122,0,Low (<10%),Africa,Sub-Saharan Africa
CRI,Costa Rica,2050,opt,bws,Tot,0.780407661436293,140,0,Low (<10%),Americas,Latin America & Caribbean
PRK,North Korea,2080,bau,bws,Liv,0.779316135552285,136,0,Low (<10%),Asia,East Asia & Pacific
FIN,Finland,2080,bau,bws,Liv,0.779176236183417,137,0,Low (<10%),Europe,Europe & Central Asia
CHE,Switzerland,2080,pes,bws,Tot,0.778416761519677,153,0,Low (<10%),Europe,Europe & Central Asia
MOZ,Mozambique,2030,opt,bws,Tot,0.778034213313773,136,0,Low (<10%),Africa,Sub-Saharan Africa
RWA,Rwanda,2050,pes,bws,Dom,0.777906875057497,133,0,Low (<10%),Africa,Sub-Saharan Africa
NIC,Nicaragua,2080,bau,bws,Ind,0.777893245225454,141,0,Low (<10%),Americas,Latin America & Caribbean
CRI,Costa Rica,2030,opt,bws,Irr,0.777114201942496,132,0,Low (<10%),Americas,Latin America & Caribbean
CRI,Costa Rica,2050,bau,bws,Ind,0.776820592392132,135,0,Low (<10%),Americas,Latin America & Caribbean
SWE,Sweden,2050,opt,bws,One,0.775715163097687,121,0,Low (<10%),Europe,Europe & Central Asia
SUR,Suriname,2080,bau,bws,Liv,0.775225096519477,138,0,Low (<10%),Americas,Latin America & Caribbean
EST,Estonia,2050,pes,bws,One,0.774990977131231,124,0,Low (<10%),Europe,Europe & Central Asia
SWE,Sweden,2080,bau,bws,Tot,0.77482168776829,151,0,Low (<10%),Europe,Europe & Central Asia
MLI,Mali,2080,opt,bws,Ind,0.774254005813259,132,0,Low (<10%),Africa,Sub-Saharan Africa
MNE,Montenegro,2030,pes,bws,Tot,0.772775695292001,135,0,Low (<10%),Europe,Europe & Central Asia
BTN,Bhutan,2030,bau,bws,Liv,0.772155215222516,118,0,Low (<10%),Asia,South Asia
NGA,Nigeria,2050,bau,bws,Ind,0.772033191345616,136,0,Low (<10%),Africa,Sub-Saharan Africa
MWI,Malawi,2030,opt,bws,One,0.771881630242146,116,0,Low (<10%),Africa,Sub-Saharan Africa
MNE,Montenegro,2030,opt,bws,Liv,0.771236432885344,119,0,Low (<10%),Europe,Europe & Central Asia
ECU,Ecuador,2080,opt,bws,Liv,0.771023427097497,127,0,Low (<10%),Americas,Latin America & Caribbean
PRK,North Korea,2080,opt,bws,Liv,0.770684179224548,128,0,Low (<10%),Asia,East Asia & Pacific
LAO,Laos,2030,bau,bws,One,0.770350099520927,117,0,Low (<10%),Asia,East Asia & Pacific
BTN,Bhutan,2030,pes,bws,Liv,0.770290232427363,119,0,Low (<10%),Asia,South Asia
PRK,North Korea,2080,pes,bws,Liv,0.770125972927048,140,0,Low (<10%),Asia,East Asia & Pacific
SVN,Slovenia,2050,pes,bws,Tot,0.769981981023732,141,0,Low (<10%),Europe,Europe & Central Asia
MYS,Malaysia,2050,pes,bws,Ind,0.769664300631553,131,0,Low (<10%),Asia,East Asia & Pacific
GMB,Gambia,2050,bau,bws,Irr,0.769606876198207,140,0,Low (<10%),Africa,Sub-Saharan Africa
LAO,Laos,2050,opt,bws,Dom,0.769378829733479,132,0,Low (<10%),Asia,East Asia & Pacific
MNE,Montenegro,2030,pes,bws,Ind,0.768840723678496,123,0,Low (<10%),Europe,Europe & Central Asia
FIN,Finland,2030,opt,bws,Liv,0.768358124017329,120,0,Low (<10%),Europe,Europe & Central Asia
MLI,Mali,2050,opt,bws,Irr,0.768335323266347,133,0,Low (<10%),Africa,Sub-Saharan Africa
EST,Estonia,2030,opt,bws,One,0.767719450083532,117,0,Low (<10%),Europe,Europe & Central Asia
TGO,Togo,2080,bau,bws,One,0.767256656153985,138,0,Low (<10%),Africa,Sub-Saharan Africa
SRB,Serbia,2080,opt,bws,Irr,0.766870546813441,139,0,Low (<10%),Europe,Europe & Central Asia
ETH,Ethiopia,2050,bau,bws,Liv,0.766682209219936,123,0,Low (<10%),Africa,Sub-Saharan Africa
MNE,Montenegro,2030,pes,bws,Liv,0.766454429949986,120,0,Low (<10%),Europe,Europe & Central Asia
RWA,Rwanda,2050,pes,bws,Tot,0.765690467365387,142,0,Low (<10%),Africa,Sub-Saharan Africa
LVA,Latvia,2050,opt,bws,Dom,0.765485425312686,133,0,Low (<10%),Europe,Europe & Central Asia
BLR,Belarus,2050,bau,bws,Liv,0.764841989646248,124,0,Low (<10%),Europe,Europe & Central Asia
CHE,Switzerland,2050,pes,bws,Irr,0.764777511580313,135,0,Low (<10%),Europe,Europe & Central Asia
SWE,Sweden,2030,bau,bws,Liv,0.764296592364303,119,0,Low (<10%),Europe,Europe & Central Asia
UGA,Uganda,2080,opt,bws,One,0.764073496492672,125,0,Low (<10%),Africa,Sub-Saharan Africa
SWE,Sweden,2030,bau,bws,Tot,0.762289386501657,137,0,Low (<10%),Europe,Europe & Central Asia
SOM,Somalia,2080,pes,bws,One,0.762007710816108,140,0,Low (<10%),Africa,Sub-Saharan Africa
MNE,Montenegro,2030,bau,bws,Liv,0.761479941517378,120,0,Low (<10%),Europe,Europe & Central Asia
GMB,Gambia,2080,opt,bws,Liv,0.761452074711742,129,0,Low (<10%),Africa,Sub-Saharan Africa
DNK,Denmark,2050,bau,bws,One,0.761383769235941,125,0,Low (<10%),Europe,Europe & Central Asia
ROU,Romania,2030,opt,bws,Irr,0.761075854771725,133,0,Low (<10%),Europe,Europe & Central Asia
MWI,Malawi,2080,opt,bws,Liv,0.760209365055516,130,0,Low (<10%),Africa,Sub-Saharan Africa
BEN,Benin,2080,pes,bws,Ind,0.759657866897789,145,0,Low (<10%),Africa,Sub-Saharan Africa
ECU,Ecuador,2030,bau,bws,Liv,0.759569187181522,121,0,Low (<10%),Americas,Latin America & Caribbean
MWI,Malawi,2080,pes,bws,Liv,0.759503710259422,141,0,Low (<10%),Africa,Sub-Saharan Africa
BOL,Bolivia,2080,bau,bws,Irr,0.758737559911003,147,0,Low (<10%),Americas,Latin America & Caribbean
HND,Honduras,2050,pes,bws,Irr,0.758348550683772,136,0,Low (<10%),Americas,Latin America & Caribbean
TZA,Tanzania,2050,bau,bws,Liv,0.757226766602341,125,0,Low (<10%),Africa,Sub-Saharan Africa
BOL,Bolivia,2080,bau,bws,Tot,0.756440892071254,152,0,Low (<10%),Americas,Latin America & Caribbean
SWZ,Swaziland,2050,opt,bws,Tot,0.756299716358571,141,0,Low (<10%),Africa,Sub-Saharan Africa
GMB,Gambia,2080,opt,bws,Tot,0.755725994954014,144,0,Low (<10%),Africa,Sub-Saharan Africa
CHE,Switzerland,2080,opt,bws,Liv,0.755018830332836,131,0,Low (<10%),Europe,Europe & Central Asia
CHE,Switzerland,2050,opt,bws,Irr,0.754885206364301,134,0,Low (<10%),Europe,Europe & Central Asia
SWE,Sweden,2030,pes,bws,Ind,0.754799270830463,124,0,Low (<10%),Europe,Europe & Central Asia
GHA,Ghana,2080,pes,bws,One,0.754474100942369,141,0,Low (<10%),Africa,Sub-Saharan Africa
MLI,Mali,2030,pes,bws,Irr,0.754421908210381,130,0,Low (<10%),Africa,Sub-Saharan Africa
ECU,Ecuador,2080,pes,bws,Liv,0.75391843490636,142,0,Low (<10%),Americas,Latin America & Caribbean
CRI,Costa Rica,2080,pes,bws,Liv,0.753893334672675,143,0,Low (<10%),Americas,Latin America & Caribbean
ZMB,Zambia,2030,opt,bws,Dom,0.752719926205505,130,0,Low (<10%),Africa,Sub-Saharan Africa
TZA,Tanzania,2080,opt,bws,One,0.752559498282755,126,0,Low (<10%),Africa,Sub-Saharan Africa
MWI,Malawi,2030,pes,bws,Tot,0.752382779948056,136,0,Low (<10%),Africa,Sub-Saharan Africa
GNB,Guinea-Bissau,2050,bau,bws,Irr,0.751978944992554,141,0,Low (<10%),Africa,Sub-Saharan Africa
CAF,Central African Republic,2030,bau,bws,Tot,0.751709175007055,138,0,Low (<10%),Africa,Sub-Saharan Africa
GBR,United Kingdom,2050,bau,bws,One,0.750927188535094,126,0,Low (<10%),Europe,Europe & Central Asia
GNB,Guinea-Bissau,2080,pes,bws,Liv,0.750907613254835,144,0,Low (<10%),Africa,Sub-Saharan Africa
GBR,United Kingdom,2030,pes,bws,One,0.750894019392805,119,0,Low (<10%),Europe,Europe & Central Asia
UGA,Uganda,2050,bau,bws,Dom,0.750825402212847,136,0,Low (<10%),Africa,Sub-Saharan Africa
BTN,Bhutan,2080,bau,bws,Irr,0.750137505457092,148,0,Low (<10%),Asia,South Asia
DNK,Denmark,2050,bau,bws,Liv,0.749877574732068,126,0,Low (<10%),Europe,Europe & Central Asia
MOZ,Mozambique,2050,bau,bws,Liv,0.749859716737924,127,0,Low (<10%),Africa,Sub-Saharan Africa
GEO,Georgia,2080,opt,bws,Liv,0.74985615724229,132,0,Low (<10%),Asia,Europe & Central Asia
GHA,Ghana,2030,pes,bws,Irr,0.749738873992488,131,0,Low (<10%),Africa,Sub-Saharan Africa
DNK,Denmark,2030,opt,bws,Liv,0.74952215015392,121,0,Low (<10%),Europe,Europe & Central Asia
ROU,Romania,2030,bau,bws,Irr,0.749188512612065,135,0,Low (<10%),Europe,Europe & Central Asia
SUR,Suriname,2050,bau,bws,Liv,0.748832411283735,128,0,Low (<10%),Americas,Latin America & Caribbean
LAO,Laos,2030,opt,bws,Liv,0.746339390899444,122,0,Low (<10%),Asia,East Asia & Pacific
MNE,Montenegro,2080,bau,bws,Dom,0.74596182778295,142,0,Low (<10%),Europe,Europe & Central Asia
BTN,Bhutan,2050,opt,bws,Irr,0.745619013376857,135,0,Low (<10%),Asia,South Asia
MYS,Malaysia,2050,opt,bws,Ind,0.744946052718844,131,0,Low (<10%),Asia,East Asia & Pacific
CHE,Switzerland,2080,opt,bws,Irr,0.74491286689239,140,0,Low (<10%),Europe,Europe & Central Asia
TGO,Togo,2080,opt,bws,Dom,0.74383946594335,136,0,Low (<10%),Africa,Sub-Saharan Africa
BTN,Bhutan,2050,opt,bws,One,0.743424122137166,122,0,Low (<10%),Asia,South Asia
TGO,Togo,2050,pes,bws,Liv,0.74120871215307,129,0,Low (<10%),Africa,Sub-Saharan Africa
BDI,Burundi,2050,opt,bws,Tot,0.740967484848536,142,0,Low (<10%),Africa,Sub-Saharan Africa
MNE,Montenegro,2050,opt,bws,Liv,0.740851220424625,123,0,Low (<10%),Europe,Europe & Central Asia
SWE,Sweden,2030,opt,bws,Tot,0.74070380904912,137,0,Low (<10%),Europe,Europe & Central Asia
MOZ,Mozambique,2030,opt,bws,One,0.740603276879825,118,0,Low (<10%),Africa,Sub-Saharan Africa
AUT,Austria,2080,opt,bws,Irr,0.740077350920365,141,0,Low (<10%),Europe,Europe & Central Asia
GBR,United Kingdom,2030,bau,bws,One,0.739841820262246,118,0,Low (<10%),Europe,Europe & Central Asia
SVN,Slovenia,2050,opt,bws,One,0.739727553415432,123,0,Low (<10%),Europe,Europe & Central Asia
ETH,Ethiopia,2050,opt,bws,Liv,0.739244447813025,124,0,Low (<10%),Africa,Sub-Saharan Africa
SRB,Serbia,2030,opt,bws,Irr,0.738509869479038,134,0,Low (<10%),Europe,Europe & Central Asia
LAO,Laos,2080,opt,bws,Liv,0.738475524652184,133,0,Low (<10%),Asia,East Asia & Pacific
MDG,Madagascar,2030,pes,bws,One,0.738002067320495,120,0,Low (<10%),Africa,Sub-Saharan Africa
BDI,Burundi,2050,pes,bws,Liv,0.737792022808673,130,0,Low (<10%),Africa,Sub-Saharan Africa
MLI,Mali,2030,opt,bws,Irr,0.737548902825165,135,0,Low (<10%),Africa,Sub-Saharan Africa
LAO,Laos,2080,opt,bws,One,0.737486049688304,127,0,Low (<10%),Asia,East Asia & Pacific
CRI,Costa Rica,2050,pes,bws,Ind,0.737286926311223,132,0,Low (<10%),Americas,Latin America & Caribbean
SWE,Sweden,2050,pes,bws,One,0.736978813291092,125,0,Low (<10%),Europe,Europe & Central Asia
HND,Honduras,2050,pes,bws,Tot,0.736911765143403,143,0,Low (<10%),Americas,Latin America & Caribbean
UGA,Uganda,2030,bau,bws,Irr,0.736393471997088,136,0,Low (<10%),Africa,Sub-Saharan Africa
MDG,Madagascar,2030,bau,bws,One,0.735818165550076,119,0,Low (<10%),Africa,Sub-Saharan Africa
CHE,Switzerland,2050,opt,bws,Liv,0.734294306904067,125,0,Low (<10%),Europe,Europe & Central Asia
BOL,Bolivia,2080,pes,bws,Irr,0.734190432310202,149,0,Low (<10%),Americas,Latin America & Caribbean
IRL,Ireland,2080,pes,bws,Dom,0.734180314365715,145,0,Low (<10%),Europe,Europe & Central Asia
BOL,Bolivia,2050,pes,bws,One,0.733832528281115,126,0,Low (<10%),Americas,Latin America & Caribbean
BLZ,Belize,2080,bau,bws,One,0.733825295361458,139,0,Low (<10%),Americas,Latin America & Caribbean
SSD,South Sudan,2080,pes,bws,One,0.732817126335553,142,0,Low (<10%),Africa,Sub-Saharan Africa
SWZ,Swaziland,2050,bau,bws,One,0.731871441568594,127,0,Low (<10%),Africa,Sub-Saharan Africa
UGA,Uganda,2050,pes,bws,Dom,0.731267646276793,134,0,Low (<10%),Africa,Sub-Saharan Africa
CRI,Costa Rica,2050,opt,bws,Irr,0.73050346059611,136,0,Low (<10%),Americas,Latin America & Caribbean
CRI,Costa Rica,2030,pes,bws,Ind,0.730260165608027,125,0,Low (<10%),Americas,Latin America & Caribbean
UGA,Uganda,2050,pes,bws,One,0.730039835525977,127,0,Low (<10%),Africa,Sub-Saharan Africa
GEO,Georgia,2080,opt,bws,One,0.729850485501284,128,0,Low (<10%),Asia,Europe & Central Asia
TZA,Tanzania,2050,pes,bws,Liv,0.729711112637303,131,0,Low (<10%),Africa,Sub-Saharan Africa
TCD,Chad,2080,bau,bws,Dom,0.729581061150131,143,0,Low (<10%),Africa,Sub-Saharan Africa
AUT,Austria,2030,bau,bws,Irr,0.729385474082423,137,0,Low (<10%),Europe,Europe & Central Asia
ROU,Romania,2030,pes,bws,Irr,0.729111380694037,132,0,Low (<10%),Europe,Europe & Central Asia
ECU,Ecuador,2030,pes,bws,Liv,0.728420553091444,121,0,Low (<10%),Americas,Latin America & Caribbean
BEN,Benin,2050,bau,bws,Ind,0.727643144595126,137,0,Low (<10%),Africa,Sub-Saharan Africa
AUT,Austria,2050,opt,bws,Irr,0.727156120762082,137,0,Low (<10%),Europe,Europe & Central Asia
UGA,Uganda,2050,pes,bws,Tot,0.726075497730236,144,0,Low (<10%),Africa,Sub-Saharan Africa
MNE,Montenegro,2050,pes,bws,Dom,0.725975917695705,135,0,Low (<10%),Europe,Europe & Central Asia
HUN,Hungary,2080,pes,bws,Ind,0.725541410768103,146,0,Low (<10%),Europe,Europe & Central Asia
ECU,Ecuador,2030,opt,bws,Liv,0.72433611311093,123,0,Low (<10%),Americas,Latin America & Caribbean
LVA,Latvia,2050,opt,bws,One,0.724313396271861,124,0,Low (<10%),Europe,Europe & Central Asia
ETH,Ethiopia,2030,opt,bws,One,0.723959719928909,119,0,Low (<10%),Africa,Sub-Saharan Africa
MDG,Madagascar,2030,opt,bws,One,0.723697601977008,120,0,Low (<10%),Africa,Sub-Saharan Africa
VEN,Venezuela,2030,opt,bws,Liv,0.723399967606672,124,0,Low (<10%),Americas,Latin America & Caribbean
TCD,Chad,2030,pes,bws,Dom,0.723258012802715,127,0,Low (<10%),Africa,Sub-Saharan Africa
BEN,Benin,2080,opt,bws,Ind,0.723011442123277,133,0,Low (<10%),Africa,Sub-Saharan Africa
HUN,Hungary,2080,pes,bws,Tot,0.722580255409309,154,0,Low (<10%),Europe,Europe & Central Asia
SWE,Sweden,2030,opt,bws,Liv,0.721907655112113,125,0,Low (<10%),Europe,Europe & Central Asia
BOL,Bolivia,2050,bau,bws,One,0.721906343464507,128,0,Low (<10%),Americas,Latin America & Caribbean
MOZ,Mozambique,2080,opt,bws,Liv,0.721801521870651,134,0,Low (<10%),Africa,Sub-Saharan Africa
GBR,United Kingdom,2050,bau,bws,Liv,0.721407858935664,129,0,Low (<10%),Europe,Europe & Central Asia
FIN,Finland,2030,pes,bws,Liv,0.721112923613666,122,0,Low (<10%),Europe,Europe & Central Asia
ZMB,Zambia,2030,bau,bws,Dom,0.720978974259747,128,0,Low (<10%),Africa,Sub-Saharan Africa
HND,Honduras,2050,pes,bws,Dom,0.720022209225159,136,0,Low (<10%),Americas,Latin America & Caribbean
HUN,Hungary,2080,pes,bws,One,0.719980974242691,143,0,Low (<10%),Europe,Europe & Central Asia
MYS,Malaysia,2030,bau,bws,Dom,0.719902994962341,129,0,Low (<10%),Asia,East Asia & Pacific
CHE,Switzerland,2050,pes,bws,Ind,0.719874507573176,133,0,Low (<10%),Europe,Europe & Central Asia
BTN,Bhutan,2030,bau,bws,Dom,0.719657944478091,130,0,Low (<10%),Asia,South Asia
SVN,Slovenia,2050,pes,bws,One,0.718951782371129,128,0,Low (<10%),Europe,Europe & Central Asia
MOZ,Mozambique,2030,bau,bws,Ind,0.718199691887488,125,0,Low (<10%),Africa,Sub-Saharan Africa
SRB,Serbia,2050,pes,bws,Irr,0.718144680235571,137,0,Low (<10%),Europe,Europe & Central Asia
GBR,United Kingdom,2030,pes,bws,Liv,0.718047580643558,123,0,Low (<10%),Europe,Europe & Central Asia
DNK,Denmark,2030,opt,bws,One,0.717799822002426,121,0,Low (<10%),Europe,Europe & Central Asia
LAO,Laos,2030,pes,bws,Liv,0.716991686947614,124,0,Low (<10%),Asia,East Asia & Pacific
LAO,Laos,2050,pes,bws,One,0.716894748663096,129,0,Low (<10%),Asia,East Asia & Pacific
MYS,Malaysia,2030,pes,bws,Dom,0.715701401815968,128,0,Low (<10%),Asia,East Asia & Pacific
MWI,Malawi,2050,opt,bws,Dom,0.715357957600551,134,0,Low (<10%),Africa,Sub-Saharan Africa
TZA,Tanzania,2050,opt,bws,Liv,0.715240233322903,126,0,Low (<10%),Africa,Sub-Saharan Africa
LAO,Laos,2080,pes,bws,One,0.714392592409518,144,0,Low (<10%),Asia,East Asia & Pacific
SRB,Serbia,2030,pes,bws,Irr,0.714347809003967,133,0,Low (<10%),Europe,Europe & Central Asia
MWI,Malawi,2030,bau,bws,One,0.713699154803055,120,0,Low (<10%),Africa,Sub-Saharan Africa
ETH,Ethiopia,2030,bau,bws,One,0.713422702442063,121,0,Low (<10%),Africa,Sub-Saharan Africa
MYS,Malaysia,2030,opt,bws,Dom,0.713258823184345,131,0,Low (<10%),Asia,East Asia & Pacific
LAO,Laos,2030,opt,bws,One,0.713195761704589,122,0,Low (<10%),Asia,East Asia & Pacific
ROU,Romania,2050,bau,bws,Irr,0.71257892469519,142,0,Low (<10%),Europe,Europe & Central Asia
CRI,Costa Rica,2080,opt,bws,Ind,0.711731700199558,138,0,Low (<10%),Americas,Latin America & Caribbean
TCD,Chad,2050,opt,bws,Dom,0.710755966785156,135,0,Low (<10%),Africa,Sub-Saharan Africa
AUT,Austria,2050,bau,bws,Irr,0.71053955285433,143,0,Low (<10%),Europe,Europe & Central Asia
SWE,Sweden,2050,bau,bws,Ind,0.709367768344575,138,0,Low (<10%),Europe,Europe & Central Asia
LVA,Latvia,2030,pes,bws,Dom,0.707882664354481,129,0,Low (<10%),Europe,Europe & Central Asia
GBR,United Kingdom,2030,bau,bws,Liv,0.707710713512818,122,0,Low (<10%),Europe,Europe & Central Asia
MOZ,Mozambique,2030,opt,bws,Ind,0.706527541406162,126,0,Low (<10%),Africa,Sub-Saharan Africa
BEN,Benin,2050,opt,bws,Ind,0.706363050427378,132,0,Low (<10%),Africa,Sub-Saharan Africa
BEN,Benin,2080,bau,bws,Dom,0.706177872455843,144,0,Low (<10%),Africa,Sub-Saharan Africa
BOL,Bolivia,2080,pes,bws,Tot,0.705435708865281,155,0,Low (<10%),Americas,Latin America & Caribbean
MWI,Malawi,2030,pes,bws,One,0.704720068574949,121,0,Low (<10%),Africa,Sub-Saharan Africa
SRB,Serbia,2050,opt,bws,Irr,0.703505853835477,138,0,Low (<10%),Europe,Europe & Central Asia
AUT,Austria,2050,pes,bws,Irr,0.703084898197155,138,0,Low (<10%),Europe,Europe & Central Asia
SWZ,Swaziland,2050,pes,bws,One,0.702376294147417,130,0,Low (<10%),Africa,Sub-Saharan Africa
MOZ,Mozambique,2080,opt,bws,Ind,0.702316161476798,139,0,Low (<10%),Africa,Sub-Saharan Africa
VEN,Venezuela,2050,bau,bws,One,0.700252224881935,129,0,Low (<10%),Americas,Latin America & Caribbean
ZMB,Zambia,2030,pes,bws,Ind,0.700086772177136,126,0,Low (<10%),Africa,Sub-Saharan Africa
LVA,Latvia,2030,bau,bws,Dom,0.699601361750024,133,0,Low (<10%),Europe,Europe & Central Asia
BEN,Benin,2050,pes,bws,Ind,0.698946151203637,134,0,Low (<10%),Africa,Sub-Saharan Africa
MWI,Malawi,2050,pes,bws,Ind,0.698767794420141,135,0,Low (<10%),Africa,Sub-Saharan Africa
BDI,Burundi,2050,opt,bws,One,0.698184739783813,125,0,Low (<10%),Africa,Sub-Saharan Africa
FIN,Finland,2030,bau,bws,Liv,0.69800492475951,124,0,Low (<10%),Europe,Europe & Central Asia
MNE,Montenegro,2080,opt,bws,Dom,0.697962999099973,139,0,Low (<10%),Europe,Europe & Central Asia
SSD,South Sudan,2050,bau,bws,Liv,0.697554356779747,130,0,Low (<10%),Africa,Sub-Saharan Africa
LAO,Laos,2030,pes,bws,One,0.697477195466715,122,0,Low (<10%),Asia,East Asia & Pacific
BOL,Bolivia,2030,opt,bws,One,0.697375317552984,123,0,Low (<10%),Americas,Latin America & Caribbean
MOZ,Mozambique,2080,opt,bws,Tot,0.697276824951467,149,0,Low (<10%),Africa,Sub-Saharan Africa
TCD,Chad,2050,pes,bws,Dom,0.697214587758582,137,0,Low (<10%),Africa,Sub-Saharan Africa
COL,Colombia,2080,bau,bws,Tot,0.697090134642781,153,0,Low (<10%),Americas,Latin America & Caribbean
GBR,United Kingdom,2030,opt,bws,One,0.697077375241113,124,0,Low (<10%),Europe,Europe & Central Asia
BOL,Bolivia,2080,bau,bws,Dom,0.697073484774885,145,0,Low (<10%),Americas,Latin America & Caribbean
LAO,Laos,2050,opt,bws,One,0.696048809459237,126,0,Low (<10%),Asia,East Asia & Pacific
MNE,Montenegro,2050,bau,bws,Dom,0.695388460131573,137,0,Low (<10%),Europe,Europe & Central Asia
CHE,Switzerland,2080,opt,bws,Ind,0.69377696134076,140,0,Low (<10%),Europe,Europe & Central Asia
BEN,Benin,2080,bau,bws,Tot,0.693294479210082,154,0,Low (<10%),Africa,Sub-Saharan Africa
MNE,Montenegro,2080,pes,bws,One,0.691087898866263,145,0,Low (<10%),Europe,Europe & Central Asia
VEN,Venezuela,2030,pes,bws,Liv,0.690844694053904,125,0,Low (<10%),Americas,Latin America & Caribbean
BTN,Bhutan,2030,pes,bws,Dom,0.690836672918125,130,0,Low (<10%),Asia,South Asia
EST,Estonia,2050,bau,bws,One,0.6896615703344,130,0,Low (<10%),Europe,Europe & Central Asia
JAM,Jamaica,2080,bau,bws,Tot,0.688542078909355,155,0,Low (<10%),Americas,Latin America & Caribbean
JAM,Jamaica,2080,bau,bws,One,0.688542078909355,140,0,Low (<10%),Americas,Latin America & Caribbean
JAM,Jamaica,2080,bau,bws,Liv,0.688542078909355,139,0,Low (<10%),Americas,Latin America & Caribbean
JAM,Jamaica,2080,bau,bws,Irr,0.688542078909355,149,0,Low (<10%),Americas,Latin America & Caribbean
JAM,Jamaica,2080,bau,bws,Ind,0.688542078909355,142,0,Low (<10%),Americas,Latin America & Caribbean
JAM,Jamaica,2080,bau,bws,Dom,0.688542078909355,146,0,Low (<10%),Americas,Latin America & Caribbean
MOZ,Mozambique,2050,bau,bws,One,0.685882140592338,131,0,Low (<10%),Africa,Sub-Saharan Africa
TCD,Chad,2080,pes,bws,Tot,0.685729161519668,156,0,Low (<10%),Africa,Sub-Saharan Africa
BLZ,Belize,2080,bau,bws,Liv,0.684028010755614,140,0,Low (<10%),Americas,Latin America & Caribbean
GMB,Gambia,2080,opt,bws,Dom,0.683920335778409,140,0,Low (<10%),Africa,Sub-Saharan Africa
HND,Honduras,2050,pes,bws,Liv,0.683520041702199,133,0,Low (<10%),Americas,Latin America & Caribbean
BIH,Bosnia and Herzegovina,2050,bau,bws,Dom,0.682867458511927,138,0,Low (<10%),Europe,Europe & Central Asia
LVA,Latvia,2030,pes,bws,One,0.682784887036263,123,0,Low (<10%),Europe,Europe & Central Asia
SRB,Serbia,2030,bau,bws,Irr,0.681935100733271,141,0,Low (<10%),Europe,Europe & Central Asia
UGA,Uganda,2050,bau,bws,One,0.681296258839681,132,0,Low (<10%),Africa,Sub-Saharan Africa
LAO,Laos,2050,opt,bws,Liv,0.680739170679078,127,0,Low (<10%),Asia,East Asia & Pacific
LVA,Latvia,2050,opt,bws,Irr,0.680305908475486,139,0,Low (<10%),Europe,Europe & Central Asia
LVA,Latvia,2030,opt,bws,Dom,0.679562343639534,132,0,Low (<10%),Europe,Europe & Central Asia
ETH,Ethiopia,2050,bau,bws,One,0.679508906871213,133,0,Low (<10%),Africa,Sub-Saharan Africa
SWZ,Swaziland,2050,opt,bws,One,0.679226844420858,127,0,Low (<10%),Africa,Sub-Saharan Africa
TGO,Togo,2050,pes,bws,Tot,0.678944716175076,149,0,Low (<10%),Africa,Sub-Saharan Africa
GBR,United Kingdom,2080,bau,bws,One,0.678408842799406,141,0,Low (<10%),Europe,Europe & Central Asia
GNB,Guinea-Bissau,2050,bau,bws,Tot,0.678394622537596,146,0,Low (<10%),Africa,Sub-Saharan Africa
BIH,Bosnia and Herzegovina,2050,bau,bws,Tot,0.678329239743133,147,0,Low (<10%),Europe,Europe & Central Asia
BIH,Bosnia and Herzegovina,2050,bau,bws,Ind,0.677149724739268,139,0,Low (<10%),Europe,Europe & Central Asia
VEN,Venezuela,2050,pes,bws,One,0.6753003108811,136,0,Low (<10%),Americas,Latin America & Caribbean
TGO,Togo,2050,bau,bws,Tot,0.674917090342873,148,0,Low (<10%),Africa,Sub-Saharan Africa
AUT,Austria,2080,pes,bws,One,0.674453696439282,146,0,Low (<10%),Europe,Europe & Central Asia
LVA,Latvia,2050,opt,bws,Tot,0.674216718556114,143,0,Low (<10%),Europe,Europe & Central Asia
CHE,Switzerland,2050,pes,bws,One,0.67394946021612,137,0,Low (<10%),Europe,Europe & Central Asia
HND,Honduras,2050,bau,bws,Liv,0.672098126290751,131,0,Low (<10%),Americas,Latin America & Caribbean
MOZ,Mozambique,2030,bau,bws,One,0.671473062738279,127,0,Low (<10%),Africa,Sub-Saharan Africa
BIH,Bosnia and Herzegovina,2080,bau,bws,Irr,0.671086867859885,150,0,Low (<10%),Europe,Europe & Central Asia
LVA,Latvia,2030,bau,bws,One,0.670404479229191,128,0,Low (<10%),Europe,Europe & Central Asia
MOZ,Mozambique,2030,bau,bws,Liv,0.670059487399823,125,0,Low (<10%),Africa,Sub-Saharan Africa
GMB,Gambia,2050,bau,bws,Tot,0.67000416843088,149,0,Low (<10%),Africa,Sub-Saharan Africa
MWI,Malawi,2050,opt,bws,Ind,0.667799865228471,133,0,Low (<10%),Africa,Sub-Saharan Africa
UGA,Uganda,2050,opt,bws,Liv,0.665981975661969,128,0,Low (<10%),Africa,Sub-Saharan Africa
CRI,Costa Rica,2030,bau,bws,Ind,0.66530504518894,130,0,Low (<10%),Americas,Latin America & Caribbean
CHE,Switzerland,2050,opt,bws,Ind,0.664062320062999,134,0,Low (<10%),Europe,Europe & Central Asia
ETH,Ethiopia,2030,pes,bws,Liv,0.663806312155241,126,0,Low (<10%),Africa,Sub-Saharan Africa
LVA,Latvia,2050,pes,bws,Dom,0.663740137443941,140,0,Low (<10%),Europe,Europe & Central Asia
MNE,Montenegro,2030,pes,bws,Dom,0.663302167425495,131,0,Low (<10%),Europe,Europe & Central Asia
SVN,Slovenia,2050,opt,bws,Liv,0.662923605226148,129,0,Low (<10%),Europe,Europe & Central Asia
BDI,Burundi,2050,bau,bws,Dom,0.662665542048643,139,0,Low (<10%),Africa,Sub-Saharan Africa
SWZ,Swaziland,2050,opt,bws,Irr,0.662564917386973,140,0,Low (<10%),Africa,Sub-Saharan Africa
ECU,Ecuador,2080,bau,bws,Dom,0.662185352488702,148,0,Low (<10%),Americas,Latin America & Caribbean
LVA,Latvia,2080,bau,bws,One,0.661735028255385,142,0,Low (<10%),Europe,Europe & Central Asia
ECU,Ecuador,2080,bau,bws,One,0.661593198307878,143,0,Low (<10%),Americas,Latin America & Caribbean
FIN,Finland,2050,opt,bws,One,0.661332176167837,128,0,Low (<10%),Europe,Europe & Central Asia
LVA,Latvia,2080,bau,bws,Dom,0.660291918165826,149,0,Low (<10%),Europe,Europe & Central Asia
GHA,Ghana,2050,bau,bws,Liv,0.660026548558127,132,0,Low (<10%),Africa,Sub-Saharan Africa
TGO,Togo,2080,pes,bws,Irr,0.659637014521822,150,0,Low (<10%),Africa,Sub-Saharan Africa
LVA,Latvia,2030,opt,bws,One,0.659326458529172,125,0,Low (<10%),Europe,Europe & Central Asia
GHA,Ghana,2050,opt,bws,Liv,0.659217799692312,130,0,Low (<10%),Africa,Sub-Saharan Africa
LVA,Latvia,2080,pes,bws,Dom,0.659135747539612,146,0,Low (<10%),Europe,Europe & Central Asia
SWZ,Swaziland,2030,bau,bws,One,0.659133640409618,129,0,Low (<10%),Africa,Sub-Saharan Africa
DNK,Denmark,2080,bau,bws,Liv,0.658962469350297,141,0,Low (<10%),Europe,Europe & Central Asia
ZMB,Zambia,2030,pes,bws,Dom,0.656895658575574,132,0,Low (<10%),Africa,Sub-Saharan Africa
HND,Honduras,2050,bau,bws,Tot,0.656552219865902,150,0,Low (<10%),Americas,Latin America & Caribbean
VEN,Venezuela,2030,bau,bws,Liv,0.656268272842446,126,0,Low (<10%),Americas,Latin America & Caribbean
GNB,Guinea-Bissau,2080,opt,bws,Irr,0.656046777102131,145,0,Low (<10%),Africa,Sub-Saharan Africa
CRI,Costa Rica,2050,opt,bws,Ind,0.655861515973706,135,0,Low (<10%),Americas,Latin America & Caribbean
LVA,Latvia,2080,pes,bws,One,0.655826014210159,147,0,Low (<10%),Europe,Europe & Central Asia
COL,Colombia,2080,pes,bws,Tot,0.654950907447973,157,0,Low (<10%),Americas,Latin America & Caribbean
TZA,Tanzania,2050,opt,bws,One,0.654688880898136,129,0,Low (<10%),Africa,Sub-Saharan Africa
CHE,Switzerland,2050,pes,bws,Tot,0.654206502141192,150,0,Low (<10%),Europe,Europe & Central Asia
GBR,United Kingdom,2030,opt,bws,Liv,0.653520244761203,126,0,Low (<10%),Europe,Europe & Central Asia
GHA,Ghana,2030,bau,bws,Irr,0.653153756006059,142,0,Low (<10%),Africa,Sub-Saharan Africa
CHE,Switzerland,2030,pes,bws,Liv,0.651923137320045,127,0,Low (<10%),Europe,Europe & Central Asia
AUT,Austria,2030,opt,bws,Irr,0.651015335490544,136,0,Low (<10%),Europe,Europe & Central Asia
ECU,Ecuador,2080,bau,bws,Ind,0.650761766651617,143,0,Low (<10%),Americas,Latin America & Caribbean
CHE,Switzerland,2080,opt,bws,One,0.648530390720167,134,0,Low (<10%),Europe,Europe & Central Asia
MOZ,Mozambique,2080,pes,bws,Dom,0.646990352246923,147,0,Low (<10%),Africa,Sub-Saharan Africa
SVN,Slovenia,2050,pes,bws,Liv,0.644714105816553,134,0,Low (<10%),Europe,Europe & Central Asia
BLZ,Belize,2080,pes,bws,Ind,0.644705028694469,147,0,Low (<10%),Americas,Latin America & Caribbean
VEN,Venezuela,2080,opt,bws,Liv,0.644458224576981,136,0,Low (<10%),Americas,Latin America & Caribbean
CHE,Switzerland,2030,bau,bws,Liv,0.643726289399474,127,0,Low (<10%),Europe,Europe & Central Asia
RWA,Rwanda,2050,opt,bws,One,0.642633265944574,130,0,Low (<10%),Africa,Sub-Saharan Africa
GNB,Guinea-Bissau,2050,bau,bws,One,0.642571992911457,134,0,Low (<10%),Africa,Sub-Saharan Africa
AUT,Austria,2080,bau,bws,Irr,0.641730612899837,151,0,Low (<10%),Europe,Europe & Central Asia
HND,Honduras,2050,bau,bws,Irr,0.641465708275541,144,0,Low (<10%),Americas,Latin America & Caribbean
HUN,Hungary,2050,opt,bws,Liv,0.641118258728428,131,0,Low (<10%),Europe,Europe & Central Asia
DNK,Denmark,2080,bau,bws,One,0.640593171609576,144,0,Low (<10%),Europe,Europe & Central Asia
SVN,Slovenia,2050,bau,bws,Ind,0.640405972694375,140,0,Low (<10%),Europe,Europe & Central Asia
LVA,Latvia,2050,opt,bws,Ind,0.639666860955474,136,0,Low (<10%),Europe,Europe & Central Asia
GHA,Ghana,2080,opt,bws,One,0.63940552393717,135,0,Low (<10%),Africa,Sub-Saharan Africa
MOZ,Mozambique,2050,opt,bws,One,0.637940026579626,131,0,Low (<10%),Africa,Sub-Saharan Africa
HND,Honduras,2050,pes,bws,Ind,0.637313127174027,140,0,Low (<10%),Americas,Latin America & Caribbean
SVN,Slovenia,2030,bau,bws,Ind,0.637294197674369,131,0,Low (<10%),Europe,Europe & Central Asia
ECU,Ecuador,2050,bau,bws,One,0.636576212347809,135,0,Low (<10%),Americas,Latin America & Caribbean
CHE,Switzerland,2030,opt,bws,Liv,0.636428137962251,127,0,Low (<10%),Europe,Europe & Central Asia
MNE,Montenegro,2030,bau,bws,Dom,0.636240543181306,134,0,Low (<10%),Europe,Europe & Central Asia
CHE,Switzerland,2080,pes,bws,Dom,0.635165246564589,148,0,Low (<10%),Europe,Europe & Central Asia
UGA,Uganda,2050,opt,bws,One,0.634271349104307,132,0,Low (<10%),Africa,Sub-Saharan Africa
NOR,Norway,2080,pes,bws,Irr,0.634252525649423,151,0,Low (<10%),Europe,Europe & Central Asia
HUN,Hungary,2080,pes,bws,Dom,0.6339453081974,149,0,Low (<10%),Europe,Europe & Central Asia
LVA,Latvia,2030,pes,bws,Irr,0.633299248506137,134,0,Low (<10%),Europe,Europe & Central Asia
IRL,Ireland,2050,pes,bws,Dom,0.632944362780516,141,0,Low (<10%),Europe,Europe & Central Asia
RUS,Russia,2080,pes,bws,One,0.632311430210019,148,0,Low (<10%),Europe,Europe & Central Asia
CHE,Switzerland,2080,opt,bws,Tot,0.631789736389503,150,0,Low (<10%),Europe,Europe & Central Asia
SVN,Slovenia,2030,opt,bws,Ind,0.631467557495212,127,0,Low (<10%),Europe,Europe & Central Asia
BTN,Bhutan,2050,bau,bws,Irr,0.631369991236239,145,0,Low (<10%),Asia,South Asia
TGO,Togo,2050,pes,bws,Dom,0.631304701484717,142,0,Low (<10%),Africa,Sub-Saharan Africa
TCD,Chad,2030,opt,bws,Tot,0.631104985653991,138,0,Low (<10%),Africa,Sub-Saharan Africa
CHE,Switzerland,2030,bau,bws,Irr,0.630360992857126,143,0,Low (<10%),Europe,Europe & Central Asia
GNB,Guinea-Bissau,2080,opt,bws,Tot,0.629751075498559,151,0,Low (<10%),Africa,Sub-Saharan Africa
MYS,Malaysia,2080,bau,bws,Liv,0.629242435876687,142,0,Low (<10%),Asia,East Asia & Pacific
TGO,Togo,2050,opt,bws,Tot,0.628085120619785,144,0,Low (<10%),Africa,Sub-Saharan Africa
ETH,Ethiopia,2080,pes,bws,One,0.627996907082558,149,0,Low (<10%),Africa,Sub-Saharan Africa
AUT,Austria,2050,opt,bws,One,0.627981610063924,133,0,Low (<10%),Europe,Europe & Central Asia
MYS,Malaysia,2030,bau,bws,Ind,0.627424786811127,132,0,Low (<10%),Asia,East Asia & Pacific
LVA,Latvia,2030,bau,bws,Irr,0.626970419228912,144,0,Low (<10%),Europe,Europe & Central Asia
NIC,Nicaragua,2050,bau,bws,Irr,0.626933502232049,146,0,Low (<10%),Americas,Latin America & Caribbean
CHE,Switzerland,2050,opt,bws,One,0.626797101962848,134,0,Low (<10%),Europe,Europe & Central Asia
CRI,Costa Rica,2030,opt,bws,Ind,0.626716864694133,128,0,Low (<10%),Americas,Latin America & Caribbean
RWA,Rwanda,2050,bau,bws,Ind,0.626593829476671,141,0,Low (<10%),Africa,Sub-Saharan Africa
LVA,Latvia,2050,pes,bws,One,0.626204082217312,138,0,Low (<10%),Europe,Europe & Central Asia
SWZ,Swaziland,2030,pes,bws,Dom,0.625774567825061,133,0,Low (<10%),Africa,Sub-Saharan Africa
LVA,Latvia,2030,pes,bws,Tot,0.625536894898586,137,0,Low (<10%),Europe,Europe & Central Asia
LVA,Latvia,2050,pes,bws,Irr,0.622858001304946,142,0,Low (<10%),Europe,Europe & Central Asia
MYS,Malaysia,2030,pes,bws,Ind,0.621000277475541,127,0,Low (<10%),Asia,East Asia & Pacific
CHE,Switzerland,2050,bau,bws,Liv,0.61804190411516,133,0,Low (<10%),Europe,Europe & Central Asia
MYS,Malaysia,2030,opt,bws,Ind,0.617773104278688,129,0,Low (<10%),Asia,East Asia & Pacific
SVN,Slovenia,2030,bau,bws,Tot,0.616899034906115,143,0,Low (<10%),Europe,Europe & Central Asia
MNE,Montenegro,2050,opt,bws,Dom,0.616898674552672,136,0,Low (<10%),Europe,Europe & Central Asia
BTN,Bhutan,2050,pes,bws,Irr,0.616298987163529,143,0,Low (<10%),Asia,South Asia
GNB,Guinea-Bissau,2080,opt,bws,One,0.615613861517069,136,0,Low (<10%),Africa,Sub-Saharan Africa
SVN,Slovenia,2050,bau,bws,Tot,0.614805836421547,151,0,Low (<10%),Europe,Europe & Central Asia
ECU,Ecuador,2050,opt,bws,One,0.614610264265081,135,0,Low (<10%),Americas,Latin America & Caribbean
RWA,Rwanda,2050,pes,bws,One,0.614549674464298,139,0,Low (<10%),Africa,Sub-Saharan Africa
MNE,Montenegro,2030,opt,bws,Dom,0.614240983460013,133,0,Low (<10%),Europe,Europe & Central Asia
HUN,Hungary,2050,opt,bws,Irr,0.613834373856227,141,0,Low (<10%),Europe,Europe & Central Asia
TGO,Togo,2050,bau,bws,Dom,0.61278265969463,140,0,Low (<10%),Africa,Sub-Saharan Africa
GHA,Ghana,2030,opt,bws,Irr,0.61252553936883,137,0,Low (<10%),Africa,Sub-Saharan Africa
LVA,Latvia,2030,bau,bws,Tot,0.61210492669603,144,0,Low (<10%),Europe,Europe & Central Asia
BTN,Bhutan,2030,opt,bws,Tot,0.61200384910675,139,0,Low (<10%),Asia,South Asia
SVN,Slovenia,2030,opt,bws,Tot,0.610654824457057,140,0,Low (<10%),Europe,Europe & Central Asia
TGO,Togo,2030,opt,bws,Ind,0.610612490600732,130,0,Low (<10%),Africa,Sub-Saharan Africa
LVA,Latvia,2030,opt,bws,Irr,0.609932753758065,138,0,Low (<10%),Europe,Europe & Central Asia
FIN,Finland,2050,bau,bws,Liv,0.608316560763087,134,0,Low (<10%),Europe,Europe & Central Asia
GNB,Guinea-Bissau,2080,opt,bws,Dom,0.608221093074299,141,0,Low (<10%),Africa,Sub-Saharan Africa
SVN,Slovenia,2050,opt,bws,Irr,0.608055921418728,142,0,Low (<10%),Europe,Europe & Central Asia
FIN,Finland,2050,pes,bws,One,0.607804927827858,140,0,Low (<10%),Europe,Europe & Central Asia
AUT,Austria,2050,pes,bws,One,0.607706595583193,141,0,Low (<10%),Europe,Europe & Central Asia
TGO,Togo,2080,opt,bws,One,0.606644240315241,137,0,Low (<10%),Africa,Sub-Saharan Africa
BOL,Bolivia,2080,pes,bws,Dom,0.606564681429269,150,0,Low (<10%),Americas,Latin America & Caribbean
BDI,Burundi,2050,opt,bws,Liv,0.605963584237341,132,0,Low (<10%),Africa,Sub-Saharan Africa
CHE,Switzerland,2050,opt,bws,Tot,0.605277896507697,145,0,Low (<10%),Europe,Europe & Central Asia
GBR,United Kingdom,2080,bau,bws,Liv,0.605266987986311,143,0,Low (<10%),Europe,Europe & Central Asia
SWE,Sweden,2080,bau,bws,Ind,0.604577092377826,144,0,Low (<10%),Europe,Europe & Central Asia
GMB,Gambia,2050,bau,bws,Liv,0.60400807495959,135,0,Low (<10%),Africa,Sub-Saharan Africa
BIH,Bosnia and Herzegovina,2080,pes,bws,Liv,0.602584376550579,145,0,Low (<10%),Europe,Europe & Central Asia
SVN,Slovenia,2050,opt,bws,Dom,0.60236781287338,137,0,Low (<10%),Europe,Europe & Central Asia
VEN,Venezuela,2050,opt,bws,Liv,0.602277962519424,133,0,Low (<10%),Americas,Latin America & Caribbean
IDN,Indonesia,2080,pes,bws,One,0.602256321876638,151,0,Low (<10%),Asia,East Asia & Pacific
SVN,Slovenia,2030,pes,bws,Ind,0.602172415525915,128,0,Low (<10%),Europe,Europe & Central Asia
LVA,Latvia,2050,bau,bws,Dom,0.601863469295749,141,0,Low (<10%),Europe,Europe & Central Asia
SVN,Slovenia,2080,opt,bws,Ind,0.601327187555635,141,0,Low (<10%),Europe,Europe & Central Asia
BTN,Bhutan,2030,opt,bws,One,0.601282705184797,126,0,Low (<10%),Asia,South Asia
GIN,Guinea,2080,bau,bws,Liv,0.601168236471166,144,0,Low (<10%),Africa,Sub-Saharan Africa
CHE,Switzerland,2030,opt,bws,Irr,0.601003113276183,139,0,Low (<10%),Europe,Europe & Central Asia
BEN,Benin,2050,bau,bws,Dom,0.600829551696058,142,0,Low (<10%),Africa,Sub-Saharan Africa
LVA,Latvia,2050,bau,bws,One,0.59946173760146,136,0,Low (<10%),Europe,Europe & Central Asia
BIH,Bosnia and Herzegovina,2050,opt,bws,Dom,0.599326250570905,138,0,Low (<10%),Europe,Europe & Central Asia
LVA,Latvia,2080,opt,bws,One,0.598527615215151,138,0,Low (<10%),Europe,Europe & Central Asia
LVA,Latvia,2080,opt,bws,Dom,0.598423087691566,142,0,Low (<10%),Europe,Europe & Central Asia
MYS,Malaysia,2080,pes,bws,Liv,0.598204400482472,146,0,Low (<10%),Asia,East Asia & Pacific
MWI,Malawi,2050,bau,bws,Liv,0.597462960013274,136,0,Low (<10%),Africa,Sub-Saharan Africa
UGA,Uganda,2080,bau,bws,Ind,0.597462192007551,145,0,Low (<10%),Africa,Sub-Saharan Africa
BIH,Bosnia and Herzegovina,2080,bau,bws,Dom,0.59671744924708,150,0,Low (<10%),Europe,Europe & Central Asia
SVN,Slovenia,2050,pes,bws,Irr,0.59664924676836,144,0,Low (<10%),Europe,Europe & Central Asia
ECU,Ecuador,2050,bau,bws,Ind,0.596574708185685,142,0,Low (<10%),Americas,Latin America & Caribbean
AUT,Austria,2030,pes,bws,Irr,0.595539502237725,135,0,Low (<10%),Europe,Europe & Central Asia
BIH,Bosnia and Herzegovina,2050,opt,bws,Ind,0.595127966738067,137,0,Low (<10%),Europe,Europe & Central Asia
NOR,Norway,2080,pes,bws,Dom,0.594923799509926,151,0,Low (<10%),Europe,Europe & Central Asia
LVA,Latvia,2030,opt,bws,Tot,0.594836652963199,141,0,Low (<10%),Europe,Europe & Central Asia
BIH,Bosnia and Herzegovina,2050,opt,bws,Tot,0.594549182958125,146,0,Low (<10%),Europe,Europe & Central Asia
ECU,Ecuador,2050,pes,bws,One,0.593444085742178,142,0,Low (<10%),Americas,Latin America & Caribbean
LVA,Latvia,2030,pes,bws,Ind,0.593353348685183,129,0,Low (<10%),Europe,Europe & Central Asia
SWE,Sweden,2030,bau,bws,Ind,0.592499074453569,133,0,Low (<10%),Europe,Europe & Central Asia
LVA,Latvia,2080,bau,bws,Irr,0.592392109564544,152,0,Low (<10%),Europe,Europe & Central Asia
MOZ,Mozambique,2030,pes,bws,Irr,0.591094872992839,136,0,Low (<10%),Africa,Sub-Saharan Africa
ETH,Ethiopia,2030,opt,bws,Liv,0.590388663639776,128,0,Low (<10%),Africa,Sub-Saharan Africa
MOZ,Mozambique,2050,pes,bws,Ind,0.590309974977427,141,0,Low (<10%),Africa,Sub-Saharan Africa
GHA,Ghana,2050,bau,bws,One,0.589955037597479,137,0,Low (<10%),Africa,Sub-Saharan Africa
UGA,Uganda,2030,bau,bws,Liv,0.589725767558649,128,0,Low (<10%),Africa,Sub-Saharan Africa
CHE,Switzerland,2030,pes,bws,Irr,0.588797767327806,137,0,Low (<10%),Europe,Europe & Central Asia
TGO,Togo,2050,opt,bws,Dom,0.588601661074478,139,0,Low (<10%),Africa,Sub-Saharan Africa
GHA,Ghana,2030,pes,bws,Tot,0.587643753581298,138,0,Low (<10%),Africa,Sub-Saharan Africa
CHE,Switzerland,2030,pes,bws,Ind,0.585700204348078,130,0,Low (<10%),Europe,Europe & Central Asia
GNB,Guinea-Bissau,2050,bau,bws,Dom,0.585435254406615,143,0,Low (<10%),Africa,Sub-Saharan Africa
MOZ,Mozambique,2050,opt,bws,Liv,0.584387126716563,134,0,Low (<10%),Africa,Sub-Saharan Africa
SWE,Sweden,2030,opt,bws,Ind,0.583887652123177,131,0,Low (<10%),Europe,Europe & Central Asia
NOR,Norway,2050,pes,bws,Irr,0.583469049098769,145,0,Low (<10%),Europe,Europe & Central Asia
SUR,Suriname,2080,pes,bws,Dom,0.582889143382243,152,0,Low (<10%),Americas,Latin America & Caribbean
CRI,Costa Rica,2050,bau,bws,Liv,0.582582261197258,137,0,Low (<10%),Americas,Latin America & Caribbean
SVN,Slovenia,2030,pes,bws,Tot,0.582164167632852,139,0,Low (<10%),Europe,Europe & Central Asia
MOZ,Mozambique,2050,bau,bws,Dom,0.581545175141262,144,0,Low (<10%),Africa,Sub-Saharan Africa
ECU,Ecuador,2080,opt,bws,One,0.581350292948305,139,0,Low (<10%),Americas,Latin America & Caribbean
HND,Honduras,2050,bau,bws,Ind,0.580386138953231,143,0,Low (<10%),Americas,Latin America & Caribbean
ETH,Ethiopia,2030,bau,bws,Liv,0.580031900523352,129,0,Low (<10%),Africa,Sub-Saharan Africa
MWI,Malawi,2050,pes,bws,Liv,0.580006650301972,135,0,Low (<10%),Africa,Sub-Saharan Africa
SVN,Slovenia,2050,pes,bws,Dom,0.579817878171231,143,0,Low (<10%),Europe,Europe & Central Asia
SVN,Slovenia,2080,opt,bws,Tot,0.579794794993517,152,0,Low (<10%),Europe,Europe & Central Asia
ECU,Ecuador,2050,bau,bws,Dom,0.579053232590138,145,0,Low (<10%),Americas,Latin America & Caribbean
LVA,Latvia,2050,pes,bws,Tot,0.57810098748985,151,0,Low (<10%),Europe,Europe & Central Asia
LVA,Latvia,2030,bau,bws,Ind,0.578068282803566,134,0,Low (<10%),Europe,Europe & Central Asia
IDN,Indonesia,2080,bau,bws,One,0.577087187997736,145,0,Low (<10%),Asia,East Asia & Pacific
TZA,Tanzania,2030,pes,bws,One,0.576661798437686,124,0,Low (<10%),Africa,Sub-Saharan Africa
GHA,Ghana,2030,opt,bws,Ind,0.576475905897969,132,0,Low (<10%),Africa,Sub-Saharan Africa
BIH,Bosnia and Herzegovina,2050,bau,bws,Irr,0.576335494522364,147,0,Low (<10%),Europe,Europe & Central Asia
CHE,Switzerland,2030,bau,bws,Ind,0.575944998607794,135,0,Low (<10%),Europe,Europe & Central Asia
UGA,Uganda,2050,opt,bws,Dom,0.575773713413805,140,0,Low (<10%),Africa,Sub-Saharan Africa
BTN,Bhutan,2030,bau,bws,Tot,0.574131177672381,145,0,Low (<10%),Asia,South Asia
MOZ,Mozambique,2030,pes,bws,One,0.573426448291524,125,0,Low (<10%),Africa,Sub-Saharan Africa
SUR,Suriname,2080,pes,bws,Ind,0.573309651045235,148,0,Low (<10%),Americas,Latin America & Caribbean
LVA,Latvia,2080,bau,bws,Tot,0.572606338623829,156,0,Low (<10%),Europe,Europe & Central Asia
ECU,Ecuador,2030,bau,bws,One,0.572324731601457,130,0,Low (<10%),Americas,Latin America & Caribbean
IRL,Ireland,2080,opt,bws,Dom,0.571221666003884,143,0,Low (<10%),Europe,Europe & Central Asia
BIH,Bosnia and Herzegovina,2030,bau,bws,Ind,0.570837701924942,136,0,Low (<10%),Europe,Europe & Central Asia
COL,Colombia,2080,bau,bws,Ind,0.570779095425697,146,0,Low (<10%),Americas,Latin America & Caribbean
LVA,Latvia,2080,pes,bws,Irr,0.5703526639064,152,0,Low (<10%),Europe,Europe & Central Asia
BIH,Bosnia and Herzegovina,2030,bau,bws,Tot,0.56995551975701,146,0,Low (<10%),Europe,Europe & Central Asia
BEN,Benin,2050,bau,bws,Tot,0.568586218514555,152,0,Low (<10%),Africa,Sub-Saharan Africa
MNE,Montenegro,2080,bau,bws,One,0.567576444447612,146,0,Low (<10%),Europe,Europe & Central Asia
BEN,Benin,2080,opt,bws,Tot,0.567389273060197,153,0,Low (<10%),Africa,Sub-Saharan Africa
ECU,Ecuador,2050,opt,bws,Ind,0.567141696231729,138,0,Low (<10%),Americas,Latin America & Caribbean
MLI,Mali,2050,pes,bws,Ind,0.56635756984051,142,0,Low (<10%),Africa,Sub-Saharan Africa
TCD,Chad,2030,opt,bws,Irr,0.566030908879392,140,0,Low (<10%),Africa,Sub-Saharan Africa
BRA,Brazil,2080,pes,bws,One,0.565976231969162,152,0,Low (<10%),Americas,Latin America & Caribbean
BOL,Bolivia,2050,pes,bws,Irr,0.56486118119695,146,0,Low (<10%),Americas,Latin America & Caribbean
ECU,Ecuador,2080,pes,bws,One,0.564708754030006,153,0,Low (<10%),Americas,Latin America & Caribbean
AUT,Austria,2030,bau,bws,One,0.564158326865022,131,0,Low (<10%),Europe,Europe & Central Asia
BIH,Bosnia and Herzegovina,2030,bau,bws,Dom,0.563752061704001,135,0,Low (<10%),Europe,Europe & Central Asia
LVA,Latvia,2080,pes,bws,Tot,0.563746319118854,158,0,Low (<10%),Europe,Europe & Central Asia
CHE,Switzerland,2030,opt,bws,Ind,0.563507374802853,133,0,Low (<10%),Europe,Europe & Central Asia
HUN,Hungary,2080,opt,bws,Liv,0.562400616428439,137,0,Low (<10%),Europe,Europe & Central Asia
COL,Colombia,2050,bau,bws,Tot,0.562143938149855,153,0,Low (<10%),Americas,Latin America & Caribbean
MLI,Mali,2050,opt,bws,Ind,0.562070067138471,139,0,Low (<10%),Africa,Sub-Saharan Africa
LVA,Latvia,2030,opt,bws,Ind,0.561775305807508,134,0,Low (<10%),Europe,Europe & Central Asia
BEN,Benin,2080,opt,bws,Dom,0.561458478241603,144,0,Low (<10%),Africa,Sub-Saharan Africa
BIH,Bosnia and Herzegovina,2080,bau,bws,Tot,0.560532786459909,157,0,Low (<10%),Europe,Europe & Central Asia
LIE,Liechtenstein,2080,bau,bws,Tot,0.559783792029219,158,0,Low (<10%),Europe,Europe & Central Asia
LIE,Liechtenstein,2080,bau,bws,One,0.559783792029219,147,0,Low (<10%),Europe,Europe & Central Asia
LIE,Liechtenstein,2080,bau,bws,Liv,0.559783792029219,145,0,Low (<10%),Europe,Europe & Central Asia
LIE,Liechtenstein,2080,bau,bws,Ind,0.559783792029219,147,0,Low (<10%),Europe,Europe & Central Asia
LIE,Liechtenstein,2080,bau,bws,Dom,0.559783792029219,151,0,Low (<10%),Europe,Europe & Central Asia
TGO,Togo,2080,opt,bws,Irr,0.559520257888828,146,0,Low (<10%),Africa,Sub-Saharan Africa
BIH,Bosnia and Herzegovina,2080,bau,bws,Ind,0.5589922373398,148,0,Low (<10%),Europe,Europe & Central Asia
BOL,Bolivia,2050,opt,bws,Irr,0.557952301205818,143,0,Low (<10%),Americas,Latin America & Caribbean
GHA,Ghana,2030,bau,bws,Ind,0.557812862805275,137,0,Low (<10%),Africa,Sub-Saharan Africa
GHA,Ghana,2030,pes,bws,Dom,0.55777579170537,136,0,Low (<10%),Africa,Sub-Saharan Africa
BEN,Benin,2080,opt,bws,Liv,0.557622285350552,138,0,Low (<10%),Africa,Sub-Saharan Africa
RUS,Russia,2030,pes,bws,One,0.55722493883289,131,0,Low (<10%),Europe,Europe & Central Asia
MOZ,Mozambique,2050,opt,bws,Tot,0.556667456106719,147,0,Low (<10%),Africa,Sub-Saharan Africa
MWI,Malawi,2030,opt,bws,Dom,0.554731485255618,134,0,Low (<10%),Africa,Sub-Saharan Africa
SWZ,Swaziland,2030,pes,bws,Ind,0.554146056620777,135,0,Low (<10%),Africa,Sub-Saharan Africa
HUN,Hungary,2050,pes,bws,Liv,0.554089140831497,136,0,Low (<10%),Europe,Europe & Central Asia
CRI,Costa Rica,2080,bau,bws,One,0.554065121612102,148,0,Low (<10%),Americas,Latin America & Caribbean
GHA,Ghana,2050,pes,bws,Liv,0.553879279609824,137,0,Low (<10%),Africa,Sub-Saharan Africa
BTN,Bhutan,2030,pes,bws,One,0.553799331884967,132,0,Low (<10%),Asia,South Asia
CRI,Costa Rica,2030,pes,bws,Liv,0.553441551666443,129,0,Low (<10%),Americas,Latin America & Caribbean
BTN,Bhutan,2030,pes,bws,Tot,0.553303976062286,144,0,Low (<10%),Asia,South Asia
CRI,Costa Rica,2050,pes,bws,Liv,0.55248815327799,138,0,Low (<10%),Americas,Latin America & Caribbean
CHE,Switzerland,2030,pes,bws,One,0.552080569913938,133,0,Low (<10%),Europe,Europe & Central Asia
TGO,Togo,2030,bau,bws,Ind,0.551942076947624,138,0,Low (<10%),Africa,Sub-Saharan Africa
IRL,Ireland,2080,pes,bws,Tot,0.551912099114291,159,0,Low (<10%),Europe,Europe & Central Asia
NOR,Norway,2080,opt,bws,Dom,0.551829530614354,145,0,Low (<10%),Europe,Europe & Central Asia
NOR,Norway,2050,pes,bws,Dom,0.55147903830859,144,0,Low (<10%),Europe,Europe & Central Asia
RUS,Russia,2050,opt,bws,One,0.550854209394502,136,0,Low (<10%),Europe,Europe & Central Asia
CHE,Switzerland,2030,bau,bws,One,0.550683826754574,132,0,Low (<10%),Europe,Europe & Central Asia
RUS,Russia,2050,pes,bws,One,0.550390672579146,143,0,Low (<10%),Europe,Europe & Central Asia
IDN,Indonesia,2050,pes,bws,One,0.550161471266641,144,0,Low (<10%),Asia,East Asia & Pacific
LVA,Latvia,2080,opt,bws,Irr,0.549786505565667,147,0,Low (<10%),Europe,Europe & Central Asia
RWA,Rwanda,2050,bau,bws,Dom,0.549658211824756,146,0,Low (<10%),Africa,Sub-Saharan Africa
HUN,Hungary,2080,opt,bws,Irr,0.549467247565916,148,0,Low (<10%),Europe,Europe & Central Asia
SWE,Sweden,2080,opt,bws,One,0.549315707135415,140,0,Low (<10%),Europe,Europe & Central Asia
COL,Colombia,2050,pes,bws,Tot,0.549307575726414,152,0,Low (<10%),Americas,Latin America & Caribbean
SVN,Slovenia,2050,bau,bws,One,0.549237611004106,138,0,Low (<10%),Europe,Europe & Central Asia
ECU,Ecuador,2050,pes,bws,Ind,0.54885637668714,143,0,Low (<10%),Americas,Latin America & Caribbean
CHE,Switzerland,2050,bau,bws,Irr,0.548672516590767,148,0,Low (<10%),Europe,Europe & Central Asia
AUT,Austria,2080,opt,bws,One,0.548630676581716,141,0,Low (<10%),Europe,Europe & Central Asia
BOL,Bolivia,2050,bau,bws,Irr,0.547866560838143,149,0,Low (<10%),Americas,Latin America & Caribbean
ECU,Ecuador,2030,pes,bws,One,0.547780450081325,134,0,Low (<10%),Americas,Latin America & Caribbean
UGA,Uganda,2050,opt,bws,Tot,0.547366346730381,148,0,Low (<10%),Africa,Sub-Saharan Africa
HUN,Hungary,2030,bau,bws,Liv,0.546975968590346,130,0,Low (<10%),Europe,Europe & Central Asia
SVN,Slovenia,2030,bau,bws,One,0.546165182071588,133,0,Low (<10%),Europe,Europe & Central Asia
MNE,Montenegro,2050,pes,bws,One,0.546018233944441,145,0,Low (<10%),Europe,Europe & Central Asia
CHE,Switzerland,2050,bau,bws,Ind,0.545977854234923,144,0,Low (<10%),Europe,Europe & Central Asia
BTN,Bhutan,2030,bau,bws,One,0.545847814308264,134,0,Low (<10%),Asia,South Asia
ECU,Ecuador,2050,opt,bws,Dom,0.545699968538871,141,0,Low (<10%),Americas,Latin America & Caribbean
HUN,Hungary,2050,opt,bws,One,0.545653172899686,137,0,Low (<10%),Europe,Europe & Central Asia
BRA,Brazil,2080,bau,bws,One,0.54542990473517,149,0,Low (<10%),Americas,Latin America & Caribbean
FIN,Finland,2080,opt,bws,One,0.54530026545492,142,0,Low (<10%),Europe,Europe & Central Asia
LVA,Latvia,2050,pes,bws,Ind,0.545231104396687,144,0,Low (<10%),Europe,Europe & Central Asia
IDN,Indonesia,2050,bau,bws,One,0.545105018537447,139,0,Low (<10%),Asia,East Asia & Pacific
HUN,Hungary,2050,pes,bws,Irr,0.544956203539065,147,0,Low (<10%),Europe,Europe & Central Asia
AUT,Austria,2030,opt,bws,One,0.544668187644818,127,0,Low (<10%),Europe,Europe & Central Asia
BRA,Brazil,2080,bau,bws,Liv,0.5444671355288,146,0,Low (<10%),Americas,Latin America & Caribbean
GNB,Guinea-Bissau,2030,opt,bws,Irr,0.544462154673802,141,0,Low (<10%),Africa,Sub-Saharan Africa
HUN,Hungary,2030,opt,bws,Liv,0.544079538120399,129,0,Low (<10%),Europe,Europe & Central Asia
RUS,Russia,2050,bau,bws,One,0.543669173573466,140,0,Low (<10%),Europe,Europe & Central Asia
SWE,Sweden,2030,pes,bws,One,0.543564613253222,135,0,Low (<10%),Europe,Europe & Central Asia
TGO,Togo,2030,pes,bws,Ind,0.543508873819023,136,0,Low (<10%),Africa,Sub-Saharan Africa
CHE,Switzerland,2030,opt,bws,One,0.543065104115824,128,0,Low (<10%),Europe,Europe & Central Asia
ECU,Ecuador,2030,opt,bws,One,0.542565748701027,129,0,Low (<10%),Americas,Latin America & Caribbean
RUS,Russia,2080,bau,bws,One,0.542310808319998,150,0,Low (<10%),Europe,Europe & Central Asia
AUT,Austria,2030,pes,bws,One,0.541912348727561,136,0,Low (<10%),Europe,Europe & Central Asia
BRA,Brazil,2080,pes,bws,Liv,0.541911994401064,147,0,Low (<10%),Americas,Latin America & Caribbean
MYS,Malaysia,2080,pes,bws,One,0.541167715581446,154,0,Low (<10%),Asia,East Asia & Pacific
LVA,Latvia,2080,bau,bws,Ind,0.540948871848949,149,0,Low (<10%),Europe,Europe & Central Asia
SVN,Slovenia,2030,opt,bws,One,0.540673369857164,130,0,Low (<10%),Europe,Europe & Central Asia
MYS,Malaysia,2080,bau,bws,One,0.538937141135712,151,0,Low (<10%),Asia,East Asia & Pacific
NOR,Norway,2050,opt,bws,Dom,0.538599611727739,142,0,Low (<10%),Europe,Europe & Central Asia
FIN,Finland,2030,bau,bws,One,0.538380983499991,135,0,Low (<10%),Europe,Europe & Central Asia
SSD,South Sudan,2050,bau,bws,One,0.538094428864815,141,0,Low (<10%),Africa,Sub-Saharan Africa
GNB,Guinea-Bissau,2050,bau,bws,Liv,0.537604193523326,138,0,Low (<10%),Africa,Sub-Saharan Africa
VEN,Venezuela,2080,opt,bws,One,0.53756533924842,143,0,Low (<10%),Americas,Latin America & Caribbean
RUS,Russia,2030,opt,bws,One,0.537220694609223,131,0,Low (<10%),Europe,Europe & Central Asia
VEN,Venezuela,2030,opt,bws,One,0.537157006249257,132,0,Low (<10%),Americas,Latin America & Caribbean
LVA,Latvia,2050,bau,bws,Irr,0.536307268573623,150,0,Low (<10%),Europe,Europe & Central Asia
GNB,Guinea-Bissau,2050,pes,bws,Irr,0.536058192064595,148,0,Low (<10%),Africa,Sub-Saharan Africa
HUN,Hungary,2050,opt,bws,Ind,0.534493326458282,140,0,Low (<10%),Europe,Europe & Central Asia
RWA,Rwanda,2050,bau,bws,Tot,0.534311341375451,154,0,Low (<10%),Africa,Sub-Saharan Africa
CHE,Switzerland,2050,pes,bws,Dom,0.534122142986582,145,0,Low (<10%),Europe,Europe & Central Asia
TZA,Tanzania,2030,bau,bws,One,0.533973020968167,136,0,Low (<10%),Africa,Sub-Saharan Africa
COL,Colombia,2080,bau,bws,Dom,0.533440110826437,152,0,Low (<10%),Americas,Latin America & Caribbean
CHE,Switzerland,2030,pes,bws,Tot,0.533324324133509,145,0,Low (<10%),Europe,Europe & Central Asia
GHA,Ghana,2050,opt,bws,One,0.532805617891596,138,0,Low (<10%),Africa,Sub-Saharan Africa
MOZ,Mozambique,2030,pes,bws,Liv,0.531553032449387,130,0,Low (<10%),Africa,Sub-Saharan Africa
TZA,Tanzania,2030,opt,bws,One,0.530661913059834,133,0,Low (<10%),Africa,Sub-Saharan Africa
MNE,Montenegro,2080,opt,bws,One,0.530252248613583,144,0,Low (<10%),Europe,Europe & Central Asia
ECU,Ecuador,2080,opt,bws,Ind,0.530214651955293,142,0,Low (<10%),Americas,Latin America & Caribbean
ECU,Ecuador,2050,pes,bws,Dom,0.529869883401219,146,0,Low (<10%),Americas,Latin America & Caribbean
MNE,Montenegro,2050,bau,bws,One,0.529452585823473,142,0,Low (<10%),Europe,Europe & Central Asia
GNB,Guinea-Bissau,2030,bau,bws,Irr,0.529058368003461,145,0,Low (<10%),Africa,Sub-Saharan Africa
IDN,Indonesia,2080,opt,bws,One,0.529018243304678,145,0,Low (<10%),Asia,East Asia & Pacific
BIH,Bosnia and Herzegovina,2050,pes,bws,Dom,0.528758356448242,147,0,Low (<10%),Europe,Europe & Central Asia
LVA,Latvia,2080,pes,bws,Ind,0.528541345993775,149,0,Low (<10%),Europe,Europe & Central Asia
ECU,Ecuador,2080,pes,bws,Ind,0.528188308895407,150,0,Low (<10%),Americas,Latin America & Caribbean
CRI,Costa Rica,2080,opt,bws,Liv,0.528007794108128,139,0,Low (<10%),Americas,Latin America & Caribbean
GHA,Ghana,2030,pes,bws,Ind,0.527837167097122,137,0,Low (<10%),Africa,Sub-Saharan Africa
UGA,Uganda,2030,bau,bws,Tot,0.527387689937946,147,0,Low (<10%),Africa,Sub-Saharan Africa
BIH,Bosnia and Herzegovina,2030,opt,bws,Ind,0.527000708018903,135,0,Low (<10%),Europe,Europe & Central Asia
FIN,Finland,2030,opt,bws,One,0.526869286656776,134,0,Low (<10%),Europe,Europe & Central Asia
HUN,Hungary,2050,opt,bws,Tot,0.526856626102832,149,0,Low (<10%),Europe,Europe & Central Asia
BIH,Bosnia and Herzegovina,2030,opt,bws,Tot,0.526272334617729,142,0,Low (<10%),Europe,Europe & Central Asia
HUN,Hungary,2030,pes,bws,Liv,0.526253606922369,131,0,Low (<10%),Europe,Europe & Central Asia
CAN,Canada,2080,pes,bws,One,0.526045377076182,155,0,Low (<10%),Americas,North America
HUN,Hungary,2030,bau,bws,Irr,0.525697046399103,146,0,Low (<10%),Europe,Europe & Central Asia
BIH,Bosnia and Herzegovina,2030,opt,bws,Dom,0.525450025659999,135,0,Low (<10%),Europe,Europe & Central Asia
GMB,Gambia,2050,pes,bws,Dom,0.525329921797308,148,0,Low (<10%),Africa,Sub-Saharan Africa
CHE,Switzerland,2030,bau,bws,Tot,0.525210054984921,148,0,Low (<10%),Europe,Europe & Central Asia
UGA,Uganda,2030,opt,bws,One,0.524165316266166,135,0,Low (<10%),Africa,Sub-Saharan Africa
COL,Colombia,2030,opt,bws,Tot,0.523930350291532,143,0,Low (<10%),Americas,Latin America & Caribbean
GHA,Ghana,2030,opt,bws,Tot,0.523616446565521,144,0,Low (<10%),Africa,Sub-Saharan Africa
GHA,Ghana,2030,bau,bws,Tot,0.523360329122912,149,0,Low (<10%),Africa,Sub-Saharan Africa
MOZ,Mozambique,2080,opt,bws,Dom,0.523261961780588,146,0,Low (<10%),Africa,Sub-Saharan Africa
BIH,Bosnia and Herzegovina,2050,pes,bws,Ind,0.5225808044699,145,0,Low (<10%),Europe,Europe & Central Asia
BOL,Bolivia,2080,opt,bws,Irr,0.522348422438556,149,0,Low (<10%),Americas,Latin America & Caribbean
IDN,Indonesia,2030,pes,bws,One,0.522242474393478,137,0,Low (<10%),Asia,East Asia & Pacific
IDN,Indonesia,2050,opt,bws,One,0.52212236425918,139,0,Low (<10%),Asia,East Asia & Pacific
BIH,Bosnia and Herzegovina,2050,pes,bws,Tot,0.521940156603738,153,0,Low (<10%),Europe,Europe & Central Asia
MWI,Malawi,2050,opt,bws,Liv,0.52188595150066,135,0,Low (<10%),Africa,Sub-Saharan Africa
CHE,Switzerland,2050,bau,bws,One,0.521656240758686,143,0,Low (<10%),Europe,Europe & Central Asia
RWA,Rwanda,2050,opt,bws,Irr,0.521502625045138,144,0,Low (<10%),Africa,Sub-Saharan Africa
TGO,Togo,2050,pes,bws,Irr,0.521466125885232,149,0,Low (<10%),Africa,Sub-Saharan Africa
LVA,Latvia,2050,opt,bws,Liv,0.520709811471084,136,0,Low (<10%),Europe,Europe & Central Asia
IRL,Ireland,2030,pes,bws,Dom,0.519133273886371,137,0,Low (<10%),Europe,Europe & Central Asia
SVN,Slovenia,2080,bau,bws,Ind,0.518843441116831,150,0,Low (<10%),Europe,Europe & Central Asia
UGA,Uganda,2030,bau,bws,Dom,0.518533791032649,136,0,Low (<10%),Africa,Sub-Saharan Africa
IRL,Ireland,2050,opt,bws,Dom,0.518353192919775,143,0,Low (<10%),Europe,Europe & Central Asia
AUT,Austria,2050,bau,bws,One,0.518051235119522,144,0,Low (<10%),Europe,Europe & Central Asia
HND,Honduras,2080,opt,bws,Dom,0.517481476293126,147,0,Low (<10%),Americas,Latin America & Caribbean
LVA,Latvia,2050,bau,bws,Tot,0.517431598273016,155,0,Low (<10%),Europe,Europe & Central Asia
ECU,Ecuador,2080,pes,bws,Dom,0.516515522639897,153,0,Low (<10%),Americas,Latin America & Caribbean
MLI,Mali,2050,bau,bws,Ind,0.516296979270281,145,0,Low (<10%),Africa,Sub-Saharan Africa
SWE,Sweden,2050,bau,bws,One,0.51616128372494,145,0,Low (<10%),Europe,Europe & Central Asia
COL,Colombia,2050,opt,bws,Tot,0.515920502521294,150,0,Low (<10%),Americas,Latin America & Caribbean
GIN,Guinea,2080,pes,bws,Liv,0.515717080826459,148,0,Low (<10%),Africa,Sub-Saharan Africa
ECU,Ecuador,2080,opt,bws,Dom,0.515608816706254,148,0,Low (<10%),Americas,Latin America & Caribbean
CHE,Switzerland,2080,opt,bws,Dom,0.515089773818365,149,0,Low (<10%),Europe,Europe & Central Asia
ECU,Ecuador,2030,bau,bws,Ind,0.514753661864872,139,0,Low (<10%),Americas,Latin America & Caribbean
TGO,Togo,2050,bau,bws,Irr,0.514747129697284,151,0,Low (<10%),Africa,Sub-Saharan Africa
CHE,Switzerland,2080,bau,bws,Liv,0.514616999197691,147,0,Low (<10%),Europe,Europe & Central Asia
BEN,Benin,2080,pes,bws,Tot,0.514145306799444,160,0,Low (<10%),Africa,Sub-Saharan Africa
GIN,Guinea,2080,pes,bws,Irr,0.513265930712019,153,0,Low (<10%),Africa,Sub-Saharan Africa
CHE,Switzerland,2030,opt,bws,Tot,0.513245371326316,145,0,Low (<10%),Europe,Europe & Central Asia
UGA,Uganda,2080,pes,bws,Ind,0.510539279068842,151,0,Low (<10%),Africa,Sub-Saharan Africa
LVA,Latvia,2080,opt,bws,Tot,0.509745669538591,154,0,Low (<10%),Europe,Europe & Central Asia
BEN,Benin,2080,pes,bws,Dom,0.509353509710586,154,0,Low (<10%),Africa,Sub-Saharan Africa
SVN,Slovenia,2080,opt,bws,One,0.509069057986966,146,0,Low (<10%),Europe,Europe & Central Asia
BDI,Burundi,2050,bau,bws,Tot,0.508787714344085,156,0,Low (<10%),Africa,Sub-Saharan Africa
GMB,Gambia,2050,pes,bws,Liv,0.508353924291129,139,0,Low (<10%),Africa,Sub-Saharan Africa
COD,Democratic Republic of the Congo,2030,bau,bws,Tot,0.507471256010746,150,0,Low (<10%),Africa,Sub-Saharan Africa
MWI,Malawi,2030,bau,bws,Dom,0.507209152391392,137,0,Low (<10%),Africa,Sub-Saharan Africa
NIC,Nicaragua,2050,pes,bws,Irr,0.506555804630203,150,0,Low (<10%),Americas,Latin America & Caribbean
IDN,Indonesia,2030,opt,bws,One,0.506050876527424,136,0,Low (<10%),Asia,East Asia & Pacific
HUN,Hungary,2030,pes,bws,Irr,0.505471297619275,141,0,Low (<10%),Europe,Europe & Central Asia
VEN,Venezuela,2030,pes,bws,One,0.505150512345554,138,0,Low (<10%),Americas,Latin America & Caribbean
COL,Colombia,2080,opt,bws,Tot,0.504994082474044,155,0,Low (<10%),Americas,Latin America & Caribbean
HUN,Hungary,2030,opt,bws,Irr,0.503571957117191,142,0,Low (<10%),Europe,Europe & Central Asia
CRI,Costa Rica,2080,pes,bws,One,0.503240431292244,156,0,Low (<10%),Americas,Latin America & Caribbean
SVN,Slovenia,2030,bau,bws,Liv,0.503190676355713,131,0,Low (<10%),Europe,Europe & Central Asia
GNB,Guinea-Bissau,2050,pes,bws,One,0.50314695662033,146,0,Low (<10%),Africa,Sub-Saharan Africa
BEN,Benin,2050,opt,bws,Dom,0.502497448823746,144,0,Low (<10%),Africa,Sub-Saharan Africa
GNB,Guinea-Bissau,2080,pes,bws,Ind,0.502443607689251,152,0,Low (<10%),Africa,Sub-Saharan Africa
BDI,Burundi,2050,bau,bws,One,0.50206540972983,146,0,Low (<10%),Africa,Sub-Saharan Africa
UGA,Uganda,2030,bau,bws,One,0.501990060653217,137,0,Low (<10%),Africa,Sub-Saharan Africa
GMB,Gambia,2050,bau,bws,Dom,0.501459267606396,147,0,Low (<10%),Africa,Sub-Saharan Africa
IRL,Ireland,2030,bau,bws,Dom,0.501338900736362,138,0,Low (<10%),Europe,Europe & Central Asia
RUS,Russia,2030,bau,bws,One,0.501210803101658,138,0,Low (<10%),Europe,Europe & Central Asia
BOL,Bolivia,2080,pes,bws,Ind,0.500767862334686,153,0,Low (<10%),Americas,Latin America & Caribbean
MYS,Malaysia,2050,bau,bws,Liv,0.50070008328156,139,0,Low (<10%),Asia,East Asia & Pacific
COL,Colombia,2030,pes,bws,Tot,0.500348008772281,146,0,Low (<10%),Americas,Latin America & Caribbean
GNB,Guinea-Bissau,2050,opt,bws,Irr,0.500140918361266,145,0,Low (<10%),Africa,Sub-Saharan Africa
BRA,Brazil,2050,pes,bws,Liv,0.500078686777288,140,0,Low (<10%),Americas,Latin America & Caribbean
RWA,Rwanda,2050,pes,bws,Irr,0.499967257028109,151,0,Low (<10%),Africa,Sub-Saharan Africa
BIH,Bosnia and Herzegovina,2050,bau,bws,Liv,0.499806200880463,140,0,Low (<10%),Europe,Europe & Central Asia
ECU,Ecuador,2030,bau,bws,Dom,0.499678367470373,139,0,Low (<10%),Americas,Latin America & Caribbean
GIN,Guinea,2080,bau,bws,Dom,0.499329982882597,153,0,Low (<10%),Africa,Sub-Saharan Africa
COL,Colombia,2030,bau,bws,Tot,0.498966966860115,151,0,Low (<10%),Americas,Latin America & Caribbean
CHE,Switzerland,2050,bau,bws,Tot,0.498955688226764,157,0,Low (<10%),Europe,Europe & Central Asia
NOR,Norway,2030,pes,bws,Irr,0.498816085505614,142,0,Low (<10%),Europe,Europe & Central Asia
IDN,Indonesia,2030,bau,bws,One,0.49838573070985,139,0,Low (<10%),Asia,East Asia & Pacific
CAF,Central African Republic,2050,bau,bws,Irr,0.498239251132584,152,0,Low (<10%),Africa,Sub-Saharan Africa
SVN,Slovenia,2030,opt,bws,Liv,0.497177599649155,130,0,Low (<10%),Europe,Europe & Central Asia
GHA,Ghana,2050,pes,bws,One,0.496672222988687,147,0,Low (<10%),Africa,Sub-Saharan Africa
CRI,Costa Rica,2030,bau,bws,Liv,0.496182204296436,132,0,Low (<10%),Americas,Latin America & Caribbean
IRL,Ireland,2080,bau,bws,Dom,0.495990511086364,154,0,Low (<10%),Europe,Europe & Central Asia
SVN,Slovenia,2080,bau,bws,Tot,0.495886977343416,159,0,Low (<10%),Europe,Europe & Central Asia
BEN,Benin,2080,bau,bws,Liv,0.495697349354931,148,0,Low (<10%),Africa,Sub-Saharan Africa
SVN,Slovenia,2030,pes,bws,One,0.495643443217503,139,0,Low (<10%),Europe,Europe & Central Asia
CHE,Switzerland,2050,opt,bws,Dom,0.4952164541919,145,0,Low (<10%),Europe,Europe & Central Asia
BEN,Benin,2050,opt,bws,Tot,0.494930228266297,151,0,Low (<10%),Africa,Sub-Saharan Africa
GHA,Ghana,2030,opt,bws,Dom,0.494924653975959,136,0,Low (<10%),Africa,Sub-Saharan Africa
CHE,Switzerland,2080,bau,bws,Irr,0.493779752167007,153,0,Low (<10%),Europe,Europe & Central Asia
ECU,Ecuador,2030,pes,bws,Ind,0.492919763425271,138,0,Low (<10%),Americas,Latin America & Caribbean
GNB,Guinea-Bissau,2030,opt,bws,One,0.492650176211907,137,0,Low (<10%),Africa,Sub-Saharan Africa
ECU,Ecuador,2030,opt,bws,Ind,0.492430941078287,136,0,Low (<10%),Americas,Latin America & Caribbean
GMB,Gambia,2080,opt,bws,Ind,0.49205243739332,143,0,Low (<10%),Africa,Sub-Saharan Africa
RWA,Rwanda,2050,opt,bws,Liv,0.490960994464057,137,0,Low (<10%),Africa,Sub-Saharan Africa
TZA,Tanzania,2030,pes,bws,Liv,0.49074303524214,132,0,Low (<10%),Africa,Sub-Saharan Africa
GNB,Guinea-Bissau,2030,opt,bws,Tot,0.490306677416869,146,0,Low (<10%),Africa,Sub-Saharan Africa
HUN,Hungary,2050,bau,bws,Liv,0.490092698859519,141,0,Low (<10%),Europe,Europe & Central Asia
GUY,Guyana,2080,pes,bws,One,0.489561208638517,157,0,Low (<10%),Americas,Latin America & Caribbean
FIN,Finland,2080,bau,bws,One,0.4893089803165,152,0,Low (<10%),Europe,Europe & Central Asia
TGO,Togo,2080,pes,bws,One,0.489064900895356,158,0,Low (<10%),Africa,Sub-Saharan Africa
UGA,Uganda,2030,opt,bws,Liv,0.48828368112347,131,0,Low (<10%),Africa,Sub-Saharan Africa
NIC,Nicaragua,2030,pes,bws,Irr,0.488133188476637,143,0,Low (<10%),Americas,Latin America & Caribbean
BLZ,Belize,2080,pes,bws,Dom,0.48714293006328,155,0,Low (<10%),Americas,Latin America & Caribbean
VEN,Venezuela,2030,bau,bws,One,0.485790661940005,140,0,Low (<10%),Americas,Latin America & Caribbean
GHA,Ghana,2030,bau,bws,Dom,0.485534334120633,140,0,Low (<10%),Africa,Sub-Saharan Africa
LVA,Latvia,2050,bau,bws,Ind,0.485479865271564,146,0,Low (<10%),Europe,Europe & Central Asia
GIN,Guinea,2080,bau,bws,Tot,0.485076435283192,160,0,Low (<10%),Africa,Sub-Saharan Africa
CRI,Costa Rica,2050,opt,bws,Liv,0.484412555841565,138,0,Low (<10%),Americas,Latin America & Caribbean
RUS,Russia,2080,opt,bws,One,0.484378479636523,147,0,Low (<10%),Europe,Europe & Central Asia
LVA,Latvia,2030,bau,bws,Liv,0.483060680941639,133,0,Low (<10%),Europe,Europe & Central Asia
MYS,Malaysia,2080,opt,bws,Liv,0.48287883013287,140,0,Low (<10%),Asia,East Asia & Pacific
BOL,Bolivia,2050,pes,bws,Tot,0.482381371718281,154,0,Low (<10%),Americas,Latin America & Caribbean
IRL,Ireland,2080,pes,bws,Ind,0.481926553153689,154,0,Low (<10%),Europe,Europe & Central Asia
MNE,Montenegro,2030,pes,bws,One,0.481658059044012,140,0,Low (<10%),Europe,Europe & Central Asia
BTN,Bhutan,2030,opt,bws,Irr,0.481341078302679,143,0,Low (<10%),Asia,South Asia
ECU,Ecuador,2030,pes,bws,Dom,0.481015327348793,138,0,Low (<10%),Americas,Latin America & Caribbean
COD,Democratic Republic of the Congo,2030,opt,bws,Tot,0.48100566779158,147,0,Low (<10%),Africa,Sub-Saharan Africa
TZA,Tanzania,2030,opt,bws,Liv,0.480414316955686,132,0,Low (<10%),Africa,Sub-Saharan Africa
MYS,Malaysia,2050,pes,bws,Liv,0.480222050695338,141,0,Low (<10%),Asia,East Asia & Pacific
IRL,Ireland,2030,opt,bws,Dom,0.479891804057454,137,0,Low (<10%),Europe,Europe & Central Asia
GNB,Guinea-Bissau,2050,pes,bws,Tot,0.479681186578457,155,0,Low (<10%),Africa,Sub-Saharan Africa
LVA,Latvia,2030,pes,bws,Liv,0.479104700656264,133,0,Low (<10%),Europe,Europe & Central Asia
BRA,Brazil,2050,bau,bws,Liv,0.478657045391137,142,0,Low (<10%),Americas,Latin America & Caribbean
COD,Democratic Republic of the Congo,2050,bau,bws,Tot,0.478654055594274,158,0,Low (<10%),Africa,Sub-Saharan Africa
ECU,Ecuador,2030,opt,bws,Dom,0.478356227177489,138,0,Low (<10%),Americas,Latin America & Caribbean
BRA,Brazil,2050,pes,bws,One,0.478185265915123,148,0,Low (<10%),Americas,Latin America & Caribbean
LVA,Latvia,2080,opt,bws,Ind,0.477382618926528,144,0,Low (<10%),Europe,Europe & Central Asia
IRL,Ireland,2050,bau,bws,Dom,0.477192429659028,148,0,Low (<10%),Europe,Europe & Central Asia
SVN,Slovenia,2050,bau,bws,Liv,0.476862958314893,143,0,Low (<10%),Europe,Europe & Central Asia
HRV,Croatia,2080,pes,bws,Dom,0.476861640232743,156,0,Low (<10%),Europe,Europe & Central Asia
HUN,Hungary,2080,opt,bws,Ind,0.476259258414024,145,0,Low (<10%),Europe,Europe & Central Asia
HND,Honduras,2030,pes,bws,Dom,0.47604868453609,139,0,Low (<10%),Americas,Latin America & Caribbean
BRA,Brazil,2030,bau,bws,Liv,0.475713543649928,134,0,Low (<10%),Americas,Latin America & Caribbean
GNB,Guinea-Bissau,2030,bau,bws,Tot,0.47568068905354,152,0,Low (<10%),Africa,Sub-Saharan Africa
HUN,Hungary,2080,opt,bws,One,0.475421333795892,148,0,Low (<10%),Europe,Europe & Central Asia
MWI,Malawi,2030,pes,bws,Dom,0.475205970331501,140,0,Low (<10%),Africa,Sub-Saharan Africa
NOR,Norway,2080,opt,bws,Irr,0.475005092366469,150,0,Low (<10%),Europe,Europe & Central Asia
MNE,Montenegro,2030,bau,bws,One,0.473971808652028,141,0,Low (<10%),Europe,Europe & Central Asia
SUR,Suriname,2050,bau,bws,One,0.473961315884588,147,0,Low (<10%),Americas,Latin America & Caribbean
CRI,Costa Rica,2030,opt,bws,Liv,0.473898978976782,133,0,Low (<10%),Americas,Latin America & Caribbean
SVN,Slovenia,2030,bau,bws,Dom,0.473752748300656,141,0,Low (<10%),Europe,Europe & Central Asia
RWA,Rwanda,2050,pes,bws,Liv,0.47347790034001,142,0,Low (<10%),Africa,Sub-Saharan Africa
LVA,Latvia,2030,opt,bws,Liv,0.473304024392082,134,0,Low (<10%),Europe,Europe & Central Asia
BEN,Benin,2050,pes,bws,Dom,0.473003209580199,149,0,Low (<10%),Africa,Sub-Saharan Africa
SUR,Suriname,2080,bau,bws,One,0.472891568564438,153,0,Low (<10%),Americas,Latin America & Caribbean
NIC,Nicaragua,2050,pes,bws,Tot,0.472888524622851,156,0,Low (<10%),Americas,Latin America & Caribbean
HUN,Hungary,2050,opt,bws,Dom,0.472653766066774,148,0,Low (<10%),Europe,Europe & Central Asia
IRL,Ireland,2080,pes,bws,One,0.472455017158516,159,0,Low (<10%),Europe,Europe & Central Asia
MNE,Montenegro,2030,opt,bws,One,0.471982180548053,138,0,Low (<10%),Europe,Europe & Central Asia
HUN,Hungary,2080,opt,bws,Tot,0.470825374046387,156,0,Low (<10%),Europe,Europe & Central Asia
BLZ,Belize,2080,pes,bws,Tot,0.470459313600992,161,0,Low (<10%),Americas,Latin America & Caribbean
BEN,Benin,2050,pes,bws,Tot,0.470116753657374,157,0,Low (<10%),Africa,Sub-Saharan Africa
BOL,Bolivia,2050,opt,bws,Tot,0.469456742398692,156,0,Low (<10%),Americas,Latin America & Caribbean
NOR,Norway,2050,opt,bws,Irr,0.468874278183856,149,0,Low (<10%),Europe,Europe & Central Asia
BOL,Bolivia,2080,bau,bws,Ind,0.468822706185711,151,0,Low (<10%),Americas,Latin America & Caribbean
GNB,Guinea-Bissau,2050,opt,bws,One,0.468131639538732,145,0,Low (<10%),Africa,Sub-Saharan Africa
NIC,Nicaragua,2050,pes,bws,Dom,0.467038612952241,150,0,Low (<10%),Americas,Latin America & Caribbean
GNB,Guinea-Bissau,2080,opt,bws,Liv,0.466827763905688,141,0,Low (<10%),Africa,Sub-Saharan Africa
BOL,Bolivia,2050,bau,bws,Tot,0.465947965336449,159,0,Low (<10%),Americas,Latin America & Caribbean
GIN,Guinea,2080,bau,bws,Irr,0.465678962830814,154,0,Low (<10%),Africa,Sub-Saharan Africa
HUN,Hungary,2050,pes,bws,One,0.46546689956736,149,0,Low (<10%),Europe,Europe & Central Asia
GMB,Gambia,2050,bau,bws,Ind,0.464000065197604,147,0,Low (<10%),Africa,Sub-Saharan Africa
MYS,Malaysia,2050,opt,bws,Liv,0.463767295489483,140,0,Low (<10%),Asia,East Asia & Pacific
CIV,CÃ´te d'Ivoire,2080,bau,bws,Ind,0.463637349804793,152,0,Low (<10%),Africa,Sub-Saharan Africa
SVN,Slovenia,2030,opt,bws,Dom,0.463293472717115,139,0,Low (<10%),Europe,Europe & Central Asia
BRA,Brazil,2050,bau,bws,One,0.462581539840446,148,0,Low (<10%),Americas,Latin America & Caribbean
MLI,Mali,2030,bau,bws,Ind,0.462390898082204,140,0,Low (<10%),Africa,Sub-Saharan Africa
TGO,Togo,2050,opt,bws,One,0.462254134427659,146,0,Low (<10%),Africa,Sub-Saharan Africa
MNE,Montenegro,2050,opt,bws,One,0.461914613612752,147,0,Low (<10%),Europe,Europe & Central Asia
LVA,Latvia,2080,bau,bws,Liv,0.461855311702478,149,0,Low (<10%),Europe,Europe & Central Asia
SVN,Slovenia,2080,opt,bws,Liv,0.461542372498942,142,0,Low (<10%),Europe,Europe & Central Asia
HUN,Hungary,2080,bau,bws,Liv,0.460267856449952,150,0,Low (<10%),Europe,Europe & Central Asia
SWE,Sweden,2080,bau,bws,One,0.460153122383762,154,0,Low (<10%),Europe,Europe & Central Asia
HUN,Hungary,2050,pes,bws,Ind,0.459849094984462,146,0,Low (<10%),Europe,Europe & Central Asia
HUN,Hungary,2030,bau,bws,One,0.458383084521617,142,0,Low (<10%),Europe,Europe & Central Asia
LVA,Latvia,2080,pes,bws,Liv,0.458279495219686,149,0,Low (<10%),Europe,Europe & Central Asia
BRA,Brazil,2050,opt,bws,Liv,0.45810781620559,141,0,Low (<10%),Americas,Latin America & Caribbean
SVN,Slovenia,2050,bau,bws,Dom,0.457004902209257,149,0,Low (<10%),Europe,Europe & Central Asia
HUN,Hungary,2030,bau,bws,Ind,0.456974054105513,141,0,Low (<10%),Europe,Europe & Central Asia
SVN,Slovenia,2030,pes,bws,Liv,0.455702424671021,134,0,Low (<10%),Europe,Europe & Central Asia
BRA,Brazil,2050,opt,bws,One,0.455653983898601,148,0,Low (<10%),Americas,Latin America & Caribbean
SWZ,Swaziland,2030,pes,bws,Tot,0.455390792198589,147,0,Low (<10%),Africa,Sub-Saharan Africa
SVN,Slovenia,2080,bau,bws,One,0.455293741874231,155,0,Low (<10%),Europe,Europe & Central Asia
NGA,Nigeria,2030,pes,bws,Ind,0.45500426070678,139,0,Low (<10%),Africa,Sub-Saharan Africa
MYS,Malaysia,2050,bau,bws,One,0.454498357863538,149,0,Low (<10%),Asia,East Asia & Pacific
HUN,Hungary,2050,pes,bws,Tot,0.454341071581428,158,0,Low (<10%),Europe,Europe & Central Asia
NIC,Nicaragua,2050,bau,bws,One,0.453691892741694,150,0,Low (<10%),Americas,Latin America & Caribbean
COD,Democratic Republic of the Congo,2080,bau,bws,One,0.451884202870906,156,0,Low (<10%),Africa,Sub-Saharan Africa
CHE,Switzerland,2080,bau,bws,One,0.451643718309945,157,0,Low (<10%),Europe,Europe & Central Asia
HUN,Hungary,2030,opt,bws,One,0.451295600991078,139,0,Low (<10%),Europe,Europe & Central Asia
HUN,Hungary,2030,bau,bws,Tot,0.451270126350983,153,0,Low (<10%),Europe,Europe & Central Asia
HUN,Hungary,2030,opt,bws,Ind,0.450426842244849,137,0,Low (<10%),Europe,Europe & Central Asia
NOR,Norway,2050,bau,bws,Irr,0.450222384258148,153,0,Low (<10%),Europe,Europe & Central Asia
NGA,Nigeria,2030,opt,bws,Ind,0.449689401493083,138,0,Low (<10%),Africa,Sub-Saharan Africa
IRL,Ireland,2050,pes,bws,Tot,0.449611014687716,159,0,Low (<10%),Europe,Europe & Central Asia
MYS,Malaysia,2050,pes,bws,One,0.448907012089379,150,0,Low (<10%),Asia,East Asia & Pacific
FIN,Finland,2030,pes,bws,One,0.448892087642381,141,0,Low (<10%),Europe,Europe & Central Asia
BIH,Bosnia and Herzegovina,2050,opt,bws,Liv,0.448838700115281,142,0,Low (<10%),Europe,Europe & Central Asia
LVA,Latvia,2050,pes,bws,Liv,0.448544626317898,143,0,Low (<10%),Europe,Europe & Central Asia
MOZ,Mozambique,2030,pes,bws,Tot,0.448294026960889,148,0,Low (<10%),Africa,Sub-Saharan Africa
MWI,Malawi,2030,opt,bws,Ind,0.44726184538324,139,0,Low (<10%),Africa,Sub-Saharan Africa
BOL,Bolivia,2080,opt,bws,Tot,0.446485570219082,157,0,Low (<10%),Americas,Latin America & Caribbean
BDI,Burundi,2050,bau,bws,Liv,0.446266471705238,144,0,Low (<10%),Africa,Sub-Saharan Africa
BIH,Bosnia and Herzegovina,2080,bau,bws,Liv,0.445966774635821,151,0,Low (<10%),Europe,Europe & Central Asia
GNB,Guinea-Bissau,2030,pes,bws,Irr,0.444996221885611,144,0,Low (<10%),Africa,Sub-Saharan Africa
COL,Colombia,2080,pes,bws,Ind,0.444886604133912,155,0,Low (<10%),Americas,Latin America & Caribbean
HUN,Hungary,2030,opt,bws,Tot,0.444125373385516,148,0,Low (<10%),Europe,Europe & Central Asia
GNB,Guinea-Bissau,2030,bau,bws,One,0.443817669496749,143,0,Low (<10%),Africa,Sub-Saharan Africa
BIH,Bosnia and Herzegovina,2030,pes,bws,Dom,0.443531609068941,141,0,Low (<10%),Europe,Europe & Central Asia
HUN,Hungary,2080,bau,bws,Irr,0.443306037350452,155,0,Low (<10%),Europe,Europe & Central Asia
NOR,Norway,2030,pes,bws,Dom,0.443261488062766,142,0,Low (<10%),Europe,Europe & Central Asia
GMB,Gambia,2050,pes,bws,Tot,0.443038343097305,160,0,Low (<10%),Africa,Sub-Saharan Africa
NIC,Nicaragua,2050,pes,bws,One,0.442576841798353,151,0,Low (<10%),Americas,Latin America & Caribbean
SVN,Slovenia,2030,pes,bws,Dom,0.442239147039429,143,0,Low (<10%),Europe,Europe & Central Asia
COD,Democratic Republic of the Congo,2080,bau,bws,Tot,0.441745876836814,161,0,Low (<10%),Africa,Sub-Saharan Africa
GUY,Guyana,2080,bau,bws,One,0.441612840915498,158,0,Low (<10%),Americas,Latin America & Caribbean
NIC,Nicaragua,2050,bau,bws,Tot,0.441570466685861,160,0,Low (<10%),Americas,Latin America & Caribbean
TZA,Tanzania,2030,bau,bws,Liv,0.441364723790643,135,0,Low (<10%),Africa,Sub-Saharan Africa
HUN,Hungary,2030,pes,bws,One,0.440796485492741,142,0,Low (<10%),Europe,Europe & Central Asia
BRA,Brazil,2030,pes,bws,Liv,0.440665110853523,135,0,Low (<10%),Americas,Latin America & Caribbean
MLI,Mali,2030,pes,bws,Ind,0.440240912039899,140,0,Low (<10%),Africa,Sub-Saharan Africa
HUN,Hungary,2050,bau,bws,Irr,0.439582929838619,154,0,Low (<10%),Europe,Europe & Central Asia
HUN,Hungary,2030,pes,bws,Ind,0.439483206978321,141,0,Low (<10%),Europe,Europe & Central Asia
HND,Honduras,2030,bau,bws,Dom,0.439246164022041,142,0,Low (<10%),Americas,Latin America & Caribbean
NIC,Nicaragua,2050,pes,bws,Liv,0.439183452447516,144,0,Low (<10%),Americas,Latin America & Caribbean
HND,Honduras,2080,opt,bws,Irr,0.439065242109894,151,0,Low (<10%),Americas,Latin America & Caribbean
GNB,Guinea-Bissau,2080,bau,bws,Ind,0.438391548446737,153,0,Low (<10%),Africa,Sub-Saharan Africa
MYS,Malaysia,2080,opt,bws,One,0.437799091705069,149,0,Low (<10%),Asia,East Asia & Pacific
BIH,Bosnia and Herzegovina,2030,pes,bws,Ind,0.437132651248848,142,0,Low (<10%),Europe,Europe & Central Asia
CHE,Switzerland,2030,pes,bws,Dom,0.437001797256746,144,0,Low (<10%),Europe,Europe & Central Asia
BTN,Bhutan,2030,bau,bws,Irr,0.436949299008664,147,0,Low (<10%),Asia,South Asia
BIH,Bosnia and Herzegovina,2030,pes,bws,Tot,0.436862120331302,149,0,Low (<10%),Europe,Europe & Central Asia
GIN,Guinea,2080,pes,bws,Tot,0.435968271968714,162,0,Low (<10%),Africa,Sub-Saharan Africa
UGA,Uganda,2080,opt,bws,Ind,0.435489542304025,146,0,Low (<10%),Africa,Sub-Saharan Africa
CAF,Central African Republic,2050,bau,bws,Tot,0.435251650590583,161,0,Low (<10%),Africa,Sub-Saharan Africa
SVN,Slovenia,2030,opt,bws,Irr,0.435166119959783,144,0,Low (<10%),Europe,Europe & Central Asia
SVN,Slovenia,2030,bau,bws,Irr,0.434490837537751,148,0,Low (<10%),Europe,Europe & Central Asia
VEN,Venezuela,2050,opt,bws,One,0.434435045319414,149,0,Low (<10%),Americas,Latin America & Caribbean
SWE,Sweden,2030,bau,bws,One,0.434297029230423,144,0,Low (<10%),Europe,Europe & Central Asia
HUN,Hungary,2030,pes,bws,Tot,0.434252359779348,150,0,Low (<10%),Europe,Europe & Central Asia
GUY,Guyana,2050,pes,bws,One,0.434080194528186,152,0,Low (<10%),Americas,Latin America & Caribbean
BLZ,Belize,2080,pes,bws,Irr,0.432687271870813,154,0,Low (<10%),Americas,Latin America & Caribbean
TGO,Togo,2050,opt,bws,Irr,0.432357651331725,150,0,Low (<10%),Africa,Sub-Saharan Africa
NZL,New Zealand,2080,pes,bws,Dom,0.432245211819176,157,0,Low (<10%),Oceania,East Asia & Pacific
GNB,Guinea-Bissau,2050,bau,bws,Ind,0.431277322957157,148,0,Low (<10%),Africa,Sub-Saharan Africa
CHE,Switzerland,2030,bau,bws,Dom,0.430212302947379,143,0,Low (<10%),Europe,Europe & Central Asia
MLI,Mali,2030,opt,bws,Ind,0.429880910406282,140,0,Low (<10%),Africa,Sub-Saharan Africa
GUY,Guyana,2050,opt,bws,One,0.429403779521413,150,0,Low (<10%),Americas,Latin America & Caribbean
HRV,Croatia,2080,bau,bws,Irr,0.429292549726736,156,0,Low (<10%),Europe,Europe & Central Asia
GNB,Guinea-Bissau,2050,opt,bws,Tot,0.428946212010247,157,0,Low (<10%),Africa,Sub-Saharan Africa
BRA,Brazil,2030,pes,bws,One,0.428869384988928,143,0,Low (<10%),Americas,Latin America & Caribbean
CHE,Switzerland,2080,bau,bws,Ind,0.428202227608444,154,0,Low (<10%),Europe,Europe & Central Asia
SWE,Sweden,2030,opt,bws,One,0.427859947865726,140,0,Low (<10%),Europe,Europe & Central Asia
AUT,Austria,2080,bau,bws,One,0.427692848006672,159,0,Low (<10%),Europe,Europe & Central Asia
RWA,Rwanda,2050,bau,bws,One,0.427624215359717,151,0,Low (<10%),Africa,Sub-Saharan Africa
SUR,Suriname,2050,pes,bws,One,0.427582898116884,153,0,Low (<10%),Americas,Latin America & Caribbean
NOR,Norway,2050,bau,bws,Dom,0.426529022271053,150,0,Low (<10%),Europe,Europe & Central Asia
SVN,Slovenia,2080,opt,bws,Dom,0.426086755486626,150,0,Low (<10%),Europe,Europe & Central Asia
MWI,Malawi,2030,opt,bws,Liv,0.425683207461075,135,0,Low (<10%),Africa,Sub-Saharan Africa
HUN,Hungary,2080,opt,bws,Dom,0.424919652532755,151,0,Low (<10%),Europe,Europe & Central Asia
FIN,Finland,2050,bau,bws,One,0.422473661485202,152,0,Low (<10%),Europe,Europe & Central Asia
HND,Honduras,2030,pes,bws,One,0.422287785721866,144,0,Low (<10%),Americas,Latin America & Caribbean
GNB,Guinea-Bissau,2050,pes,bws,Liv,0.422204842965398,145,0,Low (<10%),Africa,Sub-Saharan Africa
TGO,Togo,2050,bau,bws,One,0.422079526058337,153,0,Low (<10%),Africa,Sub-Saharan Africa
BRA,Brazil,2030,bau,bws,One,0.42040346023921,145,0,Low (<10%),Americas,Latin America & Caribbean
CHE,Switzerland,2030,opt,bws,Dom,0.420087040951896,142,0,Low (<10%),Europe,Europe & Central Asia
MYS,Malaysia,2050,opt,bws,One,0.420063743347708,151,0,Low (<10%),Asia,East Asia & Pacific
LVA,Latvia,2050,bau,bws,Liv,0.420007722531309,145,0,Low (<10%),Europe,Europe & Central Asia
GUY,Guyana,2050,bau,bws,One,0.419737857531114,154,0,Low (<10%),Americas,Latin America & Caribbean
COL,Colombia,2080,pes,bws,Dom,0.419700593677293,158,0,Low (<10%),Americas,Latin America & Caribbean
NOR,Norway,2030,bau,bws,Dom,0.418986735636573,144,0,Low (<10%),Europe,Europe & Central Asia
GIN,Guinea,2080,bau,bws,Ind,0.418968254230923,155,0,Low (<10%),Africa,Sub-Saharan Africa
LVA,Latvia,2080,opt,bws,Liv,0.418801746917259,143,0,Low (<10%),Europe,Europe & Central Asia
NGA,Nigeria,2030,bau,bws,Ind,0.418393821627931,142,0,Low (<10%),Africa,Sub-Saharan Africa
BTN,Bhutan,2030,pes,bws,Irr,0.418039710243424,145,0,Low (<10%),Asia,South Asia
TGO,Togo,2030,opt,bws,Liv,0.416554900628128,137,0,Low (<10%),Africa,Sub-Saharan Africa
UGA,Uganda,2030,opt,bws,Irr,0.415391688397672,148,0,Low (<10%),Africa,Sub-Saharan Africa
GNB,Guinea-Bissau,2050,pes,bws,Dom,0.414469856910105,151,0,Low (<10%),Africa,Sub-Saharan Africa
CAN,Canada,2080,bau,bws,One,0.414295459510357,160,0,Low (<10%),Americas,North America
NOR,Norway,2030,opt,bws,Dom,0.413934790150483,143,0,Low (<10%),Europe,Europe & Central Asia
GUY,Guyana,2030,bau,bws,One,0.412333361658528,146,0,Low (<10%),Americas,Latin America & Caribbean
HUN,Hungary,2030,bau,bws,Dom,0.411707379352981,145,0,Low (<10%),Europe,Europe & Central Asia
HUN,Hungary,2050,bau,bws,One,0.41141910008113,156,0,Low (<10%),Europe,Europe & Central Asia
HUN,Hungary,2050,pes,bws,Dom,0.410930693342008,152,0,Low (<10%),Europe,Europe & Central Asia
BIH,Bosnia and Herzegovina,2080,pes,bws,One,0.410259394323801,160,0,Low (<10%),Europe,Europe & Central Asia
CHE,Switzerland,2050,bau,bws,Dom,0.409946976629312,151,0,Low (<10%),Europe,Europe & Central Asia
HND,Honduras,2080,opt,bws,Tot,0.409236292844203,158,0,Low (<10%),Americas,Latin America & Caribbean
MOZ,Mozambique,2050,pes,bws,Dom,0.40908553008686,153,0,Low (<10%),Africa,Sub-Saharan Africa
BLZ,Belize,2080,bau,bws,Ind,0.407460088552872,156,0,Low (<10%),Americas,Latin America & Caribbean
GNB,Guinea-Bissau,2030,pes,bws,One,0.407245566256453,145,0,Low (<10%),Africa,Sub-Saharan Africa
IRL,Ireland,2080,opt,bws,Tot,0.406905712466567,159,0,Low (<10%),Europe,Europe & Central Asia
BIH,Bosnia and Herzegovina,2030,bau,bws,Liv,0.406236711005651,136,0,Low (<10%),Europe,Europe & Central Asia
NIC,Nicaragua,2080,opt,bws,Irr,0.406029580605696,152,0,Low (<10%),Americas,Latin America & Caribbean
MWI,Malawi,2030,bau,bws,Ind,0.405911560281766,143,0,Low (<10%),Africa,Sub-Saharan Africa
HUN,Hungary,2030,opt,bws,Dom,0.405750209080213,144,0,Low (<10%),Europe,Europe & Central Asia
HND,Honduras,2080,opt,bws,One,0.404257544687864,150,0,Low (<10%),Americas,Latin America & Caribbean
BRA,Brazil,2080,opt,bws,Liv,0.403411498225397,144,0,Low (<10%),Americas,Latin America & Caribbean
HUN,Hungary,2050,bau,bws,Ind,0.403270843206575,149,0,Low (<10%),Europe,Europe & Central Asia
CAN,Canada,2080,opt,bws,One,0.402447333131313,151,0,Low (<10%),Americas,North America
CAF,Central African Republic,2080,bau,bws,Irr,0.401653960702374,157,0,Low (<10%),Africa,Sub-Saharan Africa
NOR,Norway,2030,bau,bws,Irr,0.401277431090066,149,0,Low (<10%),Europe,Europe & Central Asia
MYS,Malaysia,2030,bau,bws,Liv,0.401070776961348,137,0,Low (<10%),Asia,East Asia & Pacific
NOR,Norway,2080,bau,bws,Dom,0.399831089151083,155,0,Low (<10%),Europe,Europe & Central Asia
CAN,Canada,2050,opt,bws,One,0.399516673669251,152,0,Low (<10%),Americas,North America
MYS,Malaysia,2030,bau,bws,One,0.399292814243058,147,0,Low (<10%),Asia,East Asia & Pacific
BRA,Brazil,2030,opt,bws,Liv,0.39887040214073,138,0,Low (<10%),Americas,Latin America & Caribbean
SVN,Slovenia,2080,opt,bws,Irr,0.398778826273485,153,0,Low (<10%),Europe,Europe & Central Asia
BEN,Benin,2080,bau,bws,One,0.398758452419929,161,0,Low (<10%),Africa,Sub-Saharan Africa
COL,Colombia,2050,bau,bws,Ind,0.398437019738379,150,0,Low (<10%),Americas,Latin America & Caribbean
GMB,Gambia,2050,pes,bws,Irr,0.398412004068815,152,0,Low (<10%),Africa,Sub-Saharan Africa
GUY,Guyana,2030,pes,bws,One,0.398317131529966,146,0,Low (<10%),Americas,Latin America & Caribbean
HUN,Hungary,2030,pes,bws,Dom,0.398113706809817,145,0,Low (<10%),Europe,Europe & Central Asia
BEN,Benin,2030,pes,bws,Ind,0.397972649365314,143,0,Low (<10%),Africa,Sub-Saharan Africa
SVN,Slovenia,2080,bau,bws,Liv,0.397086455212379,152,0,Low (<10%),Europe,Europe & Central Asia
HND,Honduras,2030,bau,bws,One,0.396083454367633,148,0,Low (<10%),Americas,Latin America & Caribbean
BIH,Bosnia and Herzegovina,2050,pes,bws,Liv,0.39605803433311,146,0,Low (<10%),Europe,Europe & Central Asia
NZL,New Zealand,2080,pes,bws,Ind,0.395584342429067,156,0,Low (<10%),Oceania,East Asia & Pacific
HUN,Hungary,2050,bau,bws,Tot,0.395508652411944,162,0,Low (<10%),Europe,Europe & Central Asia
HUN,Hungary,2080,bau,bws,One,0.395017980506714,162,0,Low (<10%),Europe,Europe & Central Asia
CHE,Switzerland,2080,bau,bws,Tot,0.394510816034758,162,0,Low (<10%),Europe,Europe & Central Asia
MYS,Malaysia,2030,opt,bws,One,0.394433946971957,146,0,Low (<10%),Asia,East Asia & Pacific
CRI,Costa Rica,2050,bau,bws,One,0.394146206646644,157,0,Low (<10%),Americas,Latin America & Caribbean
GUY,Guyana,2030,opt,bws,One,0.39339787422632,147,0,Low (<10%),Americas,Latin America & Caribbean
MYS,Malaysia,2030,opt,bws,Liv,0.393357525619151,139,0,Low (<10%),Asia,East Asia & Pacific
MYS,Malaysia,2030,pes,bws,Liv,0.393320070835779,136,0,Low (<10%),Asia,East Asia & Pacific
GNB,Guinea-Bissau,2030,pes,bws,Tot,0.393169126427811,151,0,Low (<10%),Africa,Sub-Saharan Africa
MWI,Malawi,2030,pes,bws,Ind,0.39274642627547,144,0,Low (<10%),Africa,Sub-Saharan Africa
SVN,Slovenia,2030,pes,bws,Irr,0.392730736033335,146,0,Low (<10%),Europe,Europe & Central Asia
MYS,Malaysia,2030,pes,bws,One,0.392414728667931,147,0,Low (<10%),Asia,East Asia & Pacific
NIC,Nicaragua,2050,pes,bws,Ind,0.392145144638371,147,0,Low (<10%),Americas,Latin America & Caribbean
BEN,Benin,2030,opt,bws,Ind,0.391969518951008,145,0,Low (<10%),Africa,Sub-Saharan Africa
BRA,Brazil,2080,opt,bws,One,0.390898314277684,152,0,Low (<10%),Americas,Latin America & Caribbean
GMB,Gambia,2030,opt,bws,Dom,0.390568334779094,145,0,Low (<10%),Africa,Sub-Saharan Africa
NZL,New Zealand,2080,pes,bws,Tot,0.38999660595812,163,0,Low (<10%),Oceania,East Asia & Pacific
BRA,Brazil,2030,opt,bws,One,0.388918295836316,148,0,Low (<10%),Americas,Latin America & Caribbean
BLZ,Belize,2080,bau,bws,Dom,0.388629914095056,156,0,Low (<10%),Americas,Latin America & Caribbean
NOR,Norway,2080,bau,bws,Irr,0.388558746855073,158,0,Low (<10%),Europe,Europe & Central Asia
GIN,Guinea,2080,opt,bws,Irr,0.388457817210016,154,0,Low (<10%),Africa,Sub-Saharan Africa
AUT,Austria,2080,pes,bws,Tot,0.387186202319828,164,0,Low (<10%),Europe,Europe & Central Asia
CIV,CÃ´te d'Ivoire,2080,bau,bws,Tot,0.386965595080258,163,0,Low (<10%),Africa,Sub-Saharan Africa
TCD,Chad,2080,pes,bws,Dom,0.38665319713858,159,0,Low (<10%),Africa,Sub-Saharan Africa
NIC,Nicaragua,2030,bau,bws,Irr,0.386085187252677,150,0,Low (<10%),Americas,Latin America & Caribbean
CAN,Canada,2050,pes,bws,One,0.384611789467995,154,0,Low (<10%),Americas,North America
GHA,Ghana,2030,pes,bws,Liv,0.384220997842709,137,0,Low (<10%),Africa,Sub-Saharan Africa
HND,Honduras,2080,opt,bws,Liv,0.384142308521208,145,0,Low (<10%),Americas,Latin America & Caribbean
GHA,Ghana,2030,bau,bws,Liv,0.384068425777035,138,0,Low (<10%),Africa,Sub-Saharan Africa
CIV,CÃ´te d'Ivoire,2080,bau,bws,Dom,0.383405039290114,157,0,Low (<10%),Africa,Sub-Saharan Africa
HRV,Croatia,2050,opt,bws,Dom,0.382916374009888,149,0,Low (<10%),Europe,Europe & Central Asia
HND,Honduras,2080,opt,bws,Ind,0.381613195160665,147,0,Low (<10%),Americas,Latin America & Caribbean
IRL,Ireland,2050,pes,bws,Ind,0.381261191473322,148,0,Low (<10%),Europe,Europe & Central Asia
UGA,Uganda,2030,opt,bws,Dom,0.381136526011295,146,0,Low (<10%),Africa,Sub-Saharan Africa
HND,Honduras,2030,pes,bws,Liv,0.37984030611704,138,0,Low (<10%),Americas,Latin America & Caribbean
BIH,Bosnia and Herzegovina,2030,opt,bws,Liv,0.379638101506837,140,0,Low (<10%),Europe,Europe & Central Asia
COD,Democratic Republic of the Congo,2030,pes,bws,Tot,0.379362123817746,152,0,Low (<10%),Africa,Sub-Saharan Africa
HUN,Hungary,2080,bau,bws,Ind,0.378701108815846,157,0,Low (<10%),Europe,Europe & Central Asia
BEN,Benin,2030,opt,bws,Dom,0.377701907978971,147,0,Low (<10%),Africa,Sub-Saharan Africa
HRV,Croatia,2080,pes,bws,Tot,0.377480556280623,165,0,Low (<10%),Europe,Europe & Central Asia
MWI,Malawi,2030,pes,bws,Liv,0.377424189933531,139,0,Low (<10%),Africa,Sub-Saharan Africa
HRV,Croatia,2080,pes,bws,Ind,0.376849181245636,157,0,Low (<10%),Europe,Europe & Central Asia
TGO,Togo,2030,bau,bws,Liv,0.376494321362685,139,0,Low (<10%),Africa,Sub-Saharan Africa
CAN,Canada,2030,pes,bws,One,0.376396732183616,148,0,Low (<10%),Americas,North America
CRI,Costa Rica,2050,pes,bws,One,0.376053299194918,155,0,Low (<10%),Americas,Latin America & Caribbean
GNB,Guinea-Bissau,2030,opt,bws,Liv,0.375873210974632,141,0,Low (<10%),Africa,Sub-Saharan Africa
CRI,Costa Rica,2030,pes,bws,One,0.375734828892232,149,0,Low (<10%),Americas,Latin America & Caribbean
NIC,Nicaragua,2050,bau,bws,Dom,0.375604818116277,152,0,Low (<10%),Americas,Latin America & Caribbean
BEN,Benin,2030,bau,bws,Ind,0.37544550219708,144,0,Low (<10%),Africa,Sub-Saharan Africa
HUN,Hungary,2080,bau,bws,Tot,0.375071424908,164,0,Low (<10%),Europe,Europe & Central Asia
GHA,Ghana,2030,opt,bws,Liv,0.374915737272177,142,0,Low (<10%),Africa,Sub-Saharan Africa
SWZ,Swaziland,2030,pes,bws,One,0.37465480826391,150,0,Low (<10%),Africa,Sub-Saharan Africa
CMR,Cameroon,2080,opt,bws,Irr,0.374019941962563,155,0,Low (<10%),Africa,Sub-Saharan Africa
GUY,Guyana,2080,opt,bws,One,0.373877793432167,153,0,Low (<10%),Americas,Latin America & Caribbean
MOZ,Mozambique,2030,bau,bws,Dom,0.373590045064634,146,0,Low (<10%),Africa,Sub-Saharan Africa
SVN,Slovenia,2080,bau,bws,Dom,0.373470021014642,158,0,Low (<10%),Europe,Europe & Central Asia
MWI,Malawi,2030,bau,bws,Liv,0.37245347352308,140,0,Low (<10%),Africa,Sub-Saharan Africa
HRV,Croatia,2080,pes,bws,One,0.37240441175639,161,0,Low (<10%),Europe,Europe & Central Asia
CAF,Central African Republic,2080,opt,bws,Ind,0.372243688545202,148,0,Low (<10%),Africa,Sub-Saharan Africa
NIC,Nicaragua,2030,opt,bws,Irr,0.371175162999389,149,0,Low (<10%),Americas,Latin America & Caribbean
HND,Honduras,2030,pes,bws,Tot,0.371064346467762,153,0,Low (<10%),Americas,Latin America & Caribbean
GIN,Guinea,2030,bau,bws,Irr,0.369548979833198,151,0,Low (<10%),Africa,Sub-Saharan Africa
GIN,Guinea,2030,opt,bws,Irr,0.369244864555153,150,0,Low (<10%),Africa,Sub-Saharan Africa
COL,Colombia,2050,bau,bws,Dom,0.369136620845221,153,0,Low (<10%),Americas,Latin America & Caribbean
SVN,Slovenia,2050,bau,bws,Irr,0.367912511272508,155,0,Low (<10%),Europe,Europe & Central Asia
TGO,Togo,2030,pes,bws,Liv,0.367378624489106,140,0,Low (<10%),Africa,Sub-Saharan Africa
GIN,Guinea,2080,bau,bws,One,0.365533747861382,163,0,Low (<10%),Africa,Sub-Saharan Africa
BEN,Benin,2030,pes,bws,Dom,0.364623874424358,146,0,Low (<10%),Africa,Sub-Saharan Africa
IRL,Ireland,2030,pes,bws,Tot,0.363284570634535,154,0,Low (<10%),Europe,Europe & Central Asia
CAN,Canada,2030,opt,bws,One,0.362352863677146,149,0,Low (<10%),Americas,North America
AUT,Austria,2080,pes,bws,Ind,0.362069330479469,158,0,Low (<10%),Europe,Europe & Central Asia
HND,Honduras,2030,pes,bws,Irr,0.361111174971155,147,0,Low (<10%),Americas,Latin America & Caribbean
IRL,Ireland,2050,pes,bws,One,0.360537546477716,156,0,Low (<10%),Europe,Europe & Central Asia
MOZ,Mozambique,2050,opt,bws,Dom,0.359515691876588,150,0,Low (<10%),Africa,Sub-Saharan Africa
GNB,Guinea-Bissau,2050,opt,bws,Liv,0.358477096330353,143,0,Low (<10%),Africa,Sub-Saharan Africa
BEN,Benin,2030,bau,bws,Dom,0.358427080860189,147,0,Low (<10%),Africa,Sub-Saharan Africa
BOL,Bolivia,2050,pes,bws,Dom,0.357640957327139,154,0,Low (<10%),Americas,Latin America & Caribbean
CAN,Canada,2050,bau,bws,One,0.356968427164429,158,0,Low (<10%),Americas,North America
IRL,Ireland,2050,opt,bws,Tot,0.35677919286631,158,0,Low (<10%),Europe,Europe & Central Asia
GMB,Gambia,2030,opt,bws,Liv,0.356769961269071,143,0,Low (<10%),Africa,Sub-Saharan Africa
GIN,Guinea,2030,pes,bws,Irr,0.356576671685604,148,0,Low (<10%),Africa,Sub-Saharan Africa
CRI,Costa Rica,2080,opt,bws,One,0.356154875956913,154,0,Low (<10%),Americas,Latin America & Caribbean
CMR,Cameroon,2050,opt,bws,Irr,0.356045825427651,151,0,Low (<10%),Africa,Sub-Saharan Africa
HUN,Hungary,2050,bau,bws,Dom,0.354649732135431,154,0,Low (<10%),Europe,Europe & Central Asia
COL,Colombia,2050,pes,bws,Ind,0.354388283239752,149,0,Low (<10%),Americas,Latin America & Caribbean
BOL,Bolivia,2050,bau,bws,Dom,0.354178270291296,155,0,Low (<10%),Americas,Latin America & Caribbean
HRV,Croatia,2050,pes,bws,Dom,0.351844565452139,155,0,Low (<10%),Europe,Europe & Central Asia
CMR,Cameroon,2080,bau,bws,One,0.351624208628239,164,0,Low (<10%),Africa,Sub-Saharan Africa
AUT,Austria,2050,opt,bws,Tot,0.351379846031213,159,0,Low (<10%),Europe,Europe & Central Asia
NIC,Nicaragua,2050,bau,bws,Liv,0.350612805773334,146,0,Low (<10%),Americas,Latin America & Caribbean
GIN,Guinea,2080,pes,bws,Dom,0.350611455830649,161,0,Low (<10%),Africa,Sub-Saharan Africa
IRL,Ireland,2030,bau,bws,Tot,0.349848151024721,154,0,Low (<10%),Europe,Europe & Central Asia
GIN,Guinea,2050,pes,bws,Irr,0.349521681554985,153,0,Low (<10%),Africa,Sub-Saharan Africa
SVN,Slovenia,2080,bau,bws,Irr,0.349300619783525,159,0,Low (<10%),Europe,Europe & Central Asia
IRL,Ireland,2080,pes,bws,Liv,0.349060426844858,150,0,Low (<10%),Europe,Europe & Central Asia
GNB,Guinea-Bissau,2030,bau,bws,Liv,0.348808760536442,141,0,Low (<10%),Africa,Sub-Saharan Africa
BOL,Bolivia,2050,pes,bws,Ind,0.34861399425801,150,0,Low (<10%),Americas,Latin America & Caribbean
HND,Honduras,2030,pes,bws,Ind,0.347435785509506,145,0,Low (<10%),Americas,Latin America & Caribbean
IRL,Ireland,2080,bau,bws,Tot,0.347285805253587,165,0,Low (<10%),Europe,Europe & Central Asia
HND,Honduras,2030,bau,bws,Liv,0.34720684357231,142,0,Low (<10%),Americas,Latin America & Caribbean
IRL,Ireland,2080,opt,bws,Ind,0.346586214305447,149,0,Low (<10%),Europe,Europe & Central Asia
BEN,Benin,2030,opt,bws,Tot,0.346461864804162,153,0,Low (<10%),Africa,Sub-Saharan Africa
NIC,Nicaragua,2050,bau,bws,Ind,0.346193909786778,151,0,Low (<10%),Americas,Latin America & Caribbean
MOZ,Mozambique,2030,opt,bws,Dom,0.345395084317175,148,0,Low (<10%),Africa,Sub-Saharan Africa
GNB,Guinea-Bissau,2030,opt,bws,Ind,0.344472223416252,146,0,Low (<10%),Africa,Sub-Saharan Africa
GNB,Guinea-Bissau,2050,opt,bws,Dom,0.343986502329789,151,0,Low (<10%),Africa,Sub-Saharan Africa
AUT,Austria,2050,opt,bws,Ind,0.341905621090907,145,0,Low (<10%),Europe,Europe & Central Asia
BOL,Bolivia,2050,opt,bws,Dom,0.34147386132275,152,0,Low (<10%),Americas,Latin America & Caribbean
GIN,Guinea,2050,opt,bws,Irr,0.340375176497752,152,0,Low (<10%),Africa,Sub-Saharan Africa
CRI,Costa Rica,2030,bau,bws,One,0.339541148778114,149,0,Low (<10%),Americas,Latin America & Caribbean
RWA,Rwanda,2050,bau,bws,Liv,0.338979682577811,147,0,Low (<10%),Africa,Sub-Saharan Africa
MOZ,Mozambique,2050,opt,bws,Ind,0.338938055659527,146,0,Low (<10%),Africa,Sub-Saharan Africa
UGA,Uganda,2030,pes,bws,Irr,0.33889744455208,149,0,Low (<10%),Africa,Sub-Saharan Africa
BIH,Bosnia and Herzegovina,2030,pes,bws,Liv,0.338753578196496,141,0,Low (<10%),Europe,Europe & Central Asia
GIN,Guinea,2050,bau,bws,Irr,0.338687004362279,156,0,Low (<10%),Africa,Sub-Saharan Africa
HND,Honduras,2030,opt,bws,Dom,0.337161066008008,149,0,Low (<10%),Americas,Latin America & Caribbean
BEN,Benin,2030,pes,bws,Tot,0.336846004917654,155,0,Low (<10%),Africa,Sub-Saharan Africa
GIN,Guinea,2080,opt,bws,Tot,0.335957769715399,160,0,Low (<10%),Africa,Sub-Saharan Africa
BIH,Bosnia and Herzegovina,2050,bau,bws,One,0.335358212389173,159,0,Low (<10%),Europe,Europe & Central Asia
IRL,Ireland,2030,opt,bws,Tot,0.335014576215483,154,0,Low (<10%),Europe,Europe & Central Asia
NIC,Nicaragua,2030,pes,bws,Tot,0.334800477276295,156,0,Low (<10%),Americas,Latin America & Caribbean
GNB,Guinea-Bissau,2030,opt,bws,Dom,0.334793334432788,150,0,Low (<10%),Africa,Sub-Saharan Africa
AUT,Austria,2050,pes,bws,Tot,0.334535733333637,161,0,Low (<10%),Europe,Europe & Central Asia
BIH,Bosnia and Herzegovina,2080,opt,bws,Dom,0.333831815727584,152,0,Low (<10%),Europe,Europe & Central Asia
UGA,Uganda,2030,opt,bws,Tot,0.332123679246962,155,0,Low (<10%),Africa,Sub-Saharan Africa
CAN,Canada,2030,bau,bws,One,0.330944194028048,150,0,Low (<10%),Americas,North America
GIN,Guinea,2030,bau,bws,Tot,0.330662071507385,155,0,Low (<10%),Africa,Sub-Saharan Africa
GIN,Guinea,2030,opt,bws,Tot,0.33036936135702,156,0,Low (<10%),Africa,Sub-Saharan Africa
CHE,Switzerland,2080,bau,bws,Dom,0.330354040854371,159,0,Low (<10%),Europe,Europe & Central Asia
IRL,Ireland,2050,bau,bws,Tot,0.330144586216263,163,0,Low (<10%),Europe,Europe & Central Asia
AUT,Austria,2080,pes,bws,Liv,0.329857587967894,151,0,Low (<10%),Europe,Europe & Central Asia
CRI,Costa Rica,2050,opt,bws,One,0.329093574165877,153,0,Low (<10%),Americas,Latin America & Caribbean
HUN,Hungary,2080,bau,bws,Dom,0.328355087674145,160,0,Low (<10%),Europe,Europe & Central Asia
HRV,Croatia,2050,bau,bws,Dom,0.32829109982931,156,0,Low (<10%),Europe,Europe & Central Asia
BOL,Bolivia,2080,opt,bws,Dom,0.326565970222915,153,0,Low (<10%),Americas,Latin America & Caribbean
BEN,Benin,2030,bau,bws,Tot,0.326327260629822,156,0,Low (<10%),Africa,Sub-Saharan Africa
CAF,Central African Republic,2050,opt,bws,Ind,0.326073789215047,147,0,Low (<10%),Africa,Sub-Saharan Africa
GIN,Guinea,2080,pes,bws,One,0.32597061182923,162,0,Low (<10%),Africa,Sub-Saharan Africa
GNB,Guinea-Bissau,2050,pes,bws,Ind,0.325761273693131,151,0,Low (<10%),Africa,Sub-Saharan Africa
BIH,Bosnia and Herzegovina,2080,opt,bws,Ind,0.324371358605473,150,0,Low (<10%),Europe,Europe & Central Asia
BOL,Bolivia,2030,bau,bws,Irr,0.324155950402611,152,0,Low (<10%),Americas,Latin America & Caribbean
BIH,Bosnia and Herzegovina,2080,opt,bws,Tot,0.323984172702794,161,0,Low (<10%),Europe,Europe & Central Asia
SWZ,Swaziland,2030,pes,bws,Irr,0.323232530541871,150,0,Low (<10%),Africa,Sub-Saharan Africa
COL,Colombia,2050,pes,bws,Dom,0.322957639779811,156,0,Low (<10%),Americas,Latin America & Caribbean
AUT,Austria,2050,pes,bws,Ind,0.322073700866589,152,0,Low (<10%),Europe,Europe & Central Asia
COL,Colombia,2050,opt,bws,Ind,0.320850159478257,148,0,Low (<10%),Americas,Latin America & Caribbean
PAN,Panama,2080,bau,bws,Liv,0.317448787493769,153,0,Low (<10%),Americas,Latin America & Caribbean
GHA,Ghana,2030,bau,bws,One,0.317264649428479,151,0,Low (<10%),Africa,Sub-Saharan Africa
TCD,Chad,2030,bau,bws,Ind,0.317071273204708,145,0,Low (<10%),Africa,Sub-Saharan Africa
GNB,Guinea-Bissau,2030,pes,bws,Liv,0.316246803059208,142,0,Low (<10%),Africa,Sub-Saharan Africa
GIN,Guinea,2030,pes,bws,Tot,0.315833413889687,157,0,Low (<10%),Africa,Sub-Saharan Africa
GHA,Ghana,2030,opt,bws,One,0.31509013477428,150,0,Low (<10%),Africa,Sub-Saharan Africa
NOR,Norway,2080,pes,bws,Tot,0.313593568062704,166,0,Low (<10%),Europe,Europe & Central Asia
AUT,Austria,2080,pes,bws,Dom,0.312915391406818,162,0,Low (<10%),Europe,Europe & Central Asia
TGO,Togo,2030,bau,bws,Tot,0.312817360940938,157,0,Low (<10%),Africa,Sub-Saharan Africa
GHA,Ghana,2030,pes,bws,One,0.31259449727558,151,0,Low (<10%),Africa,Sub-Saharan Africa
GMB,Gambia,2030,opt,bws,Tot,0.312557996616073,157,0,Low (<10%),Africa,Sub-Saharan Africa
NOR,Norway,2030,opt,bws,Irr,0.312467653618533,151,0,Low (<10%),Europe,Europe & Central Asia
TGO,Togo,2050,pes,bws,One,0.311648505151294,158,0,Low (<10%),Africa,Sub-Saharan Africa
TGO,Togo,2030,pes,bws,Tot,0.311643326413186,158,0,Low (<10%),Africa,Sub-Saharan Africa
BEN,Benin,2080,opt,bws,One,0.311049643589828,155,0,Low (<10%),Africa,Sub-Saharan Africa
HND,Honduras,2030,opt,bws,One,0.3109560221403,151,0,Low (<10%),Americas,Latin America & Caribbean
AUT,Austria,2050,opt,bws,Liv,0.310885295610371,144,0,Low (<10%),Europe,Europe & Central Asia
TGO,Togo,2030,opt,bws,Tot,0.310845452927946,158,0,Low (<10%),Africa,Sub-Saharan Africa
CAF,Central African Republic,2080,bau,bws,Tot,0.310518542731702,166,0,Low (<10%),Africa,Sub-Saharan Africa
AUT,Austria,2030,bau,bws,Tot,0.310433535370036,158,0,Low (<10%),Europe,Europe & Central Asia
HND,Honduras,2050,opt,bws,Irr,0.309660193023798,153,0,Low (<10%),Americas,Latin America & Caribbean
COD,Democratic Republic of the Congo,2080,pes,bws,One,0.308733869969886,163,0,Low (<10%),Africa,Sub-Saharan Africa
HRV,Croatia,2080,pes,bws,Liv,0.308144120758578,152,0,Low (<10%),Europe,Europe & Central Asia
IRL,Ireland,2080,opt,bws,One,0.307791064407559,156,0,Low (<10%),Europe,Europe & Central Asia
AUT,Austria,2080,opt,bws,Tot,0.306984761104142,162,0,Low (<10%),Europe,Europe & Central Asia
IRL,Ireland,2030,pes,bws,Ind,0.30624696204849,146,0,Low (<10%),Europe,Europe & Central Asia
COL,Colombia,2050,opt,bws,Dom,0.304961368529043,153,0,Low (<10%),Americas,Latin America & Caribbean
BIH,Bosnia and Herzegovina,2050,opt,bws,One,0.304701540973499,154,0,Low (<10%),Europe,Europe & Central Asia
BIH,Bosnia and Herzegovina,2080,bau,bws,One,0.303916628678936,165,0,Low (<10%),Europe,Europe & Central Asia
AUT,Austria,2030,bau,bws,Ind,0.302081110085621,146,0,Low (<10%),Europe,Europe & Central Asia
BEN,Benin,2080,pes,bws,Liv,0.301500942501478,153,0,Low (<10%),Africa,Sub-Saharan Africa
AUT,Austria,2050,pes,bws,Liv,0.29867510765602,147,0,Low (<10%),Europe,Europe & Central Asia
COG,Republic of Congo,2080,bau,bws,One,0.298053275593951,166,0,Low (<10%),Africa,Sub-Saharan Africa
NZL,New Zealand,2080,pes,bws,Irr,0.297983874734126,155,0,Low (<10%),Oceania,East Asia & Pacific
GIN,Guinea,2050,pes,bws,Tot,0.297826555822657,162,0,Low (<10%),Africa,Sub-Saharan Africa
IRL,Ireland,2050,opt,bws,Ind,0.297555521951333,149,0,Low (<10%),Europe,Europe & Central Asia
GNB,Guinea-Bissau,2030,bau,bws,Dom,0.296704365011654,148,0,Low (<10%),Africa,Sub-Saharan Africa
AUT,Austria,2050,opt,bws,Dom,0.296448009301251,154,0,Low (<10%),Europe,Europe & Central Asia
COG,Republic of Congo,2080,bau,bws,Tot,0.296438785344704,167,0,Low (<10%),Africa,Sub-Saharan Africa
COL,Colombia,2080,opt,bws,Ind,0.296303012308981,151,0,Low (<10%),Americas,Latin America & Caribbean
COL,Colombia,2030,opt,bws,Ind,0.295828661814557,147,0,Low (<10%),Americas,Latin America & Caribbean
TGO,Togo,2030,bau,bws,Dom,0.295772498683069,149,0,Low (<10%),Africa,Sub-Saharan Africa
IRL,Ireland,2080,bau,bws,Ind,0.295660600497955,158,0,Low (<10%),Europe,Europe & Central Asia
BLZ,Belize,2080,opt,bws,One,0.295245406916425,158,0,Low (<10%),Americas,Latin America & Caribbean
IRL,Ireland,2030,bau,bws,Ind,0.294973506704843,147,0,Low (<10%),Europe,Europe & Central Asia
GMB,Gambia,2030,opt,bws,Irr,0.29457965275135,152,0,Low (<10%),Africa,Sub-Saharan Africa
AUT,Austria,2030,opt,bws,Tot,0.293301912429585,159,0,Low (<10%),Europe,Europe & Central Asia
AUT,Austria,2080,opt,bws,Ind,0.293082711217659,152,0,Low (<10%),Europe,Europe & Central Asia
HND,Honduras,2030,opt,bws,Irr,0.292813552437022,153,0,Low (<10%),Americas,Latin America & Caribbean
TCD,Chad,2030,opt,bws,Ind,0.29197464585915,148,0,Low (<10%),Africa,Sub-Saharan Africa
GIN,Guinea,2050,bau,bws,Tot,0.291773635659819,164,0,Low (<10%),Africa,Sub-Saharan Africa
HND,Honduras,2030,opt,bws,Tot,0.290468561559173,160,0,Low (<10%),Americas,Latin America & Caribbean
CRI,Costa Rica,2030,opt,bws,One,0.289758747180034,152,0,Low (<10%),Americas,Latin America & Caribbean
HRV,Croatia,2030,opt,bws,Dom,0.28876687156062,151,0,Low (<10%),Europe,Europe & Central Asia
COL,Colombia,2030,bau,bws,Ind,0.288433101373181,148,0,Low (<10%),Americas,Latin America & Caribbean
AUT,Austria,2030,opt,bws,Ind,0.288368427213295,149,0,Low (<10%),Europe,Europe & Central Asia
BDI,Burundi,2030,opt,bws,Dom,0.288010774344128,152,0,Low (<10%),Africa,Sub-Saharan Africa
HRV,Croatia,2030,pes,bws,Dom,0.287867272196583,147,0,Low (<10%),Europe,Europe & Central Asia
AUT,Austria,2050,bau,bws,Tot,0.287550205179301,165,0,Low (<10%),Europe,Europe & Central Asia
PRY,Paraguay,2050,opt,bws,One,0.287213081928369,155,0,Low (<10%),Americas,Latin America & Caribbean
HRV,Croatia,2050,bau,bws,Irr,0.286735291235151,157,0,Low (<10%),Europe,Europe & Central Asia
HRV,Croatia,2080,bau,bws,Dom,0.286629971032076,161,0,Low (<10%),Europe,Europe & Central Asia
TGO,Togo,2030,pes,bws,Dom,0.286538019600639,148,0,Low (<10%),Africa,Sub-Saharan Africa
BOL,Bolivia,2030,opt,bws,Irr,0.285844654078176,154,0,Low (<10%),Americas,Latin America & Caribbean
BEN,Benin,2050,bau,bws,Liv,0.285604185860872,148,0,Low (<10%),Africa,Sub-Saharan Africa
HND,Honduras,2050,opt,bws,Tot,0.285524597983905,160,0,Low (<10%),Americas,Latin America & Caribbean
HRV,Croatia,2080,pes,bws,Irr,0.285354605988157,156,0,Low (<10%),Europe,Europe & Central Asia
GIN,Guinea,2080,pes,bws,Ind,0.284814920092122,159,0,Low (<10%),Africa,Sub-Saharan Africa
NZL,New Zealand,2080,bau,bws,Irr,0.284463677501575,160,0,Low (<10%),Oceania,East Asia & Pacific
PAN,Panama,2080,bau,bws,One,0.283861741046922,167,0,Low (<10%),Americas,Latin America & Caribbean
NIC,Nicaragua,2050,opt,bws,Irr,0.283373126490218,154,0,Low (<10%),Americas,Latin America & Caribbean
HRV,Croatia,2050,opt,bws,Tot,0.283324447968426,161,0,Low (<10%),Europe,Europe & Central Asia
NIC,Nicaragua,2080,opt,bws,Tot,0.283035393170856,163,0,Low (<10%),Americas,Latin America & Caribbean
COL,Colombia,2030,pes,bws,Ind,0.282833348299854,147,0,Low (<10%),Americas,Latin America & Caribbean
HRV,Croatia,2030,bau,bws,Dom,0.282521614384568,150,0,Low (<10%),Europe,Europe & Central Asia
IRL,Ireland,2030,opt,bws,Ind,0.282239509657259,150,0,Low (<10%),Europe,Europe & Central Asia
GIN,Guinea,2050,opt,bws,Tot,0.282206062892088,162,0,Low (<10%),Africa,Sub-Saharan Africa
HRV,Croatia,2050,opt,bws,Ind,0.28185426940944,150,0,Low (<10%),Europe,Europe & Central Asia
NOR,Norway,2080,opt,bws,Tot,0.281526403159666,164,0,Low (<10%),Europe,Europe & Central Asia
NOR,Norway,2050,pes,bws,Tot,0.280815176159067,163,0,Low (<10%),Europe,Europe & Central Asia
TGO,Togo,2030,opt,bws,Dom,0.280562416153178,153,0,Low (<10%),Africa,Sub-Saharan Africa
GIN,Guinea,2080,opt,bws,Dom,0.279964687739697,154,0,Low (<10%),Africa,Sub-Saharan Africa
COD,Democratic Republic of the Congo,2080,opt,bws,One,0.279740046623314,159,0,Low (<10%),Africa,Sub-Saharan Africa
BOL,Bolivia,2030,bau,bws,Tot,0.279708007728625,159,0,Low (<10%),Americas,Latin America & Caribbean
HND,Honduras,2030,opt,bws,Liv,0.279469201586207,144,0,Low (<10%),Americas,Latin America & Caribbean
BOL,Bolivia,2030,pes,bws,Irr,0.277970879027244,151,0,Low (<10%),Americas,Latin America & Caribbean
AUT,Austria,2050,pes,bws,Dom,0.277866268811266,157,0,Low (<10%),Europe,Europe & Central Asia
AUT,Austria,2030,bau,bws,Liv,0.277412084808492,143,0,Low (<10%),Europe,Europe & Central Asia
IRL,Ireland,2050,bau,bws,Ind,0.277123358362049,152,0,Low (<10%),Europe,Europe & Central Asia
IRL,Ireland,2050,opt,bws,One,0.276816220655778,156,0,Low (<10%),Europe,Europe & Central Asia
PAN,Panama,2080,pes,bws,Liv,0.276377195340945,154,0,Low (<10%),Americas,Latin America & Caribbean
AUT,Austria,2050,bau,bws,Ind,0.276137494474361,153,0,Low (<10%),Europe,Europe & Central Asia
HND,Honduras,2050,opt,bws,Dom,0.275663048374775,155,0,Low (<10%),Americas,Latin America & Caribbean
HND,Honduras,2050,opt,bws,One,0.275496314585288,157,0,Low (<10%),Americas,Latin America & Caribbean
COD,Democratic Republic of the Congo,2050,bau,bws,One,0.274936327449882,160,0,Low (<10%),Africa,Sub-Saharan Africa
NZL,New Zealand,2080,opt,bws,Dom,0.274464129477044,155,0,Low (<10%),Oceania,East Asia & Pacific
BOL,Bolivia,2080,bau,bws,Liv,0.273203751327922,154,0,Low (<10%),Americas,Latin America & Caribbean
DJI,Djibouti,2080,opt,bws,One,0.272363064184284,160,0,Low (<10%),Africa,Middle East & North Africa
IRL,Ireland,2030,pes,bws,One,0.272260675839138,152,0,Low (<10%),Europe,Europe & Central Asia
AUT,Austria,2030,pes,bws,Ind,0.271376158820342,148,0,Low (<10%),Europe,Europe & Central Asia
NIC,Nicaragua,2030,pes,bws,Ind,0.270063467258605,149,0,Low (<10%),Americas,Latin America & Caribbean
NOR,Norway,2050,opt,bws,Tot,0.269671332826422,163,0,Low (<10%),Europe,Europe & Central Asia
AUT,Austria,2030,pes,bws,Tot,0.269556895723879,159,0,Low (<10%),Europe,Europe & Central Asia
IRL,Ireland,2050,pes,bws,Liv,0.269308479246888,148,0,Low (<10%),Europe,Europe & Central Asia
NIC,Nicaragua,2030,bau,bws,Tot,0.269144693840658,160,0,Low (<10%),Americas,Latin America & Caribbean
JAM,Jamaica,2080,pes,bws,Tot,0.269099074153733,167,0,Low (<10%),Americas,Latin America & Caribbean
JAM,Jamaica,2080,pes,bws,One,0.269099074153733,164,0,Low (<10%),Americas,Latin America & Caribbean
JAM,Jamaica,2080,pes,bws,Liv,0.269099074153733,155,0,Low (<10%),Americas,Latin America & Caribbean
JAM,Jamaica,2080,pes,bws,Irr,0.269099074153733,157,0,Low (<10%),Americas,Latin America & Caribbean
JAM,Jamaica,2080,pes,bws,Ind,0.269099074153733,160,0,Low (<10%),Americas,Latin America & Caribbean
JAM,Jamaica,2080,pes,bws,Dom,0.269099074153733,163,0,Low (<10%),Americas,Latin America & Caribbean
CMR,Cameroon,2050,pes,bws,Irr,0.268913207573031,154,0,Low (<10%),Africa,Sub-Saharan Africa
COG,Republic of Congo,2080,pes,bws,One,0.268849055914559,165,0,Low (<10%),Africa,Sub-Saharan Africa
BIH,Bosnia and Herzegovina,2050,pes,bws,One,0.268442695886346,159,0,Low (<10%),Europe,Europe & Central Asia
GNB,Guinea-Bissau,2030,bau,bws,Ind,0.268372039778131,149,0,Low (<10%),Africa,Sub-Saharan Africa
GIN,Guinea,2050,bau,bws,Liv,0.2677321482063,149,0,Low (<10%),Africa,Sub-Saharan Africa
TCD,Chad,2030,pes,bws,Ind,0.267647374066891,150,0,Low (<10%),Africa,Sub-Saharan Africa
SUR,Suriname,2080,opt,bws,One,0.266547943364012,161,0,Low (<10%),Americas,Latin America & Caribbean
COD,Democratic Republic of the Congo,2050,pes,bws,Tot,0.264692791262398,164,0,Low (<10%),Africa,Sub-Saharan Africa
BLZ,Belize,2030,pes,bws,One,0.263967630529983,153,0,Low (<10%),Americas,Latin America & Caribbean
HRV,Croatia,2050,opt,bws,One,0.263790365682666,158,0,Low (<10%),Europe,Europe & Central Asia
BOL,Bolivia,2050,opt,bws,Ind,0.263747627226969,151,0,Low (<10%),Americas,Latin America & Caribbean
COL,Colombia,2080,opt,bws,Dom,0.262790765006217,156,0,Low (<10%),Americas,Latin America & Caribbean
BLZ,Belize,2050,bau,bws,One,0.261855452068528,161,0,Low (<10%),Americas,Latin America & Caribbean
IRL,Ireland,2080,bau,bws,One,0.261818046531439,168,0,Low (<10%),Europe,Europe & Central Asia
SUR,Suriname,2080,bau,bws,Ind,0.261697477664071,159,0,Low (<10%),Americas,Latin America & Caribbean
COL,Colombia,2080,bau,bws,One,0.260885429246476,169,0,Low (<10%),Americas,Latin America & Caribbean
AUT,Austria,2080,opt,bws,Liv,0.260861735804658,146,0,Low (<10%),Europe,Europe & Central Asia
BIH,Bosnia and Herzegovina,2030,bau,bws,One,0.26068609320979,152,0,Low (<10%),Europe,Europe & Central Asia
BOL,Bolivia,2080,opt,bws,Ind,0.259946888072722,153,0,Low (<10%),Americas,Latin America & Caribbean
IRL,Ireland,2030,bau,bws,One,0.259898508011842,153,0,Low (<10%),Europe,Europe & Central Asia
CAF,Central African Republic,2030,bau,bws,Ind,0.259841341431818,150,0,Low (<10%),Africa,Sub-Saharan Africa
AUT,Austria,2030,opt,bws,Liv,0.25960329801114,145,0,Low (<10%),Europe,Europe & Central Asia
NZL,New Zealand,2080,opt,bws,Tot,0.25925451857881,165,0,Low (<10%),Oceania,East Asia & Pacific
GNB,Guinea-Bissau,2080,opt,bws,Ind,0.258921891091217,154,0,Low (<10%),Africa,Sub-Saharan Africa
GIN,Guinea,2050,pes,bws,Liv,0.25863581025999,149,0,Low (<10%),Africa,Sub-Saharan Africa
HND,Honduras,2030,bau,bws,Ind,0.258332881573688,151,0,Low (<10%),Americas,Latin America & Caribbean
AUT,Austria,2080,bau,bws,Tot,0.257719064768993,168,0,Low (<10%),Europe,Europe & Central Asia
HRV,Croatia,2050,pes,bws,Tot,0.257713955430437,165,0,Low (<10%),Europe,Europe & Central Asia
AUT,Austria,2030,bau,bws,Dom,0.256923084512234,151,0,Low (<10%),Europe,Europe & Central Asia
NIC,Nicaragua,2030,opt,bws,Tot,0.256750082754433,161,0,Low (<10%),Americas,Latin America & Caribbean
COG,Republic of Congo,2030,pes,bws,One,0.256630367526715,155,0,Low (<10%),Africa,Sub-Saharan Africa
HRV,Croatia,2050,pes,bws,Ind,0.256619849721855,153,0,Low (<10%),Europe,Europe & Central Asia
HRV,Croatia,2050,bau,bws,Tot,0.255851498313766,166,0,Low (<10%),Europe,Europe & Central Asia
IRL,Ireland,2050,bau,bws,One,0.254664311939333,162,0,Low (<10%),Europe,Europe & Central Asia
GNB,Guinea-Bissau,2030,pes,bws,Dom,0.253790709424539,149,0,Low (<10%),Africa,Sub-Saharan Africa
PRY,Paraguay,2030,opt,bws,One,0.253784255632702,153,0,Low (<10%),Americas,Latin America & Caribbean
PAN,Panama,2080,opt,bws,Liv,0.252479649275565,147,0,Low (<10%),Americas,Latin America & Caribbean
PRY,Paraguay,2050,pes,bws,One,0.252331371843065,160,0,Low (<10%),Americas,Latin America & Caribbean
PAN,Panama,2050,bau,bws,Liv,0.252164843375036,150,0,Low (<10%),Americas,Latin America & Caribbean
NZL,New Zealand,2080,opt,bws,Ind,0.251879254019039,155,0,Low (<10%),Oceania,East Asia & Pacific
COL,Colombia,2030,bau,bws,Dom,0.251245812107184,152,0,Low (<10%),Americas,Latin America & Caribbean
AUT,Austria,2030,pes,bws,Liv,0.251147704215712,143,0,Low (<10%),Europe,Europe & Central Asia
BDI,Burundi,2080,opt,bws,Ind,0.251124773021507,156,0,Low (<10%),Africa,Sub-Saharan Africa
HRV,Croatia,2050,bau,bws,Ind,0.250964474891062,154,0,Low (<10%),Europe,Europe & Central Asia
NZL,New Zealand,2080,pes,bws,One,0.248645180687545,166,0,Low (<10%),Oceania,East Asia & Pacific
COL,Colombia,2080,bau,bws,Liv,0.248581598672715,155,0,Low (<10%),Americas,Latin America & Caribbean
IRL,Ireland,2030,opt,bws,One,0.248464260138011,155,0,Low (<10%),Europe,Europe & Central Asia
BIH,Bosnia and Herzegovina,2030,opt,bws,One,0.248050689225379,156,0,Low (<10%),Europe,Europe & Central Asia
BOL,Bolivia,2030,opt,bws,Tot,0.247825663445149,162,0,Low (<10%),Americas,Latin America & Caribbean
HND,Honduras,2050,opt,bws,Liv,0.247349078550938,145,0,Low (<10%),Americas,Latin America & Caribbean
BLZ,Belize,2080,opt,bws,Liv,0.24641991400139,148,0,Low (<10%),Americas,Latin America & Caribbean
HND,Honduras,2030,bau,bws,Tot,0.245918147089212,161,0,Low (<10%),Americas,Latin America & Caribbean
GNB,Guinea-Bissau,2050,opt,bws,Ind,0.245672823402828,152,0,Low (<10%),Africa,Sub-Saharan Africa
TGO,Togo,2030,opt,bws,One,0.245489201575722,157,0,Low (<10%),Africa,Sub-Saharan Africa
COD,Democratic Republic of the Congo,2050,pes,bws,One,0.244804600093556,161,0,Low (<10%),Africa,Sub-Saharan Africa
COD,Democratic Republic of the Congo,2050,opt,bws,Tot,0.244676388556931,164,0,Low (<10%),Africa,Sub-Saharan Africa
BDI,Burundi,2080,pes,bws,Ind,0.244293433537849,161,0,Low (<10%),Africa,Sub-Saharan Africa
NIC,Nicaragua,2080,opt,bws,Ind,0.243815396995542,157,0,Low (<10%),Americas,Latin America & Caribbean
COG,Republic of Congo,2080,opt,bws,One,0.243573470562287,162,0,Low (<10%),Africa,Sub-Saharan Africa
BLZ,Belize,2050,pes,bws,One,0.243256547592565,162,0,Low (<10%),Americas,Latin America & Caribbean
HRV,Croatia,2050,bau,bws,One,0.242982196313091,163,0,Low (<10%),Europe,Europe & Central Asia
AUT,Austria,2050,bau,bws,Liv,0.24263730494284,151,0,Low (<10%),Europe,Europe & Central Asia
PAN,Panama,2080,pes,bws,One,0.242075427272957,167,0,Low (<10%),Americas,Latin America & Caribbean
HRV,Croatia,2080,bau,bws,Tot,0.241612729726784,169,0,Low (<10%),Europe,Europe & Central Asia
SUR,Suriname,2080,bau,bws,Dom,0.241555784469512,162,0,Low (<10%),Americas,Latin America & Caribbean
BEN,Benin,2050,opt,bws,Liv,0.240915816988938,146,0,Low (<10%),Africa,Sub-Saharan Africa
COL,Colombia,2030,opt,bws,Dom,0.240291879541065,154,0,Low (<10%),Americas,Latin America & Caribbean
HRV,Croatia,2050,pes,bws,One,0.24000672043128,163,0,Low (<10%),Europe,Europe & Central Asia
PAN,Panama,2050,pes,bws,Liv,0.239953409606096,150,0,Low (<10%),Americas,Latin America & Caribbean
BIH,Bosnia and Herzegovina,2080,opt,bws,Liv,0.239744097567436,149,0,Low (<10%),Europe,Europe & Central Asia
COL,Colombia,2080,pes,bws,One,0.23896093759338,168,0,Low (<10%),Americas,Latin America & Caribbean
COG,Republic of Congo,2050,bau,bws,One,0.238940717336741,164,0,Low (<10%),Africa,Sub-Saharan Africa
UGA,Uganda,2030,pes,bws,Liv,0.238631424718266,144,0,Low (<10%),Africa,Sub-Saharan Africa
GNB,Guinea-Bissau,2030,pes,bws,Ind,0.238616480450221,151,0,Low (<10%),Africa,Sub-Saharan Africa
RWA,Rwanda,2050,bau,bws,Irr,0.238464829593728,158,0,Low (<10%),Africa,Sub-Saharan Africa
GMB,Gambia,2050,pes,bws,Ind,0.238385499031763,154,0,Low (<10%),Africa,Sub-Saharan Africa
BIH,Bosnia and Herzegovina,2030,pes,bws,One,0.238306285206037,156,0,Low (<10%),Europe,Europe & Central Asia
TGO,Togo,2030,bau,bws,One,0.238215092135314,154,0,Low (<10%),Africa,Sub-Saharan Africa
CMR,Cameroon,2080,pes,bws,Irr,0.237894296151188,158,0,Low (<10%),Africa,Sub-Saharan Africa
BEN,Benin,2050,pes,bws,Liv,0.237424497939563,151,0,Low (<10%),Africa,Sub-Saharan Africa
BOL,Bolivia,2050,bau,bws,Ind,0.237408876134128,155,0,Low (<10%),Americas,Latin America & Caribbean
GIN,Guinea,2050,bau,bws,Dom,0.236355700527647,157,0,Low (<10%),Africa,Sub-Saharan Africa
BOL,Bolivia,2030,pes,bws,Tot,0.236052057607817,160,0,Low (<10%),Americas,Latin America & Caribbean
BLZ,Belize,2080,bau,bws,Tot,0.235957216528746,170,0,Low (<10%),Americas,Latin America & Caribbean
COD,Democratic Republic of the Congo,2080,pes,bws,Tot,0.235720837321351,168,0,Low (<10%),Africa,Sub-Saharan Africa
COL,Colombia,2030,pes,bws,Dom,0.235644216037245,150,0,Low (<10%),Americas,Latin America & Caribbean
HND,Honduras,2030,opt,bws,Ind,0.235377790481017,151,0,Low (<10%),Americas,Latin America & Caribbean
PRY,Paraguay,2080,opt,bws,One,0.234209881052335,163,0,Low (<10%),Americas,Latin America & Caribbean
BLZ,Belize,2030,pes,bws,Liv,0.23336954362981,145,0,Low (<10%),Americas,Latin America & Caribbean
GIN,Guinea,2050,pes,bws,Dom,0.233312130201106,158,0,Low (<10%),Africa,Sub-Saharan Africa
COG,Republic of Congo,2050,opt,bws,One,0.232701948211568,159,0,Low (<10%),Africa,Sub-Saharan Africa
AUT,Austria,2080,opt,bws,Dom,0.23240940509217,157,0,Low (<10%),Europe,Europe & Central Asia
UGA,Uganda,2030,pes,bws,One,0.23182832575739,157,0,Low (<10%),Africa,Sub-Saharan Africa
AUT,Austria,2030,opt,bws,Dom,0.231407571616446,155,0,Low (<10%),Europe,Europe & Central Asia
IRL,Ireland,2080,opt,bws,Liv,0.231190326978434,150,0,Low (<10%),Europe,Europe & Central Asia
MOZ,Mozambique,2030,pes,bws,Dom,0.231068422143575,151,0,Low (<10%),Africa,Sub-Saharan Africa
BOL,Bolivia,2080,pes,bws,Liv,0.230753546630816,156,0,Low (<10%),Americas,Latin America & Caribbean
AUT,Austria,2080,bau,bws,Ind,0.229532872191352,161,0,Low (<10%),Europe,Europe & Central Asia
HND,Honduras,2030,bau,bws,Irr,0.229375750199317,153,0,Low (<10%),Americas,Latin America & Caribbean
NIC,Nicaragua,2030,bau,bws,Ind,0.228717996541738,152,0,Low (<10%),Americas,Latin America & Caribbean
HRV,Croatia,2080,bau,bws,Ind,0.228547980721779,162,0,Low (<10%),Europe,Europe & Central Asia
COD,Democratic Republic of the Congo,2080,opt,bws,Tot,0.228031955114407,166,0,Low (<10%),Africa,Sub-Saharan Africa
GIN,Guinea,2030,bau,bws,Dom,0.227885404614369,153,0,Low (<10%),Africa,Sub-Saharan Africa
COD,Democratic Republic of the Congo,2030,pes,bws,One,0.227523340286837,158,0,Low (<10%),Africa,Sub-Saharan Africa
PRY,Paraguay,2050,bau,bws,One,0.227407570334167,165,0,Low (<10%),Americas,Latin America & Caribbean
GIN,Guinea,2080,opt,bws,Liv,0.226813957718253,151,0,Low (<10%),Africa,Sub-Saharan Africa
TGO,Togo,2030,pes,bws,One,0.226745019702644,159,0,Low (<10%),Africa,Sub-Saharan Africa
BOL,Bolivia,2030,bau,bws,Dom,0.226728929934483,154,0,Low (<10%),Americas,Latin America & Caribbean
HRV,Croatia,2080,opt,bws,Dom,0.226626603525332,158,0,Low (<10%),Europe,Europe & Central Asia
BDI,Burundi,2080,opt,bws,Irr,0.226286734650086,156,0,Low (<10%),Africa,Sub-Saharan Africa
COD,Democratic Republic of the Congo,2080,bau,bws,Dom,0.225100270230872,163,0,Low (<10%),Africa,Sub-Saharan Africa
NIC,Nicaragua,2030,pes,bws,One,0.224577408265116,160,0,Low (<10%),Americas,Latin America & Caribbean
GIN,Guinea,2080,opt,bws,Ind,0.22360816955704,158,0,Low (<10%),Africa,Sub-Saharan Africa
PAN,Panama,2050,bau,bws,One,0.222453097720607,166,0,Low (<10%),Americas,Latin America & Caribbean
PAN,Panama,2080,opt,bws,One,0.222283461745629,164,0,Low (<10%),Americas,Latin America & Caribbean
BDI,Burundi,2080,bau,bws,Ind,0.222145792985309,163,0,Low (<10%),Africa,Sub-Saharan Africa
NZL,New Zealand,2050,bau,bws,Irr,0.221357051452422,159,0,Low (<10%),Oceania,East Asia & Pacific
GIN,Guinea,2050,bau,bws,Ind,0.221213706779667,156,0,Low (<10%),Africa,Sub-Saharan Africa
GIN,Guinea,2030,opt,bws,Dom,0.2200174009476,156,0,Low (<10%),Africa,Sub-Saharan Africa
NZL,New Zealand,2050,pes,bws,Dom,0.219139821144138,159,0,Low (<10%),Oceania,East Asia & Pacific
NOR,Norway,2030,pes,bws,Tot,0.218687653181748,161,0,Low (<10%),Europe,Europe & Central Asia
BDI,Burundi,2030,pes,bws,Dom,0.218245034569467,152,0,Low (<10%),Africa,Sub-Saharan Africa
HRV,Croatia,2080,bau,bws,One,0.21820553101029,170,0,Low (<10%),Europe,Europe & Central Asia
TGO,Togo,2030,opt,bws,Irr,0.217701724525643,155,0,Low (<10%),Africa,Sub-Saharan Africa
PAN,Panama,2030,bau,bws,Liv,0.217399191517796,144,0,Low (<10%),Americas,Latin America & Caribbean
NOR,Norway,2080,pes,bws,Ind,0.216538637949015,162,0,Low (<10%),Europe,Europe & Central Asia
CMR,Cameroon,2080,opt,bws,Tot,0.216478764995655,167,0,Low (<10%),Africa,Sub-Saharan Africa
GMB,Gambia,2030,bau,bws,Irr,0.215980455346547,154,0,Low (<10%),Africa,Sub-Saharan Africa
AUT,Austria,2030,pes,bws,Dom,0.215749576941867,153,0,Low (<10%),Europe,Europe & Central Asia
BDI,Burundi,2080,pes,bws,Irr,0.215729379286111,159,0,Low (<10%),Africa,Sub-Saharan Africa
COG,Republic of Congo,2050,pes,bws,One,0.215621676129447,164,0,Low (<10%),Africa,Sub-Saharan Africa
HND,Honduras,2050,opt,bws,Ind,0.215522157640081,153,0,Low (<10%),Americas,Latin America & Caribbean
NIC,Nicaragua,2030,pes,bws,Dom,0.215325343932738,154,0,Low (<10%),Americas,Latin America & Caribbean
PAN,Panama,2030,opt,bws,Liv,0.215147686803508,146,0,Low (<10%),Americas,Latin America & Caribbean
NZL,New Zealand,2080,opt,bws,Irr,0.214781175705998,157,0,Low (<10%),Oceania,East Asia & Pacific
NZL,New Zealand,2080,bau,bws,Tot,0.214647120166077,171,0,Low (<10%),Oceania,East Asia & Pacific
BLZ,Belize,2050,bau,bws,Liv,0.213101257266272,152,0,Low (<10%),Americas,Latin America & Caribbean
NIC,Nicaragua,2030,opt,bws,Ind,0.212901320642669,152,0,Low (<10%),Americas,Latin America & Caribbean
GIN,Guinea,2030,bau,bws,Liv,0.212353819824619,145,0,Low (<10%),Africa,Sub-Saharan Africa
SUR,Suriname,2030,opt,bws,One,0.211776471588906,158,0,Low (<10%),Americas,Latin America & Caribbean
COL,Colombia,2050,bau,bws,One,0.211610736692405,167,0,Low (<10%),Americas,Latin America & Caribbean
HRV,Croatia,2030,pes,bws,Tot,0.211455689908145,162,0,Low (<10%),Europe,Europe & Central Asia
GIN,Guinea,2030,pes,bws,Dom,0.211085650923138,155,0,Low (<10%),Africa,Sub-Saharan Africa
HRV,Croatia,2030,pes,bws,Ind,0.210849516101839,152,0,Low (<10%),Europe,Europe & Central Asia
NZL,New Zealand,2080,bau,bws,One,0.210625457870777,171,0,Low (<10%),Oceania,East Asia & Pacific
BDI,Burundi,2080,bau,bws,Irr,0.21007329383838,161,0,Low (<10%),Africa,Sub-Saharan Africa
BOL,Bolivia,2080,opt,bws,Liv,0.209559256457936,152,0,Low (<10%),Americas,Latin America & Caribbean
HRV,Croatia,2030,opt,bws,Tot,0.209473584662986,163,0,Low (<10%),Europe,Europe & Central Asia
NOR,Norway,2050,bau,bws,Tot,0.209449045020094,167,0,Low (<10%),Europe,Europe & Central Asia
HRV,Croatia,2030,opt,bws,Ind,0.208815839324992,153,0,Low (<10%),Europe,Europe & Central Asia
GIN,Guinea,2050,opt,bws,Dom,0.208688258578129,156,0,Low (<10%),Africa,Sub-Saharan Africa
CAF,Central African Republic,2080,opt,bws,Liv,0.208415268029249,153,0,Low (<10%),Africa,Sub-Saharan Africa
BDI,Burundi,2030,opt,bws,One,0.208347579041445,159,0,Low (<10%),Africa,Sub-Saharan Africa
BLZ,Belize,2050,pes,bws,Liv,0.208082978743189,152,0,Low (<10%),Americas,Latin America & Caribbean
UGA,Uganda,2030,pes,bws,Dom,0.207239853311592,156,0,Low (<10%),Africa,Sub-Saharan Africa
PAN,Panama,2050,pes,bws,One,0.20653786807147,165,0,Low (<10%),Americas,Latin America & Caribbean
PRY,Paraguay,2080,pes,bws,One,0.206498659433307,169,0,Low (<10%),Americas,Latin America & Caribbean
NOR,Norway,2030,bau,bws,Tot,0.206234577203123,162,0,Low (<10%),Europe,Europe & Central Asia
IRL,Ireland,2050,opt,bws,Liv,0.206110110372755,147,0,Low (<10%),Europe,Europe & Central Asia
NOR,Norway,2030,opt,bws,Tot,0.205225266979613,164,0,Low (<10%),Europe,Europe & Central Asia
UGA,Uganda,2050,pes,bws,Ind,0.204481445039975,155,0,Low (<10%),Africa,Sub-Saharan Africa
NZL,New Zealand,2050,pes,bws,Ind,0.204454275332885,156,0,Low (<10%),Oceania,East Asia & Pacific
TGO,Togo,2030,bau,bws,Irr,0.20335367950763,155,0,Low (<10%),Africa,Sub-Saharan Africa
IRL,Ireland,2030,pes,bws,Liv,0.20299653274726,146,0,Low (<10%),Europe,Europe & Central Asia
CIV,CÃ´te d'Ivoire,2080,bau,bws,One,0.202464863753501,172,0,Low (<10%),Africa,Sub-Saharan Africa
CMR,Cameroon,2050,opt,bws,Tot,0.20219351261004,165,0,Low (<10%),Africa,Sub-Saharan Africa
COG,Republic of Congo,2030,bau,bws,One,0.201377244816065,156,0,Low (<10%),Africa,Sub-Saharan Africa
AUT,Austria,2050,bau,bws,Dom,0.200889555893613,158,0,Low (<10%),Europe,Europe & Central Asia
UGA,Uganda,2030,pes,bws,Tot,0.200754484785803,163,0,Low (<10%),Africa,Sub-Saharan Africa
TCD,Chad,2050,bau,bws,Ind,0.20042480928332,157,0,Low (<10%),Africa,Sub-Saharan Africa
PRY,Paraguay,2030,pes,bws,One,0.20007620370615,161,0,Low (<10%),Americas,Latin America & Caribbean
GIN,Guinea,2050,pes,bws,Ind,0.200069895866753,157,0,Low (<10%),Africa,Sub-Saharan Africa
CAF,Central African Republic,2050,opt,bws,Liv,0.199970987191644,148,0,Low (<10%),Africa,Sub-Saharan Africa
NIC,Nicaragua,2050,opt,bws,Tot,0.199028167549176,166,0,Low (<10%),Americas,Latin America & Caribbean
BDI,Burundi,2030,opt,bws,Liv,0.199017873386276,147,0,Low (<10%),Africa,Sub-Saharan Africa
CMR,Cameroon,2030,pes,bws,Irr,0.198968570540226,152,0,Low (<10%),Africa,Sub-Saharan Africa
NZL,New Zealand,2050,pes,bws,Tot,0.198594862727305,166,0,Low (<10%),Oceania,East Asia & Pacific
HRV,Croatia,2030,bau,bws,Tot,0.198541000516597,163,0,Low (<10%),Europe,Europe & Central Asia
HRV,Croatia,2050,opt,bws,Liv,0.19743791748422,149,0,Low (<10%),Europe,Europe & Central Asia
BEN,Benin,2080,pes,bws,One,0.197339708390543,170,0,Low (<10%),Africa,Sub-Saharan Africa
BDI,Burundi,2050,pes,bws,Ind,0.197304215344876,158,0,Low (<10%),Africa,Sub-Saharan Africa
HRV,Croatia,2030,bau,bws,Ind,0.197240216778996,153,0,Low (<10%),Europe,Europe & Central Asia
COL,Colombia,2050,pes,bws,One,0.19722785778026,166,0,Low (<10%),Americas,Latin America & Caribbean
GIN,Guinea,2050,opt,bws,Ind,0.197195206901432,154,0,Low (<10%),Africa,Sub-Saharan Africa
COL,Colombia,2080,pes,bws,Liv,0.196660679225589,157,0,Low (<10%),Americas,Latin America & Caribbean
COG,Republic of Congo,2080,bau,bws,Dom,0.196534631391195,164,0,Low (<10%),Africa,Sub-Saharan Africa
BEN,Benin,2030,bau,bws,Liv,0.195956399306161,146,0,Low (<10%),Africa,Sub-Saharan Africa
COD,Democratic Republic of the Congo,2030,opt,bws,One,0.195685140975792,160,0,Low (<10%),Africa,Sub-Saharan Africa
HRV,Croatia,2030,opt,bws,One,0.195268472921574,161,0,Low (<10%),Europe,Europe & Central Asia
IRL,Ireland,2080,bau,bws,Liv,0.194715284439445,156,0,Low (<10%),Europe,Europe & Central Asia
IRL,Ireland,2030,bau,bws,Liv,0.194557765001358,147,0,Low (<10%),Europe,Europe & Central Asia
NOR,Norway,2080,bau,bws,Tot,0.194262631839594,172,0,Low (<10%),Europe,Europe & Central Asia
CMR,Cameroon,2080,opt,bws,One,0.193413046162193,165,0,Low (<10%),Africa,Sub-Saharan Africa
NOR,Norway,2080,opt,bws,Ind,0.193377163000019,159,0,Low (<10%),Europe,Europe & Central Asia
HRV,Croatia,2030,pes,bws,One,0.193237448307047,162,0,Low (<10%),Europe,Europe & Central Asia
NIC,Nicaragua,2080,opt,bws,One,0.193195228295776,166,0,Low (<10%),Americas,Latin America & Caribbean
CMR,Cameroon,2050,pes,bws,One,0.191879420965796,167,0,Low (<10%),Africa,Sub-Saharan Africa
CAF,Central African Republic,2050,bau,bws,Ind,0.191834788079072,158,0,Low (<10%),Africa,Sub-Saharan Africa
NIC,Nicaragua,2030,bau,bws,One,0.191800236055656,157,0,Low (<10%),Americas,Latin America & Caribbean
BOL,Bolivia,2030,opt,bws,Dom,0.191511234161352,157,0,Low (<10%),Americas,Latin America & Caribbean
GMB,Gambia,2030,bau,bws,Tot,0.191405436078497,164,0,Low (<10%),Africa,Sub-Saharan Africa
PAN,Panama,2050,opt,bws,Liv,0.191219595897898,150,0,Low (<10%),Americas,Latin America & Caribbean
IRL,Ireland,2050,bau,bws,Liv,0.190125571324363,153,0,Low (<10%),Europe,Europe & Central Asia
CMR,Cameroon,2050,opt,bws,One,0.189705691248823,161,0,Low (<10%),Africa,Sub-Saharan Africa
NOR,Norway,2050,pes,bws,Ind,0.189502349080963,159,0,Low (<10%),Europe,Europe & Central Asia
COL,Colombia,2030,opt,bws,One,0.189424571867037,162,0,Low (<10%),Americas,Latin America & Caribbean
PAN,Panama,2030,pes,bws,Liv,0.18933983154024,147,0,Low (<10%),Americas,Latin America & Caribbean
TGO,Togo,2030,pes,bws,Irr,0.189177461783466,153,0,Low (<10%),Africa,Sub-Saharan Africa
GMB,Gambia,2050,opt,bws,Liv,0.189110406136279,151,0,Low (<10%),Africa,Sub-Saharan Africa
PAN,Panama,2030,bau,bws,One,0.188506470653136,158,0,Low (<10%),Americas,Latin America & Caribbean
COL,Colombia,2080,opt,bws,One,0.188146765894577,167,0,Low (<10%),Americas,Latin America & Caribbean
HRV,Croatia,2030,bau,bws,One,0.187881617130955,159,0,Low (<10%),Europe,Europe & Central Asia
HRV,Croatia,2050,bau,bws,Liv,0.187766195370585,154,0,Low (<10%),Europe,Europe & Central Asia
TCD,Chad,2050,opt,bws,Ind,0.187615352331624,155,0,Low (<10%),Africa,Sub-Saharan Africa
IRL,Ireland,2030,opt,bws,Liv,0.186032344156651,148,0,Low (<10%),Europe,Europe & Central Asia
UGA,Uganda,2050,bau,bws,Ind,0.186005829180343,159,0,Low (<10%),Africa,Sub-Saharan Africa
GIN,Guinea,2050,bau,bws,One,0.18576527148391,168,0,Low (<10%),Africa,Sub-Saharan Africa
BOL,Bolivia,2050,bau,bws,Liv,0.18564895553243,155,0,Low (<10%),Americas,Latin America & Caribbean
NZL,New Zealand,2080,bau,bws,Dom,0.185358513575904,165,0,Low (<10%),Oceania,East Asia & Pacific
COD,Democratic Republic of the Congo,2030,bau,bws,One,0.184260926899723,160,0,Low (<10%),Africa,Sub-Saharan Africa
COD,Democratic Republic of the Congo,2050,opt,bws,One,0.184110598129275,162,0,Low (<10%),Africa,Sub-Saharan Africa
TCD,Chad,2050,pes,bws,Ind,0.18333544649313,160,0,Low (<10%),Africa,Sub-Saharan Africa
GIN,Guinea,2030,pes,bws,Liv,0.183151021222362,148,0,Low (<10%),Africa,Sub-Saharan Africa
PAN,Panama,2030,opt,bws,One,0.183033010213317,163,0,Low (<10%),Americas,Latin America & Caribbean
NOR,Norway,2050,opt,bws,Ind,0.182789533417668,156,0,Low (<10%),Europe,Europe & Central Asia
COL,Colombia,2030,pes,bws,One,0.182349030842761,163,0,Low (<10%),Americas,Latin America & Caribbean
NZL,New Zealand,2080,bau,bws,Ind,0.181808070462495,164,0,Low (<10%),Oceania,East Asia & Pacific
BOL,Bolivia,2030,pes,bws,Dom,0.181792834483576,157,0,Low (<10%),Americas,Latin America & Caribbean
AUT,Austria,2080,bau,bws,Liv,0.181362244062244,157,0,Low (<10%),Europe,Europe & Central Asia
BOL,Bolivia,2030,bau,bws,Ind,0.181343857829763,154,0,Low (<10%),Americas,Latin America & Caribbean
COL,Colombia,2030,bau,bws,One,0.181167094649554,161,0,Low (<10%),Americas,Latin America & Caribbean
BDI,Burundi,2030,opt,bws,Tot,0.180216858077381,165,0,Low (<10%),Africa,Sub-Saharan Africa
BOL,Bolivia,2050,pes,bws,Liv,0.179984837494132,153,0,Low (<10%),Americas,Latin America & Caribbean
NIC,Nicaragua,2080,opt,bws,Dom,0.179280077881984,159,0,Low (<10%),Americas,Latin America & Caribbean
NIC,Nicaragua,2030,bau,bws,Dom,0.179190859056534,155,0,Low (<10%),Americas,Latin America & Caribbean
NZL,New Zealand,2050,bau,bws,Tot,0.179082340947055,168,0,Low (<10%),Oceania,East Asia & Pacific
NIC,Nicaragua,2050,opt,bws,Ind,0.178686871062443,157,0,Low (<10%),Americas,Latin America & Caribbean
CMR,Cameroon,2030,opt,bws,Irr,0.17740155949535,156,0,Low (<10%),Africa,Sub-Saharan Africa
HRV,Croatia,2050,pes,bws,Liv,0.17716804098746,154,0,Low (<10%),Europe,Europe & Central Asia
PRY,Paraguay,2030,bau,bws,One,0.177005340272654,162,0,Low (<10%),Americas,Latin America & Caribbean
GIN,Guinea,2050,opt,bws,Liv,0.176316529264728,152,0,Low (<10%),Africa,Sub-Saharan Africa
HRV,Croatia,2080,bau,bws,Liv,0.17586452274203,158,0,Low (<10%),Europe,Europe & Central Asia
GIN,Guinea,2030,opt,bws,Ind,0.175262717696744,154,0,Low (<10%),Africa,Sub-Saharan Africa
COL,Colombia,2050,opt,bws,One,0.174488786793966,163,0,Low (<10%),Americas,Latin America & Caribbean
GMB,Gambia,2030,opt,bws,Ind,0.174326616475491,155,0,Low (<10%),Africa,Sub-Saharan Africa
CIV,CÃ´te d'Ivoire,2080,bau,bws,Liv,0.173693671006345,159,0,Low (<10%),Africa,Sub-Saharan Africa
HRV,Croatia,2050,opt,bws,Irr,0.172621857882529,155,0,Low (<10%),Europe,Europe & Central Asia
TCD,Chad,2080,opt,bws,Ind,0.172255992582807,160,0,Low (<10%),Africa,Sub-Saharan Africa
BLZ,Belize,2030,bau,bws,One,0.172182902472035,163,0,Low (<10%),Americas,Latin America & Caribbean
SUR,Suriname,2030,pes,bws,One,0.171853248922688,164,0,Low (<10%),Americas,Latin America & Caribbean
GIN,Guinea,2050,pes,bws,One,0.170903642903133,168,0,Low (<10%),Africa,Sub-Saharan Africa
CMR,Cameroon,2080,pes,bws,One,0.170697169200585,171,0,Low (<10%),Africa,Sub-Saharan Africa
GMB,Gambia,2030,pes,bws,Liv,0.170010999621425,149,0,Low (<10%),Africa,Sub-Saharan Africa
NZL,New Zealand,2030,bau,bws,Irr,0.169746315497956,156,0,Low (<10%),Oceania,East Asia & Pacific
SUR,Suriname,2030,bau,bws,One,0.169310283803665,164,0,Low (<10%),Americas,Latin America & Caribbean
CMR,Cameroon,2080,bau,bws,Dom,0.16919116746783,166,0,Low (<10%),Africa,Sub-Saharan Africa
SUR,Suriname,2050,opt,bws,One,0.168876530103535,164,0,Low (<10%),Americas,Latin America & Caribbean
BOL,Bolivia,2050,opt,bws,Liv,0.168409564223901,153,0,Low (<10%),Americas,Latin America & Caribbean
NIC,Nicaragua,2030,opt,bws,Dom,0.16639266731121,158,0,Low (<10%),Americas,Latin America & Caribbean
NZL,New Zealand,2050,bau,bws,Dom,0.165478982792278,159,0,Low (<10%),Oceania,East Asia & Pacific
COG,Republic of Congo,2030,opt,bws,One,0.164835164835164,164,0,Low (<10%),Africa,Sub-Saharan Africa
CMR,Cameroon,2080,opt,bws,Dom,0.1646533726599,160,0,Low (<10%),Africa,Sub-Saharan Africa
BEN,Benin,2050,bau,bws,One,0.164590096548499,169,0,Low (<10%),Africa,Sub-Saharan Africa
COG,Republic of Congo,2050,bau,bws,Tot,0.164562077590223,169,0,Low (<10%),Africa,Sub-Saharan Africa
GIN,Guinea,2030,bau,bws,Ind,0.16430751366018,155,0,Low (<10%),Africa,Sub-Saharan Africa
BDI,Burundi,2050,opt,bws,Ind,0.163559120867159,158,0,Low (<10%),Africa,Sub-Saharan Africa
PAN,Panama,2030,pes,bws,One,0.162949722724117,165,0,Low (<10%),Americas,Latin America & Caribbean
BLZ,Belize,2030,opt,bws,One,0.162664636134865,165,0,Low (<10%),Americas,Latin America & Caribbean
NZL,New Zealand,2080,opt,bws,One,0.162299916281995,168,0,Low (<10%),Oceania,East Asia & Pacific
CMR,Cameroon,2050,bau,bws,Irr,0.161796406281801,160,0,Low (<10%),Africa,Sub-Saharan Africa
GAB,Gabon,2050,opt,bws,Dom,0.161733473814734,157,0,Low (<10%),Africa,Sub-Saharan Africa
NZL,New Zealand,2050,pes,bws,Irr,0.16150829892278,155,0,Low (<10%),Oceania,East Asia & Pacific
BLZ,Belize,2080,bau,bws,Irr,0.161254330752543,162,0,Low (<10%),Americas,Latin America & Caribbean
GMB,Gambia,2050,opt,bws,Dom,0.160369737631172,158,0,Low (<10%),Africa,Sub-Saharan Africa
NZL,New Zealand,2080,pes,bws,Liv,0.159106063469689,158,0,Low (<10%),Oceania,East Asia & Pacific
PAN,Panama,2050,opt,bws,One,0.158885770606875,165,0,Low (<10%),Americas,Latin America & Caribbean
BDI,Burundi,2030,pes,bws,One,0.158127004356257,166,0,Low (<10%),Africa,Sub-Saharan Africa
NZL,New Zealand,2050,bau,bws,One,0.157806232266407,170,0,Low (<10%),Oceania,East Asia & Pacific
BDI,Burundi,2050,pes,bws,Irr,0.157641619997874,156,0,Low (<10%),Africa,Sub-Saharan Africa
GIN,Guinea,2030,pes,bws,Ind,0.157258811241106,153,0,Low (<10%),Africa,Sub-Saharan Africa
BOL,Bolivia,2030,opt,bws,Ind,0.156866361400594,156,0,Low (<10%),Americas,Latin America & Caribbean
BEN,Benin,2030,opt,bws,Liv,0.156821548458004,149,0,Low (<10%),Africa,Sub-Saharan Africa
CMR,Cameroon,2080,bau,bws,Tot,0.156733133112232,173,0,Low (<10%),Africa,Sub-Saharan Africa
NZL,New Zealand,2050,bau,bws,Ind,0.156439554345639,160,0,Low (<10%),Oceania,East Asia & Pacific
COL,Colombia,2050,bau,bws,Liv,0.155023250270295,156,0,Low (<10%),Americas,Latin America & Caribbean
AUT,Austria,2080,bau,bws,Dom,0.154309494482415,167,0,Low (<10%),Europe,Europe & Central Asia
BIH,Bosnia and Herzegovina,2080,opt,bws,One,0.153331980646096,169,0,Low (<10%),Europe,Europe & Central Asia
GMB,Gambia,2030,bau,bws,Liv,0.152925405489964,148,0,Low (<10%),Africa,Sub-Saharan Africa
CMR,Cameroon,2050,pes,bws,Tot,0.152904480690914,167,0,Low (<10%),Africa,Sub-Saharan Africa
CAF,Central African Republic,2030,bau,bws,Liv,0.152453327976122,149,0,Low (<10%),Africa,Sub-Saharan Africa
CAF,Central African Republic,2050,opt,bws,One,0.152405841407094,166,0,Low (<10%),Africa,Sub-Saharan Africa
BOL,Bolivia,2030,pes,bws,Ind,0.152314493025792,154,0,Low (<10%),Americas,Latin America & Caribbean
TCD,Chad,2080,bau,bws,Ind,0.15193225401306,165,0,Low (<10%),Africa,Sub-Saharan Africa
CMR,Cameroon,2050,bau,bws,One,0.151639997914553,171,0,Low (<10%),Africa,Sub-Saharan Africa
BEN,Benin,2030,pes,bws,Liv,0.1514883542328,150,0,Low (<10%),Africa,Sub-Saharan Africa
BOL,Bolivia,2030,bau,bws,Liv,0.151235819195752,150,0,Low (<10%),Americas,Latin America & Caribbean
BDI,Burundi,2030,pes,bws,Liv,0.15104615218814,151,0,Low (<10%),Africa,Sub-Saharan Africa
HRV,Croatia,2050,pes,bws,Irr,0.149231242108305,157,0,Low (<10%),Europe,Europe & Central Asia
SUR,Suriname,2050,bau,bws,Dom,0.148726583557787,160,0,Low (<10%),Americas,Latin America & Caribbean
NIC,Nicaragua,2030,opt,bws,One,0.148242315379621,166,0,Low (<10%),Americas,Latin America & Caribbean
BEN,Benin,2080,opt,bws,Irr,0.148090687110873,158,0,Low (<10%),Africa,Sub-Saharan Africa
CAF,Central African Republic,2080,opt,bws,One,0.14742734827472,170,0,Low (<10%),Africa,Sub-Saharan Africa
NZL,New Zealand,2030,pes,bws,Irr,0.147229173942277,154,0,Low (<10%),Oceania,East Asia & Pacific
NZL,New Zealand,2050,pes,bws,One,0.147110674601576,169,0,Low (<10%),Oceania,East Asia & Pacific
GMB,Gambia,2030,pes,bws,Irr,0.146847653246817,155,0,Low (<10%),Africa,Sub-Saharan Africa
BLZ,Belize,2050,opt,bws,One,0.146127415710758,167,0,Low (<10%),Americas,Latin America & Caribbean
CAF,Central African Republic,2080,bau,bws,Ind,0.145261134470014,166,0,Low (<10%),Africa,Sub-Saharan Africa
CMR,Cameroon,2080,bau,bws,Irr,0.145126326442656,163,0,Low (<10%),Africa,Sub-Saharan Africa
NOR,Norway,2030,pes,bws,Ind,0.144554018622667,155,0,Low (<10%),Europe,Europe & Central Asia
COD,Democratic Republic of the Congo,2080,bau,bws,Liv,0.142605936086016,160,0,Low (<10%),Africa,Sub-Saharan Africa
CMR,Cameroon,2030,opt,bws,One,0.142457917285031,167,0,Low (<10%),Africa,Sub-Saharan Africa
CIV,CÃ´te d'Ivoire,2080,bau,bws,Irr,0.142353995792587,164,0,Low (<10%),Africa,Sub-Saharan Africa
HRV,Croatia,2080,opt,bws,One,0.142157656912333,171,0,Low (<10%),Europe,Europe & Central Asia
COD,Democratic Republic of the Congo,2080,pes,bws,Dom,0.142139999580166,164,0,Low (<10%),Africa,Sub-Saharan Africa
NOR,Norway,2080,pes,bws,One,0.141085946627058,172,0,Low (<10%),Europe,Europe & Central Asia
DJI,Djibouti,2080,opt,bws,Liv,0.139985437501426,154,0,Low (<10%),Africa,Middle East & North Africa
NZL,New Zealand,2050,opt,bws,Irr,0.139590400566285,156,0,Low (<10%),Oceania,East Asia & Pacific
BDI,Burundi,2030,pes,bws,Tot,0.139528220312102,164,0,Low (<10%),Africa,Sub-Saharan Africa
NOR,Norway,2050,bau,bws,Ind,0.139427013990886,161,0,Low (<10%),Europe,Europe & Central Asia
NOR,Norway,2030,opt,bws,Ind,0.137951156542511,157,0,Low (<10%),Europe,Europe & Central Asia
NOR,Norway,2030,bau,bws,Ind,0.137815622339588,156,0,Low (<10%),Europe,Europe & Central Asia
NIC,Nicaragua,2030,pes,bws,Liv,0.137270749101711,152,0,Low (<10%),Americas,Latin America & Caribbean
NZL,New Zealand,2030,pes,bws,Tot,0.137142892197124,165,0,Low (<10%),Oceania,East Asia & Pacific
GMB,Gambia,2030,pes,bws,Tot,0.1366849247938,166,0,Low (<10%),Africa,Sub-Saharan Africa
CAF,Central African Republic,2050,bau,bws,Liv,0.135465067478375,157,0,Low (<10%),Africa,Sub-Saharan Africa
DJI,Djibouti,2050,opt,bws,One,0.135353372746729,168,0,Low (<10%),Africa,Middle East & North Africa
GIN,Guinea,2030,opt,bws,Liv,0.135165685469248,150,0,Low (<10%),Africa,Sub-Saharan Africa
SUR,Suriname,2050,pes,bws,Dom,0.135154450468027,160,0,Low (<10%),Americas,Latin America & Caribbean
COL,Colombia,2050,pes,bws,Liv,0.135062382433304,155,0,Low (<10%),Americas,Latin America & Caribbean
HRV,Croatia,2080,opt,bws,Tot,0.135035265388577,168,0,Low (<10%),Europe,Europe & Central Asia
GIN,Guinea,2080,opt,bws,One,0.134965607949015,172,0,Low (<10%),Africa,Sub-Saharan Africa
GIN,Guinea,2030,bau,bws,One,0.134929149974939,165,0,Low (<10%),Africa,Sub-Saharan Africa
CMR,Cameroon,2030,bau,bws,Irr,0.134648669193523,157,0,Low (<10%),Africa,Sub-Saharan Africa
CMR,Cameroon,2030,pes,bws,One,0.13453290370707,167,0,Low (<10%),Africa,Sub-Saharan Africa
NZL,New Zealand,2050,opt,bws,Dom,0.134223430200083,159,0,Low (<10%),Oceania,East Asia & Pacific
HRV,Croatia,2080,opt,bws,Ind,0.133848494594412,161,0,Low (<10%),Europe,Europe & Central Asia
BLZ,Belize,2080,opt,bws,Ind,0.133729741292461,162,0,Low (<10%),Americas,Latin America & Caribbean
NZL,New Zealand,2050,opt,bws,Tot,0.133711894775045,167,0,Low (<10%),Oceania,East Asia & Pacific
BLZ,Belize,2030,pes,bws,Ind,0.132560267657632,156,0,Low (<10%),Americas,Latin America & Caribbean
PRY,Paraguay,2080,bau,bws,One,0.132368878828132,173,0,Low (<10%),Americas,Latin America & Caribbean
BEN,Benin,2050,opt,bws,One,0.131876848963501,169,0,Low (<10%),Africa,Sub-Saharan Africa
HRV,Croatia,2030,pes,bws,Liv,0.131541353087707,153,0,Low (<10%),Europe,Europe & Central Asia
NIC,Nicaragua,2050,opt,bws,Dom,0.131463498019887,160,0,Low (<10%),Americas,Latin America & Caribbean
BOL,Bolivia,2030,opt,bws,Liv,0.131113540670244,151,0,Low (<10%),Americas,Latin America & Caribbean
CAF,Central African Republic,2080,bau,bws,Liv,0.130760917414395,161,0,Low (<10%),Africa,Sub-Saharan Africa
CMR,Cameroon,2050,opt,bws,Dom,0.130656726418827,161,0,Low (<10%),Africa,Sub-Saharan Africa
HRV,Croatia,2030,opt,bws,Liv,0.130564187152855,152,0,Low (<10%),Europe,Europe & Central Asia
NZL,New Zealand,2030,bau,bws,Tot,0.130562288760742,165,0,Low (<10%),Oceania,East Asia & Pacific
BEN,Benin,2050,pes,bws,One,0.130507186013181,170,0,Low (<10%),Africa,Sub-Saharan Africa
GMB,Gambia,2030,bau,bws,Ind,0.130119548049692,157,0,Low (<10%),Africa,Sub-Saharan Africa
NZL,New Zealand,2050,opt,bws,Ind,0.129977320683121,159,0,Low (<10%),Oceania,East Asia & Pacific
NOR,Norway,2080,bau,bws,Ind,0.129669172721686,167,0,Low (<10%),Europe,Europe & Central Asia
HRV,Croatia,2030,bau,bws,Liv,0.128635745998088,151,0,Low (<10%),Europe,Europe & Central Asia
BDI,Burundi,2050,opt,bws,Irr,0.128285681483761,157,0,Low (<10%),Africa,Sub-Saharan Africa
SUR,Suriname,2080,opt,bws,Ind,0.128150876310257,163,0,Low (<10%),Americas,Latin America & Caribbean
CMR,Cameroon,2050,bau,bws,Tot,0.127662070778236,170,0,Low (<10%),Africa,Sub-Saharan Africa
CMR,Cameroon,2080,opt,bws,Liv,0.127367084222702,155,0,Low (<10%),Africa,Sub-Saharan Africa
BDI,Burundi,2050,bau,bws,Ind,0.127078146132453,162,0,Low (<10%),Africa,Sub-Saharan Africa
SUR,Suriname,2080,opt,bws,Dom,0.126867234142067,161,0,Low (<10%),Americas,Latin America & Caribbean
NZL,New Zealand,2050,opt,bws,One,0.126815057114535,170,0,Low (<10%),Oceania,East Asia & Pacific
GAB,Gabon,2080,bau,bws,Liv,0.125700079585022,162,0,Low (<10%),Africa,Sub-Saharan Africa
GMB,Gambia,2050,opt,bws,Tot,0.123851467448064,168,0,Low (<10%),Africa,Sub-Saharan Africa
BOL,Bolivia,2030,pes,bws,Liv,0.123833743072928,154,0,Low (<10%),Americas,Latin America & Caribbean
COG,Republic of Congo,2080,bau,bws,Liv,0.123728285194371,163,0,Low (<10%),Africa,Sub-Saharan Africa
COL,Colombia,2030,opt,bws,Liv,0.123530440605387,153,0,Low (<10%),Americas,Latin America & Caribbean
COD,Democratic Republic of the Congo,2050,bau,bws,Dom,0.123325958648334,161,0,Low (<10%),Africa,Sub-Saharan Africa
UGA,Uganda,2050,opt,bws,Ind,0.123226017451162,160,0,Low (<10%),Africa,Sub-Saharan Africa
CMR,Cameroon,2080,pes,bws,Tot,0.122532979136366,169,0,Low (<10%),Africa,Sub-Saharan Africa
CMR,Cameroon,2050,bau,bws,Dom,0.12204063941942,162,0,Low (<10%),Africa,Sub-Saharan Africa
COL,Colombia,2080,opt,bws,Liv,0.122034772411632,156,0,Low (<10%),Americas,Latin America & Caribbean
CMR,Cameroon,2030,opt,bws,Tot,0.121894506859124,166,0,Low (<10%),Africa,Sub-Saharan Africa
GAB,Gabon,2050,pes,bws,Liv,0.121425355973625,156,0,Low (<10%),Africa,Sub-Saharan Africa
CMR,Cameroon,2080,bau,bws,Liv,0.12141484880204,164,0,Low (<10%),Africa,Sub-Saharan Africa
SUR,Suriname,2050,pes,bws,Ind,0.120719462849233,161,0,Low (<10%),Americas,Latin America & Caribbean
GAB,Gabon,2050,opt,bws,Tot,0.120272297571061,169,0,Low (<10%),Africa,Sub-Saharan Africa
COD,Democratic Republic of the Congo,2080,opt,bws,Dom,0.119944613829106,162,0,Low (<10%),Africa,Sub-Saharan Africa
COD,Democratic Republic of the Congo,2080,bau,bws,Ind,0.119735443523681,169,0,Low (<10%),Africa,Sub-Saharan Africa
SUR,Suriname,2050,bau,bws,Ind,0.119322633192609,163,0,Low (<10%),Americas,Latin America & Caribbean
COL,Colombia,2030,pes,bws,Liv,0.119068704293591,155,0,Low (<10%),Americas,Latin America & Caribbean
DJI,Djibouti,2080,opt,bws,Irr,0.11903718026848,159,0,Low (<10%),Africa,Middle East & North Africa
MOZ,Mozambique,2030,pes,bws,Ind,0.118969904597461,157,0,Low (<10%),Africa,Sub-Saharan Africa
COD,Democratic Republic of the Congo,2050,pes,bws,Dom,0.118564570754253,161,0,Low (<10%),Africa,Sub-Saharan Africa
NZL,New Zealand,2030,pes,bws,Dom,0.118479598360937,158,0,Low (<10%),Oceania,East Asia & Pacific
COL,Colombia,2030,bau,bws,Liv,0.118117790285002,152,0,Low (<10%),Americas,Latin America & Caribbean
NOR,Norway,2050,pes,bws,One,0.118112800440391,171,0,Low (<10%),Europe,Europe & Central Asia
NZL,New Zealand,2030,bau,bws,Dom,0.11731102780092,156,0,Low (<10%),Oceania,East Asia & Pacific
NOR,Norway,2050,opt,bws,One,0.117261096854216,171,0,Low (<10%),Europe,Europe & Central Asia
NOR,Norway,2080,opt,bws,One,0.116454201805857,173,0,Low (<10%),Europe,Europe & Central Asia
NZL,New Zealand,2030,pes,bws,One,0.11632841725612,168,0,Low (<10%),Oceania,East Asia & Pacific
DJI,Djibouti,2080,opt,bws,Dom,0.115437909134234,163,0,Low (<10%),Africa,Middle East & North Africa
NZL,New Zealand,2030,pes,bws,Ind,0.114687040372691,158,0,Low (<10%),Oceania,East Asia & Pacific
SUR,Suriname,2030,bau,bws,Ind,0.113857559095944,158,0,Low (<10%),Americas,Latin America & Caribbean
GIN,Guinea,2030,pes,bws,One,0.113514853657855,169,0,Low (<10%),Africa,Sub-Saharan Africa
CMR,Cameroon,2030,pes,bws,Tot,0.113193549296641,167,0,Low (<10%),Africa,Sub-Saharan Africa
BLZ,Belize,2050,pes,bws,Ind,0.112898514197652,162,0,Low (<10%),Americas,Latin America & Caribbean
NIC,Nicaragua,2080,opt,bws,Liv,0.112847054702924,157,0,Low (<10%),Americas,Latin America & Caribbean
DJI,Djibouti,2080,opt,bws,Tot,0.112842861910156,169,0,Low (<10%),Africa,Middle East & North Africa
NIC,Nicaragua,2030,bau,bws,Liv,0.112814762110078,153,0,Low (<10%),Americas,Latin America & Caribbean
GIN,Guinea,2050,opt,bws,One,0.112552635002267,172,0,Low (<10%),Africa,Sub-Saharan Africa
CAF,Central African Republic,2080,opt,bws,Dom,0.112183126964084,164,0,Low (<10%),Africa,Sub-Saharan Africa
CAF,Central African Republic,2030,opt,bws,One,0.112095557478803,168,0,Low (<10%),Africa,Sub-Saharan Africa
NZL,New Zealand,2030,bau,bws,Ind,0.11084228788541,159,0,Low (<10%),Oceania,East Asia & Pacific
PRY,Paraguay,2080,opt,bws,Irr,0.110630970617975,160,0,Low (<10%),Americas,Latin America & Caribbean
NIC,Nicaragua,2050,opt,bws,One,0.110387877390896,173,0,Low (<10%),Americas,Latin America & Caribbean
SUR,Suriname,2050,opt,bws,Ind,0.11005223241886,161,0,Low (<10%),Americas,Latin America & Caribbean
CIV,CÃ´te d'Ivoire,2080,pes,bws,Liv,0.110031622477648,160,0,Low (<10%),Africa,Sub-Saharan Africa
CAF,Central African Republic,2050,opt,bws,Dom,0.109890931141834,162,0,Low (<10%),Africa,Sub-Saharan Africa
SUR,Suriname,2030,opt,bws,Ind,0.108765233220724,158,0,Low (<10%),Americas,Latin America & Caribbean
DJI,Djibouti,2080,opt,bws,Ind,0.108655004599826,164,0,Low (<10%),Africa,Middle East & North Africa
NOR,Norway,2080,pes,bws,Liv,0.108269043911397,161,0,Low (<10%),Europe,Europe & Central Asia
CAF,Central African Republic,2030,bau,bws,One,0.107208292588543,166,0,Low (<10%),Africa,Sub-Saharan Africa
NZL,New Zealand,2080,bau,bws,Liv,0.107088250582452,165,0,Low (<10%),Oceania,East Asia & Pacific
NZL,New Zealand,2080,opt,bws,Liv,0.106383668843085,158,0,Low (<10%),Oceania,East Asia & Pacific
BLZ,Belize,2080,opt,bws,Tot,0.105428530267529,170,0,Low (<10%),Americas,Latin America & Caribbean
SUR,Suriname,2030,pes,bws,Ind,0.104601983582183,159,0,Low (<10%),Americas,Latin America & Caribbean
BLZ,Belize,2050,bau,bws,Ind,0.104528676455681,164,0,Low (<10%),Americas,Latin America & Caribbean
GMB,Gambia,2050,opt,bws,Irr,0.104400099470358,158,0,Low (<10%),Africa,Sub-Saharan Africa
BLZ,Belize,2030,pes,bws,Tot,0.104274600669247,168,0,Low (<10%),Americas,Latin America & Caribbean
CIV,CÃ´te d'Ivoire,2080,pes,bws,Ind,0.103538788910258,164,0,Low (<10%),Africa,Sub-Saharan Africa
SUR,Suriname,2030,bau,bws,Dom,0.103397367662445,157,0,Low (<10%),Americas,Latin America & Caribbean
BLZ,Belize,2080,opt,bws,Dom,0.102989710961589,165,0,Low (<10%),Americas,Latin America & Caribbean
BDI,Burundi,2030,bau,bws,Dom,0.102913559796578,158,0,Low (<10%),Africa,Sub-Saharan Africa
SUR,Suriname,2030,opt,bws,Dom,0.102363576315493,159,0,Low (<10%),Americas,Latin America & Caribbean
CAF,Central African Republic,2050,bau,bws,One,0.10169119199161,172,0,Low (<10%),Africa,Sub-Saharan Africa
SUR,Suriname,2050,opt,bws,Dom,0.101629717850359,163,0,Low (<10%),Americas,Latin America & Caribbean
HRV,Croatia,2030,bau,bws,Irr,0.101491141182001,158,0,Low (<10%),Europe,Europe & Central Asia
COL,Colombia,2050,opt,bws,Liv,0.101211897416574,154,0,Low (<10%),Americas,Latin America & Caribbean
CMR,Cameroon,2050,pes,bws,Dom,0.101058268296052,162,0,Low (<10%),Africa,Sub-Saharan Africa
BLZ,Belize,2080,opt,bws,Irr,0.099772115618164,161,0,Low (<10%),Americas,Latin America & Caribbean
NZL,New Zealand,2030,bau,bws,One,0.0994718712791434,167,0,Low (<10%),Oceania,East Asia & Pacific
CMR,Cameroon,2050,opt,bws,Liv,0.0993092972908822,155,0,Low (<10%),Africa,Sub-Saharan Africa
BLZ,Belize,2030,pes,bws,Dom,0.0992184271918036,159,0,Low (<10%),Americas,Latin America & Caribbean
BLZ,Belize,2030,pes,bws,Irr,0.0986277750261056,156,0,Low (<10%),Americas,Latin America & Caribbean
CIV,CÃ´te d'Ivoire,2080,pes,bws,Dom,0.0983979263894291,165,0,Low (<10%),Africa,Sub-Saharan Africa
CIV,CÃ´te d'Ivoire,2080,pes,bws,Tot,0.0971940657302466,170,0,Low (<10%),Africa,Sub-Saharan Africa
BDI,Burundi,2050,bau,bws,Irr,0.097179630748428,161,0,Low (<10%),Africa,Sub-Saharan Africa
NIC,Nicaragua,2030,opt,bws,Liv,0.0970739489291193,154,0,Low (<10%),Americas,Latin America & Caribbean
GMB,Gambia,2030,pes,bws,Dom,0.0969760647729546,160,0,Low (<10%),Africa,Sub-Saharan Africa
BLZ,Belize,2030,bau,bws,Liv,0.0966173300442029,154,0,Low (<10%),Americas,Latin America & Caribbean
PRY,Paraguay,2050,opt,bws,Irr,0.0964537498011694,159,0,Low (<10%),Americas,Latin America & Caribbean
CMR,Cameroon,2050,bau,bws,Liv,0.0934909464287328,158,0,Low (<10%),Africa,Sub-Saharan Africa
CAF,Central African Republic,2030,opt,bws,Irr,0.0931896853343549,157,0,Low (<10%),Africa,Sub-Saharan Africa
SUR,Suriname,2030,pes,bws,Dom,0.0925720540267514,161,0,Low (<10%),Americas,Latin America & Caribbean
PRY,Paraguay,2080,opt,bws,Liv,0.0924473919622438,159,0,Low (<10%),Americas,Latin America & Caribbean
NOR,Norway,2030,bau,bws,One,0.0919842126427891,168,0,Low (<10%),Europe,Europe & Central Asia
COD,Democratic Republic of the Congo,2050,bau,bws,Liv,0.0915696550983435,159,0,Low (<10%),Africa,Sub-Saharan Africa
COD,Democratic Republic of the Congo,2080,opt,bws,Liv,0.0913204820850709,160,0,Low (<10%),Africa,Sub-Saharan Africa
NOR,Norway,2030,opt,bws,One,0.091083175489985,169,0,Low (<10%),Europe,Europe & Central Asia
PRY,Paraguay,2050,opt,bws,Liv,0.0907311794148051,156,0,Low (<10%),Americas,Latin America & Caribbean
BEN,Benin,2030,bau,bws,One,0.0906105308694968,169,0,Low (<10%),Africa,Sub-Saharan Africa
NOR,Norway,2030,pes,bws,One,0.0905788644118607,170,0,Low (<10%),Europe,Europe & Central Asia
HRV,Croatia,2080,opt,bws,Liv,0.090352201278309,161,0,Low (<10%),Europe,Europe & Central Asia
NOR,Norway,2050,pes,bws,Liv,0.0895114533207225,157,0,Low (<10%),Europe,Europe & Central Asia
CMR,Cameroon,2030,bau,bws,One,0.0890880036787594,170,0,Low (<10%),Africa,Sub-Saharan Africa
GMB,Gambia,2030,bau,bws,Dom,0.0890795564113908,159,0,Low (<10%),Africa,Sub-Saharan Africa
CMR,Cameroon,2030,opt,bws,Dom,0.0890663917410971,160,0,Low (<10%),Africa,Sub-Saharan Africa
DJI,Djibouti,2050,pes,bws,One,0.0888919418469829,172,0,Low (<10%),Africa,Middle East & North Africa
HRV,Croatia,2030,pes,bws,Irr,0.088426535461466,157,0,Low (<10%),Europe,Europe & Central Asia
PRY,Paraguay,2080,opt,bws,Tot,0.0879538862398509,171,0,Low (<10%),Americas,Latin America & Caribbean
BLZ,Belize,2050,bau,bws,Dom,0.0877320649166163,163,0,Low (<10%),Americas,Latin America & Caribbean
NOR,Norway,2050,bau,bws,One,0.0874829448179965,173,0,Low (<10%),Europe,Europe & Central Asia
BLZ,Belize,2050,pes,bws,Dom,0.0872403856534667,163,0,Low (<10%),Americas,Latin America & Caribbean
CMR,Cameroon,2030,bau,bws,Tot,0.0871651913295183,166,0,Low (<10%),Africa,Sub-Saharan Africa
BIH,Bosnia and Herzegovina,2050,opt,bws,Irr,0.0869467492384074,160,0,Low (<10%),Europe,Europe & Central Asia
NOR,Norway,2080,opt,bws,Liv,0.0868174618376252,162,0,Low (<10%),Europe,Europe & Central Asia
HRV,Croatia,2030,opt,bws,Irr,0.08679072547758,158,0,Low (<10%),Europe,Europe & Central Asia
SSD,South Sudan,2080,opt,bws,Ind,0.0867853908102875,165,0,Low (<10%),Africa,Sub-Saharan Africa
PRY,Paraguay,2030,opt,bws,Irr,0.08578018217273,159,0,Low (<10%),Americas,Latin America & Caribbean
NZL,New Zealand,2030,opt,bws,One,0.0854531510150718,170,0,Low (<10%),Oceania,East Asia & Pacific
PRY,Paraguay,2030,opt,bws,Liv,0.0852735507062324,155,0,Low (<10%),Americas,Latin America & Caribbean
SSD,South Sudan,2050,bau,bws,Ind,0.0851867988411596,165,0,Low (<10%),Africa,Sub-Saharan Africa
CMR,Cameroon,2080,pes,bws,Dom,0.0841499525936556,166,0,Low (<10%),Africa,Sub-Saharan Africa
COD,Democratic Republic of the Congo,2030,opt,bws,Dom,0.0838947190752715,161,0,Low (<10%),Africa,Sub-Saharan Africa
GIN,Guinea,2030,opt,bws,One,0.0831755349059189,171,0,Low (<10%),Africa,Sub-Saharan Africa
SUR,Suriname,2050,pes,bws,Liv,0.0831199913874951,158,0,Low (<10%),Americas,Latin America & Caribbean
COD,Democratic Republic of the Congo,2050,opt,bws,Dom,0.0831177426047343,164,0,Low (<10%),Africa,Sub-Saharan Africa
BLZ,Belize,2030,opt,bws,Liv,0.0825370507958283,156,0,Low (<10%),Americas,Latin America & Caribbean
GMB,Gambia,2030,pes,bws,Ind,0.0823194909403763,160,0,Low (<10%),Africa,Sub-Saharan Africa
CIV,CÃ´te d'Ivoire,2080,opt,bws,Ind,0.0816781992869425,166,0,Low (<10%),Africa,Sub-Saharan Africa
NOR,Norway,2050,opt,bws,Liv,0.0810170786804709,157,0,Low (<10%),Europe,Europe & Central Asia
TCD,Chad,2080,pes,bws,Ind,0.080834046776522,165,0,Low (<10%),Africa,Sub-Saharan Africa
BIH,Bosnia and Herzegovina,2030,pes,bws,Irr,0.0804961582482073,158,0,Low (<10%),Europe,Europe & Central Asia
NOR,Norway,2080,bau,bws,One,0.0802324717751258,175,0,Low (<10%),Europe,Europe & Central Asia
BEN,Benin,2030,opt,bws,One,0.0802189328603108,172,0,Low (<10%),Africa,Sub-Saharan Africa
COD,Democratic Republic of the Congo,2030,pes,bws,Dom,0.0787999576099348,162,0,Low (<10%),Africa,Sub-Saharan Africa
BIH,Bosnia and Herzegovina,2030,opt,bws,Irr,0.0781117097212186,160,0,Low (<10%),Europe,Europe & Central Asia
BLZ,Belize,2050,pes,bws,Tot,0.0778766476449938,168,0,Low (<10%),Americas,Latin America & Caribbean
CAF,Central African Republic,2030,opt,bws,Tot,0.0778457470008714,167,0,Low (<10%),Africa,Sub-Saharan Africa
BEN,Benin,2030,pes,bws,One,0.0774908438082045,171,0,Low (<10%),Africa,Sub-Saharan Africa
CMR,Cameroon,2050,pes,bws,Liv,0.0770688740601356,159,0,Low (<10%),Africa,Sub-Saharan Africa
BIH,Bosnia and Herzegovina,2080,pes,bws,Irr,0.0769769341225344,160,0,Low (<10%),Europe,Europe & Central Asia
CAF,Central African Republic,2030,bau,bws,Dom,0.0766095479201752,160,0,Low (<10%),Africa,Sub-Saharan Africa
PRY,Paraguay,2050,opt,bws,Tot,0.076423351919533,170,0,Low (<10%),Americas,Latin America & Caribbean
PRY,Paraguay,2050,pes,bws,Liv,0.0761960231020664,160,0,Low (<10%),Americas,Latin America & Caribbean
BDI,Burundi,2030,bau,bws,One,0.0748145153911163,171,0,Low (<10%),Africa,Sub-Saharan Africa
NZL,New Zealand,2030,opt,bws,Ind,0.0741729820383548,159,0,Low (<10%),Oceania,East Asia & Pacific
SUR,Suriname,2080,opt,bws,Liv,0.0738357603360531,163,0,Low (<10%),Americas,Latin America & Caribbean
NZL,New Zealand,2030,opt,bws,Dom,0.0734598134160441,162,0,Low (<10%),Oceania,East Asia & Pacific
CMR,Cameroon,2030,opt,bws,Liv,0.0730422026533739,157,0,Low (<10%),Africa,Sub-Saharan Africa
CAF,Central African Republic,2080,bau,bws,One,0.0728135880465217,176,0,Low (<10%),Africa,Sub-Saharan Africa
COG,Republic of Congo,2080,opt,bws,Liv,0.0722518695688823,164,0,Low (<10%),Africa,Sub-Saharan Africa
DJI,Djibouti,2080,bau,bws,One,0.0714931287254262,177,0,Low (<10%),Africa,Middle East & North Africa
BDI,Burundi,2030,bau,bws,Liv,0.0714643569177395,155,0,Low (<10%),Africa,Sub-Saharan Africa
NIC,Nicaragua,2050,opt,bws,Liv,0.0713358867419805,158,0,Low (<10%),Americas,Latin America & Caribbean
CAF,Central African Republic,2080,bau,bws,Dom,0.0710051268224142,168,0,Low (<10%),Africa,Sub-Saharan Africa
COG,Republic of Congo,2050,bau,bws,Liv,0.0709331869381248,161,0,Low (<10%),Africa,Sub-Saharan Africa
CIV,CÃ´te d'Ivoire,2050,bau,bws,Ind,0.0708201880967327,166,0,Low (<10%),Africa,Sub-Saharan Africa
NZL,New Zealand,2050,bau,bws,Liv,0.0708163571087924,162,0,Low (<10%),Oceania,East Asia & Pacific
COD,Democratic Republic of the Congo,2030,bau,bws,Liv,0.070693320875005,156,0,Low (<10%),Africa,Sub-Saharan Africa
NZL,New Zealand,2050,pes,bws,Liv,0.0705939655887959,161,0,Low (<10%),Oceania,East Asia & Pacific
BIH,Bosnia and Herzegovina,2030,bau,bws,Irr,0.0703904347281183,159,0,Low (<10%),Europe,Europe & Central Asia
COG,Republic of Congo,2080,pes,bws,Liv,0.0703430034654412,162,0,Low (<10%),Africa,Sub-Saharan Africa
COD,Democratic Republic of the Congo,2030,bau,bws,Dom,0.0702205084718031,161,0,Low (<10%),Africa,Sub-Saharan Africa
COG,Republic of Congo,2050,opt,bws,Liv,0.0700857546924652,159,0,Low (<10%),Africa,Sub-Saharan Africa
COG,Republic of Congo,2030,opt,bws,Liv,0.0700857546924639,158,0,Low (<10%),Africa,Sub-Saharan Africa
PRY,Paraguay,2030,pes,bws,Liv,0.0697840093935683,156,0,Low (<10%),Americas,Latin America & Caribbean
BLZ,Belize,2050,pes,bws,Irr,0.0684726078492836,158,0,Low (<10%),Americas,Latin America & Caribbean
CAF,Central African Republic,2050,bau,bws,Dom,0.0682404348399059,164,0,Low (<10%),Africa,Sub-Saharan Africa
CIV,CÃ´te d'Ivoire,2080,opt,bws,Tot,0.0681847938583205,172,0,Low (<10%),Africa,Sub-Saharan Africa
CIV,CÃ´te d'Ivoire,2080,opt,bws,Dom,0.067593192812223,166,0,Low (<10%),Africa,Sub-Saharan Africa
CIV,CÃ´te d'Ivoire,2080,pes,bws,One,0.0663583917652315,173,0,Low (<10%),Africa,Sub-Saharan Africa
CMR,Cameroon,2080,pes,bws,Liv,0.0663538478489834,163,0,Low (<10%),Africa,Sub-Saharan Africa
PRY,Paraguay,2050,bau,bws,Liv,0.0659666540167715,163,0,Low (<10%),Americas,Latin America & Caribbean
NOR,Norway,2030,pes,bws,Liv,0.0654772120631222,157,0,Low (<10%),Europe,Europe & Central Asia
CAF,Central African Republic,2030,pes,bws,One,0.065359477124183,172,0,Low (<10%),Africa,Sub-Saharan Africa
CIV,CÃ´te d'Ivoire,2080,pes,bws,Irr,0.0651834057049122,161,0,Low (<10%),Africa,Sub-Saharan Africa
BIH,Bosnia and Herzegovina,2050,pes,bws,Irr,0.0635590522056367,159,0,Low (<10%),Europe,Europe & Central Asia
COG,Republic of Congo,2030,bau,bws,Liv,0.0634492102970974,157,0,Low (<10%),Africa,Sub-Saharan Africa
NOR,Norway,2030,opt,bws,Liv,0.0633584421786347,159,0,Low (<10%),Europe,Europe & Central Asia
NOR,Norway,2050,bau,bws,Liv,0.0627995016115358,164,0,Low (<10%),Europe,Europe & Central Asia
BDI,Burundi,2030,opt,bws,Ind,0.0627781216566687,160,0,Low (<10%),Africa,Sub-Saharan Africa
NZL,New Zealand,2030,opt,bws,Tot,0.0627384914303777,168,0,Low (<10%),Oceania,East Asia & Pacific
NOR,Norway,2030,bau,bws,Liv,0.0627352854893313,158,0,Low (<10%),Europe,Europe & Central Asia
PRY,Paraguay,2030,opt,bws,Tot,0.0623798325449561,169,0,Low (<10%),Americas,Latin America & Caribbean
BLZ,Belize,2050,opt,bws,Liv,0.0620968549206721,160,0,Low (<10%),Americas,Latin America & Caribbean
BDI,Burundi,2030,bau,bws,Tot,0.062065668228771,167,0,Low (<10%),Africa,Sub-Saharan Africa
DJI,Djibouti,2050,bau,bws,One,0.0616209056997153,174,0,Low (<10%),Africa,Middle East & North Africa
COD,Democratic Republic of the Congo,2030,pes,bws,Liv,0.0614854718815355,158,0,Low (<10%),Africa,Sub-Saharan Africa
COG,Republic of Congo,2030,pes,bws,Liv,0.0614234191556013,159,0,Low (<10%),Africa,Sub-Saharan Africa
COD,Democratic Republic of the Congo,2080,opt,bws,Ind,0.0612742154633451,167,0,Low (<10%),Africa,Sub-Saharan Africa
COD,Democratic Republic of the Congo,2030,opt,bws,Liv,0.0612144499795144,160,0,Low (<10%),Africa,Sub-Saharan Africa
NZL,New Zealand,2030,pes,bws,Liv,0.0610489411776112,160,0,Low (<10%),Oceania,East Asia & Pacific
CMR,Cameroon,2030,bau,bws,Dom,0.0603425010536902,162,0,Low (<10%),Africa,Sub-Saharan Africa
COD,Democratic Republic of the Congo,2080,pes,bws,Liv,0.0601119586587526,164,0,Low (<10%),Africa,Sub-Saharan Africa
COD,Democratic Republic of the Congo,2050,pes,bws,Liv,0.0592309405611191,162,0,Low (<10%),Africa,Sub-Saharan Africa
NOR,Norway,2080,bau,bws,Liv,0.0583007959485709,166,0,Low (<10%),Europe,Europe & Central Asia
NZL,New Zealand,2030,bau,bws,Liv,0.0569399605571193,159,0,Low (<10%),Oceania,East Asia & Pacific
NZL,New Zealand,2050,opt,bws,Liv,0.0569100782881441,161,0,Low (<10%),Oceania,East Asia & Pacific
GMB,Gambia,2050,opt,bws,Ind,0.0569011780752729,162,0,Low (<10%),Africa,Sub-Saharan Africa
COD,Democratic Republic of the Congo,2050,opt,bws,Liv,0.056176951218656,162,0,Low (<10%),Africa,Sub-Saharan Africa
CIV,CÃ´te d'Ivoire,2050,bau,bws,Tot,0.0545587738193816,171,0,Low (<10%),Africa,Sub-Saharan Africa
CIV,CÃ´te d'Ivoire,2080,opt,bws,One,0.0544039569130611,174,0,Low (<10%),Africa,Sub-Saharan Africa
CIV,CÃ´te d'Ivoire,2050,bau,bws,Dom,0.0542960717387609,165,0,Low (<10%),Africa,Sub-Saharan Africa
COG,Republic of Congo,2080,pes,bws,Dom,0.0541440494724203,167,0,Low (<10%),Africa,Sub-Saharan Africa
BLZ,Belize,2030,bau,bws,Ind,0.0534375197335159,160,0,Low (<10%),Americas,Latin America & Caribbean
CMR,Cameroon,2030,pes,bws,Dom,0.0521075980554111,163,0,Low (<10%),Africa,Sub-Saharan Africa
HRV,Croatia,2080,opt,bws,Irr,0.051942544816999,162,0,Low (<10%),Europe,Europe & Central Asia
PRY,Paraguay,2080,pes,bws,Liv,0.0517467088715044,165,0,Low (<10%),Americas,Latin America & Caribbean
CMR,Cameroon,2030,bau,bws,Liv,0.0514850260593033,160,0,Low (<10%),Africa,Sub-Saharan Africa
PRY,Paraguay,2080,pes,bws,Irr,0.0512669054563923,162,0,Low (<10%),Americas,Latin America & Caribbean
UGA,Uganda,2030,bau,bws,Ind,0.0507282109133764,161,0,Low (<10%),Africa,Sub-Saharan Africa
COG,Republic of Congo,2050,pes,bws,Liv,0.0497849006966627,163,0,Low (<10%),Africa,Sub-Saharan Africa
PRY,Paraguay,2050,pes,bws,Irr,0.0495700465486237,160,0,Low (<10%),Americas,Latin America & Caribbean
BLZ,Belize,2050,bau,bws,Tot,0.0485226494087438,172,0,Low (<10%),Americas,Latin America & Caribbean
CMR,Cameroon,2080,opt,bws,Ind,0.048064864545237,168,0,Low (<10%),Africa,Sub-Saharan Africa
DJI,Djibouti,2030,bau,bws,One,0.0477727008148693,172,0,Low (<10%),Africa,Middle East & North Africa
PRY,Paraguay,2030,bau,bws,Liv,0.0473249616334769,161,0,Low (<10%),Americas,Latin America & Caribbean
BDI,Burundi,2030,pes,bws,Ind,0.0470327076867507,161,0,Low (<10%),Africa,Sub-Saharan Africa
BLZ,Belize,2030,opt,bws,Ind,0.0468808459715449,161,0,Low (<10%),Americas,Latin America & Caribbean
COG,Republic of Congo,2080,opt,bws,Dom,0.0464827272371224,168,0,Low (<10%),Africa,Sub-Saharan Africa
CMR,Cameroon,2080,bau,bws,Ind,0.0463412543976544,170,0,Low (<10%),Africa,Sub-Saharan Africa
PRY,Paraguay,2080,bau,bws,Liv,0.0454733097262468,167,0,Low (<10%),Americas,Latin America & Caribbean
COG,Republic of Congo,2050,bau,bws,Dom,0.0450455478098687,167,0,Low (<10%),Africa,Sub-Saharan Africa
COG,Republic of Congo,2080,pes,bws,Tot,0.0434800529127359,171,0,Low (<10%),Africa,Sub-Saharan Africa
COD,Democratic Republic of the Congo,2080,pes,bws,Ind,0.043309297247571,166,0,Low (<10%),Africa,Sub-Saharan Africa
CMR,Cameroon,2030,pes,bws,Liv,0.0423441357453872,161,0,Low (<10%),Africa,Sub-Saharan Africa
GAB,Gabon,2030,pes,bws,One,0.0421639566149423,173,0,Low (<10%),Africa,Sub-Saharan Africa
BDI,Burundi,2030,opt,bws,Irr,0.0414449327165166,161,0,Low (<10%),Africa,Sub-Saharan Africa
BLZ,Belize,2030,bau,bws,Dom,0.0413877385134327,163,0,Low (<10%),Americas,Latin America & Caribbean
GAB,Gabon,2080,bau,bws,One,0.0409456955299923,178,0,Low (<10%),Africa,Sub-Saharan Africa
CIV,CÃ´te d'Ivoire,2080,opt,bws,Irr,0.0408418661528711,163,0,Low (<10%),Africa,Sub-Saharan Africa
BEN,Benin,2080,pes,bws,Irr,0.040497934052007,163,0,Low (<10%),Africa,Sub-Saharan Africa
GAB,Gabon,2050,pes,bws,One,0.0401638948980517,173,0,Low (<10%),Africa,Sub-Saharan Africa
BLZ,Belize,2030,bau,bws,Tot,0.0396903390342045,168,0,Low (<10%),Americas,Latin America & Caribbean
CIV,CÃ´te d'Ivoire,2080,opt,bws,Liv,0.0394098793465181,166,0,Low (<10%),Africa,Sub-Saharan Africa
BLZ,Belize,2030,opt,bws,Tot,0.0391670196560762,170,0,Low (<10%),Americas,Latin America & Caribbean
BLZ,Belize,2030,opt,bws,Irr,0.0381256495427549,162,0,Low (<10%),Americas,Latin America & Caribbean
COG,Republic of Congo,2080,opt,bws,Tot,0.0371688056813726,173,0,Low (<10%),Africa,Sub-Saharan Africa
COG,Republic of Congo,2030,pes,bws,Dom,0.0368051286594342,164,0,Low (<10%),Africa,Sub-Saharan Africa
COG,Republic of Congo,2050,opt,bws,Dom,0.0359488337715323,165,0,Low (<10%),Africa,Sub-Saharan Africa
BLZ,Belize,2030,bau,bws,Irr,0.0358537820158419,160,0,Low (<10%),Americas,Latin America & Caribbean
CMR,Cameroon,2050,opt,bws,Ind,0.0357760696733184,163,0,Low (<10%),Africa,Sub-Saharan Africa
GUY,Guyana,2080,pes,bws,Liv,0.0357520490761526,167,0,Low (<10%),Americas,Latin America & Caribbean
PRY,Paraguay,2080,pes,bws,Tot,0.0356865012076665,173,0,Low (<10%),Americas,Latin America & Caribbean
CAF,Central African Republic,2030,opt,bws,Liv,0.0356718975213147,161,0,Low (<10%),Africa,Sub-Saharan Africa
BLZ,Belize,2030,opt,bws,Dom,0.0355189402033572,163,0,Low (<10%),Americas,Latin America & Caribbean
NZL,New Zealand,2030,opt,bws,Irr,0.0354002195917785,163,0,Low (<10%),Oceania,East Asia & Pacific
CIV,CÃ´te d'Ivoire,2050,bau,bws,One,0.035274062308438,175,0,Low (<10%),Africa,Sub-Saharan Africa
COG,Republic of Congo,2050,pes,bws,Dom,0.0352116004656931,164,0,Low (<10%),Africa,Sub-Saharan Africa
PRY,Paraguay,2050,pes,bws,Tot,0.0350549151395864,169,0,Low (<10%),Americas,Latin America & Caribbean
SSD,South Sudan,2080,bau,bws,Ind,0.0347654143014036,171,0,Low (<10%),Africa,Sub-Saharan Africa
BEN,Benin,2080,bau,bws,Irr,0.0346347001431033,165,0,Low (<10%),Africa,Sub-Saharan Africa
GAB,Gabon,2050,opt,bws,Ind,0.0337847680766446,164,0,Low (<10%),Africa,Sub-Saharan Africa
BLZ,Belize,2050,opt,bws,Ind,0.0337594264004587,165,0,Low (<10%),Americas,Latin America & Caribbean
DJI,Djibouti,2050,opt,bws,Irr,0.0337236877798613,161,0,Low (<10%),Africa,Middle East & North Africa
BLZ,Belize,2050,bau,bws,Irr,0.0335345900705174,162,0,Low (<10%),Americas,Latin America & Caribbean
SUR,Suriname,2030,opt,bws,Liv,0.0328775455386288,162,0,Low (<10%),Americas,Latin America & Caribbean
GUY,Guyana,2080,bau,bws,Liv,0.0327688176533114,168,0,Low (<10%),Americas,Latin America & Caribbean
COG,Republic of Congo,2030,bau,bws,Dom,0.0327383245757291,164,0,Low (<10%),Africa,Sub-Saharan Africa
GUY,Guyana,2050,pes,bws,Liv,0.032311943291016,164,0,Low (<10%),Americas,Latin America & Caribbean
BDI,Burundi,2030,pes,bws,Irr,0.0319980512607718,159,0,Low (<10%),Africa,Sub-Saharan Africa
GUY,Guyana,2050,opt,bws,Liv,0.0319761445304408,163,0,Low (<10%),Americas,Latin America & Caribbean
GUY,Guyana,2050,bau,bws,Liv,0.0314940565926863,165,0,Low (<10%),Americas,Latin America & Caribbean
GAB,Gabon,2050,opt,bws,One,0.0313718388890148,174,0,Low (<10%),Africa,Sub-Saharan Africa
GUY,Guyana,2030,bau,bws,Liv,0.0313467928705831,162,0,Low (<10%),Americas,Latin America & Caribbean
SUR,Suriname,2030,bau,bws,Liv,0.0308361458062334,163,0,Low (<10%),Americas,Latin America & Caribbean
SUR,Suriname,2050,opt,bws,Liv,0.0305112687165807,164,0,Low (<10%),Americas,Latin America & Caribbean
CMR,Cameroon,2050,bau,bws,Ind,0.030235891679982,167,0,Low (<10%),Africa,Sub-Saharan Africa
GUY,Guyana,2030,pes,bws,Liv,0.0300244390848389,162,0,Low (<10%),Americas,Latin America & Caribbean
CMR,Cameroon,2050,pes,bws,Ind,0.0300168701237768,163,0,Low (<10%),Africa,Sub-Saharan Africa
COG,Republic of Congo,2030,pes,bws,Tot,0.0299699570525075,169,0,Low (<10%),Africa,Sub-Saharan Africa
GUY,Guyana,2030,opt,bws,Liv,0.02993419126999,163,0,Low (<10%),Americas,Latin America & Caribbean
GUY,Guyana,2080,opt,bws,Liv,0.0293277432287782,167,0,Low (<10%),Americas,Latin America & Caribbean
UGA,Uganda,2030,opt,bws,Ind,0.0292106417912691,162,0,Low (<10%),Africa,Sub-Saharan Africa
COG,Republic of Congo,2050,opt,bws,Tot,0.0291601621056719,171,0,Low (<10%),Africa,Sub-Saharan Africa
CIV,CÃ´te d'Ivoire,2050,bau,bws,Liv,0.0288448676529778,166,0,Low (<10%),Africa,Sub-Saharan Africa
COG,Republic of Congo,2050,pes,bws,Tot,0.0284220778774025,170,0,Low (<10%),Africa,Sub-Saharan Africa
SUR,Suriname,2030,pes,bws,Liv,0.0282821696685374,163,0,Low (<10%),Americas,Latin America & Caribbean
DJI,Djibouti,2050,bau,bws,Irr,0.02820714189595,163,0,Low (<10%),Africa,Middle East & North Africa
DJI,Djibouti,2050,bau,bws,Liv,0.0280746376007769,167,0,Low (<10%),Africa,Middle East & North Africa
COG,Republic of Congo,2030,bau,bws,Tot,0.0280515943910572,169,0,Low (<10%),Africa,Sub-Saharan Africa
BEN,Benin,2050,pes,bws,Irr,0.027095806465708,161,0,Low (<10%),Africa,Sub-Saharan Africa
CIV,CÃ´te d'Ivoire,2050,bau,bws,Irr,0.0270545438434757,164,0,Low (<10%),Africa,Sub-Saharan Africa
UGA,Uganda,2030,pes,bws,Ind,0.0269072451625796,162,0,Low (<10%),Africa,Sub-Saharan Africa
BLZ,Belize,2050,opt,bws,Dom,0.0265510115514656,166,0,Low (<10%),Americas,Latin America & Caribbean
BLZ,Belize,2050,opt,bws,Tot,0.0263628576698016,172,0,Low (<10%),Americas,Latin America & Caribbean
CIV,CÃ´te d'Ivoire,2050,opt,bws,Liv,0.0260597634857558,165,0,Low (<10%),Africa,Sub-Saharan Africa
DJI,Djibouti,2050,bau,bws,Tot,0.0246254519800676,173,0,Low (<10%),Africa,Middle East & North Africa
BLZ,Belize,2050,opt,bws,Irr,0.0244647897581214,162,0,Low (<10%),Americas,Latin America & Caribbean
BEN,Benin,2050,opt,bws,Irr,0.0244526852405441,163,0,Low (<10%),Africa,Sub-Saharan Africa
DJI,Djibouti,2080,pes,bws,One,0.0243994703713682,175,0,Low (<10%),Africa,Middle East & North Africa
DJI,Djibouti,2050,bau,bws,Dom,0.0240100071955185,168,0,Low (<10%),Africa,Middle East & North Africa
BDI,Burundi,2030,bau,bws,Ind,0.0234587076570571,162,0,Low (<10%),Africa,Sub-Saharan Africa
COG,Republic of Congo,2030,opt,bws,Dom,0.023332110046082,164,0,Low (<10%),Africa,Sub-Saharan Africa
PRY,Paraguay,2030,pes,bws,Irr,0.0224512963580753,160,0,Low (<10%),Americas,Latin America & Caribbean
CMR,Cameroon,2030,opt,bws,Ind,0.0224503952340121,163,0,Low (<10%),Africa,Sub-Saharan Africa
CMR,Cameroon,2080,pes,bws,Ind,0.0222974531118785,168,0,Low (<10%),Africa,Sub-Saharan Africa
CAF,Central African Republic,2030,pes,bws,Liv,0.0218682230453858,164,0,Low (<10%),Africa,Sub-Saharan Africa
BEN,Benin,2050,bau,bws,Irr,0.0218260375254348,165,0,Low (<10%),Africa,Sub-Saharan Africa
CIV,CÃ´te d'Ivoire,2050,pes,bws,Dom,0.0215185082453313,165,0,Low (<10%),Africa,Sub-Saharan Africa
CIV,CÃ´te d'Ivoire,2050,pes,bws,Tot,0.0211877622311757,171,0,Low (<10%),Africa,Sub-Saharan Africa
CAF,Central African Republic,2030,opt,bws,Dom,0.0210126973269004,165,0,Low (<10%),Africa,Sub-Saharan Africa
GAB,Gabon,2050,opt,bws,Liv,0.0209441621676695,166,0,Low (<10%),Africa,Sub-Saharan Africa
DJI,Djibouti,2050,bau,bws,Ind,0.020887573803644,168,0,Low (<10%),Africa,Middle East & North Africa
RWA,Rwanda,2030,opt,bws,Ind,0.0208531647452901,164,0,Low (<10%),Africa,Sub-Saharan Africa
COG,Republic of Congo,2030,opt,bws,Tot,0.020827881360186,171,0,Low (<10%),Africa,Sub-Saharan Africa
GAB,Gabon,2030,opt,bws,One,0.0201794999204237,173,0,Low (<10%),Africa,Sub-Saharan Africa
DJI,Djibouti,2050,pes,bws,Irr,0.0195452906555348,162,0,Low (<10%),Africa,Middle East & North Africa
DJI,Djibouti,2050,opt,bws,Tot,0.0194210219776106,173,0,Low (<10%),Africa,Middle East & North Africa
CIV,CÃ´te d'Ivoire,2050,pes,bws,Ind,0.0193176663770744,164,0,Low (<10%),Africa,Sub-Saharan Africa
DJI,Djibouti,2080,bau,bws,Irr,0.0179471106006522,166,0,Low (<10%),Africa,Middle East & North Africa
DJI,Djibouti,2050,opt,bws,Dom,0.0177243162166677,167,0,Low (<10%),Africa,Middle East & North Africa
CMR,Cameroon,2030,pes,bws,Ind,0.0170233924838419,163,0,Low (<10%),Africa,Sub-Saharan Africa
PRY,Paraguay,2030,pes,bws,Tot,0.0168681303109165,170,0,Low (<10%),Americas,Latin America & Caribbean
PRY,Paraguay,2080,opt,bws,Dom,0.0166971328479075,169,0,Low (<10%),Americas,Latin America & Caribbean
CMR,Cameroon,2030,bau,bws,Ind,0.0162190312543653,163,0,Low (<10%),Africa,Sub-Saharan Africa
PRY,Paraguay,2080,opt,bws,Ind,0.0161634135399603,169,0,Low (<10%),Americas,Latin America & Caribbean
RWA,Rwanda,2030,opt,bws,Dom,0.0156250758195005,166,0,Low (<10%),Africa,Sub-Saharan Africa
NZL,New Zealand,2030,opt,bws,Liv,0.0155799055783377,164,0,Low (<10%),Oceania,East Asia & Pacific
BDI,Burundi,2030,bau,bws,Irr,0.0154157817521249,161,0,Low (<10%),Africa,Sub-Saharan Africa
BEN,Benin,2030,pes,bws,Irr,0.0144006488075454,161,0,Low (<10%),Africa,Sub-Saharan Africa
COG,Republic of Congo,2030,opt,bws,Ind,0.0143360521177811,165,0,Low (<10%),Africa,Sub-Saharan Africa
SSD,South Sudan,2050,pes,bws,Ind,0.0141970270632519,165,0,Low (<10%),Africa,Sub-Saharan Africa
RWA,Rwanda,2030,opt,bws,Tot,0.0139841308110624,172,0,Low (<10%),Africa,Sub-Saharan Africa
CIV,CÃ´te d'Ivoire,2050,opt,bws,Irr,0.0139823626867638,164,0,Low (<10%),Africa,Sub-Saharan Africa
PRY,Paraguay,2050,opt,bws,Dom,0.0139268763887621,168,0,Low (<10%),Americas,Latin America & Caribbean
BEN,Benin,2030,bau,bws,Irr,0.0137478344577873,162,0,Low (<10%),Africa,Sub-Saharan Africa
CIV,CÃ´te d'Ivoire,2050,pes,bws,One,0.0136096501709904,174,0,Low (<10%),Africa,Sub-Saharan Africa
PRY,Paraguay,2050,opt,bws,Ind,0.0134250488841861,166,0,Low (<10%),Americas,Latin America & Caribbean
BEN,Benin,2030,opt,bws,Irr,0.0132802077150902,164,0,Low (<10%),Africa,Sub-Saharan Africa
COD,Democratic Republic of the Congo,2050,pes,bws,Ind,0.0127850636009254,166,0,Low (<10%),Africa,Sub-Saharan Africa
DJI,Djibouti,2050,pes,bws,Tot,0.011756600072043,172,0,Low (<10%),Africa,Middle East & North Africa
COG,Republic of Congo,2030,bau,bws,Ind,0.0115912134350091,164,0,Low (<10%),Africa,Sub-Saharan Africa
COD,Democratic Republic of the Congo,2050,bau,bws,Ind,0.0115499016491038,169,0,Low (<10%),Africa,Sub-Saharan Africa
CAF,Central African Republic,2030,pes,bws,Dom,0.0114837031556965,165,0,Low (<10%),Africa,Sub-Saharan Africa
DJI,Djibouti,2050,pes,bws,Dom,0.0110819652522801,167,0,Low (<10%),Africa,Middle East & North Africa
RWA,Rwanda,2030,opt,bws,One,0.010649296840331,174,0,Low (<10%),Africa,Sub-Saharan Africa
COG,Republic of Congo,2030,pes,bws,Ind,0.0104720070063641,164,0,Low (<10%),Africa,Sub-Saharan Africa
CIV,CÃ´te d'Ivoire,2050,opt,bws,Ind,0.0103300650005317,167,0,Low (<10%),Africa,Sub-Saharan Africa
CIV,CÃ´te d'Ivoire,2050,pes,bws,Irr,0.0102396700677688,163,0,Low (<10%),Africa,Sub-Saharan Africa
COD,Democratic Republic of the Congo,2050,opt,bws,Ind,0.00998192514088275,168,0,Low (<10%),Africa,Sub-Saharan Africa
DJI,Djibouti,2030,bau,bws,Irr,0.00994669325946629,163,0,Low (<10%),Africa,Middle East & North Africa
CIV,CÃ´te d'Ivoire,2050,opt,bws,Dom,0.00970731691814272,170,0,Low (<10%),Africa,Sub-Saharan Africa
DJI,Djibouti,2080,bau,bws,Tot,0.0095744199067484,175,0,Low (<10%),Africa,Middle East & North Africa
CIV,CÃ´te d'Ivoire,2050,opt,bws,Tot,0.00953752741414497,174,0,Low (<10%),Africa,Sub-Saharan Africa
RWA,Rwanda,2030,opt,bws,Liv,0.00939897205158541,165,0,Low (<10%),Africa,Sub-Saharan Africa
COD,Democratic Republic of the Congo,2030,pes,bws,Ind,0.00900106680556334,165,0,Low (<10%),Africa,Sub-Saharan Africa
SLE,Sierra Leone,2080,pes,bws,Liv,0.00896424219551016,168,0,Low (<10%),Africa,Sub-Saharan Africa
DJI,Djibouti,2080,bau,bws,Dom,0.00890140569131326,169,0,Low (<10%),Africa,Middle East & North Africa
PRY,Paraguay,2030,opt,bws,Dom,0.00878294969522461,168,0,Low (<10%),Americas,Latin America & Caribbean
PRY,Paraguay,2050,pes,bws,Ind,0.00842211706176578,167,0,Low (<10%),Americas,Latin America & Caribbean
CIV,CÃ´te d'Ivoire,2050,pes,bws,Liv,0.00756260232805019,165,0,Low (<10%),Africa,Sub-Saharan Africa
PRY,Paraguay,2050,pes,bws,Dom,0.00753934541200365,168,0,Low (<10%),Americas,Latin America & Caribbean
COG,Republic of Congo,2050,bau,bws,Ind,0.00738711610041934,170,0,Low (<10%),Africa,Sub-Saharan Africa
PRY,Paraguay,2080,pes,bws,Ind,0.00696060168942054,169,0,Low (<10%),Americas,Latin America & Caribbean
COG,Republic of Congo,2050,opt,bws,Ind,0.00693655436956997,169,0,Low (<10%),Africa,Sub-Saharan Africa
CIV,CÃ´te d'Ivoire,2050,opt,bws,One,0.00684588385837645,175,0,Low (<10%),Africa,Sub-Saharan Africa
DJI,Djibouti,2030,bau,bws,Tot,0.00649843643599397,170,0,Low (<10%),Africa,Middle East & North Africa
GAB,Gabon,2080,bau,bws,Dom,0.00644173287416556,170,0,Low (<10%),Africa,Sub-Saharan Africa
DJI,Djibouti,2030,bau,bws,Dom,0.0064194073168786,166,0,Low (<10%),Africa,Middle East & North Africa
COG,Republic of Congo,2080,bau,bws,Ind,0.00637020580684871,172,0,Low (<10%),Africa,Sub-Saharan Africa
PRY,Paraguay,2030,opt,bws,Ind,0.00627708285601493,166,0,Low (<10%),Americas,Latin America & Caribbean
CAF,Central African Republic,2050,pes,bws,One,0.00623944883198084,175,0,Low (<10%),Africa,Sub-Saharan Africa
JAM,Jamaica,2050,bau,bws,Tot,0.0056713420652632,174,0,Low (<10%),Americas,Latin America & Caribbean
JAM,Jamaica,2050,bau,bws,One,0.0056713420652632,176,0,Low (<10%),Americas,Latin America & Caribbean
JAM,Jamaica,2050,bau,bws,Liv,0.0056713420652632,168,0,Low (<10%),Americas,Latin America & Caribbean
JAM,Jamaica,2050,bau,bws,Ind,0.0056713420652632,171,0,Low (<10%),Americas,Latin America & Caribbean
JAM,Jamaica,2050,bau,bws,Dom,0.0056713420652632,169,0,Low (<10%),Americas,Latin America & Caribbean
JAM,Jamaica,2050,bau,bws,Irr,0.00567134206526319,166,0,Low (<10%),Americas,Latin America & Caribbean
PRY,Paraguay,2080,pes,bws,Dom,0.0056186265848127,169,0,Low (<10%),Americas,Latin America & Caribbean
DJI,Djibouti,2050,opt,bws,Liv,0.00554685840722799,167,0,Low (<10%),Africa,Middle East & North Africa
DJI,Djibouti,2080,pes,bws,Irr,0.00539349450831269,164,0,Low (<10%),Africa,Middle East & North Africa
CAF,Central African Republic,2030,pes,bws,Tot,0.00533066149551959,171,0,Low (<10%),Africa,Sub-Saharan Africa
GAB,Gabon,2080,bau,bws,Tot,0.00508878310697244,176,0,Low (<10%),Africa,Sub-Saharan Africa
SLE,Sierra Leone,2080,pes,bws,One,0.00458493137258612,176,0,Low (<10%),Africa,Sub-Saharan Africa
PRY,Paraguay,2030,pes,bws,Ind,0.00437282632233158,166,0,Low (<10%),Americas,Latin America & Caribbean
COG,Republic of Congo,2080,pes,bws,Ind,0.0042571443847977,170,0,Low (<10%),Africa,Sub-Saharan Africa
PRY,Paraguay,2030,pes,bws,Dom,0.00423953070426534,167,0,Low (<10%),Americas,Latin America & Caribbean
COG,Republic of Congo,2080,opt,bws,Ind,0.00423674839968022,170,0,Low (<10%),Africa,Sub-Saharan Africa
BIH,Bosnia and Herzegovina,2080,opt,bws,Irr,0.00384544939095623,164,0,Low (<10%),Europe,Europe & Central Asia
DJI,Djibouti,2050,pes,bws,Liv,0.00364284247198911,166,0,Low (<10%),Africa,Middle East & North Africa
COG,Republic of Congo,2050,pes,bws,Ind,0.0036069011303081,168,0,Low (<10%),Africa,Sub-Saharan Africa
SLE,Sierra Leone,2080,pes,bws,Irr,0.00346785831047489,165,0,Low (<10%),Africa,Sub-Saharan Africa
CAF,Central African Republic,2050,pes,bws,Liv,0.00336914365159661,167,0,Low (<10%),Africa,Sub-Saharan Africa
DJI,Djibouti,2080,pes,bws,Tot,0.00334686217179172,174,0,Low (<10%),Africa,Middle East & North Africa
DJI,Djibouti,2080,pes,bws,Dom,0.00323849823474519,170,0,Low (<10%),Africa,Middle East & North Africa
SLE,Sierra Leone,2080,pes,bws,Tot,0.00308718958676965,175,0,Low (<10%),Africa,Sub-Saharan Africa
SLE,Sierra Leone,2080,pes,bws,Dom,0.00300885359293374,171,0,Low (<10%),Africa,Sub-Saharan Africa
DJI,Djibouti,2080,bau,bws,Liv,0.00292982918771963,169,0,Low (<10%),Africa,Middle East & North Africa
PRY,Paraguay,2080,bau,bws,Dom,0.00215119685261979,171,0,Low (<10%),Americas,Latin America & Caribbean
RWA,Rwanda,2030,opt,bws,Irr,0.00213049526967958,165,0,Low (<10%),Africa,Sub-Saharan Africa
DJI,Djibouti,2030,bau,bws,Liv,0.00195775252417821,164,0,Low (<10%),Africa,Middle East & North Africa
GAB,Gabon,2050,pes,bws,Dom,0.00178303019967485,169,0,Low (<10%),Africa,Sub-Saharan Africa
CAF,Central African Republic,2080,pes,bws,One,0.00156427750718126,177,0,Low (<10%),Africa,Sub-Saharan Africa
PRY,Paraguay,2080,bau,bws,Tot,0.00148032715157286,177,0,Low (<10%),Americas,Latin America & Caribbean
PRY,Paraguay,2050,bau,bws,Tot,0.00141095641731978,175,0,Low (<10%),Americas,Latin America & Caribbean
GAB,Gabon,2050,pes,bws,Tot,0.00128604475900128,173,0,Low (<10%),Africa,Sub-Saharan Africa
PRY,Paraguay,2050,bau,bws,Dom,0.00117671447027028,170,0,Low (<10%),Americas,Latin America & Caribbean
PRY,Paraguay,2050,bau,bws,Irr,0.00109554132674742,167,0,Low (<10%),Americas,Latin America & Caribbean
DJI,Djibouti,2080,pes,bws,Liv,0.000999904210843573,169,0,Low (<10%),Africa,Middle East & North Africa
CAF,Central African Republic,2050,pes,bws,Dom,0.000860051782213708,170,0,Low (<10%),Africa,Sub-Saharan Africa
CAF,Central African Republic,2080,pes,bws,Liv,0.000844670062144248,170,0,Low (<10%),Africa,Sub-Saharan Africa
PRY,Paraguay,2080,bau,bws,Ind,0.000770036805239436,173,0,Low (<10%),Americas,Latin America & Caribbean
CIV,CÃ´te d'Ivoire,2030,bau,bws,Irr,0.000754367398621103,164,0,Low (<10%),Africa,Sub-Saharan Africa
COD,Democratic Republic of the Congo,2030,bau,bws,Ind,0.000717470942964126,166,0,Low (<10%),Africa,Sub-Saharan Africa
CIV,CÃ´te d'Ivoire,2030,bau,bws,One,0.000606762753225601,173,0,Low (<10%),Africa,Sub-Saharan Africa
SSD,South Sudan,2030,bau,bws,Ind,0.000590732716004377,167,0,Low (<10%),Africa,Sub-Saharan Africa
CAF,Central African Republic,2050,pes,bws,Tot,0.000577073580873682,174,0,Low (<10%),Africa,Sub-Saharan Africa
COD,Democratic Republic of the Congo,2030,opt,bws,Ind,0.00049066142709704,168,0,Low (<10%),Africa,Sub-Saharan Africa
PRY,Paraguay,2030,bau,bws,Tot,0.000488327281090692,171,0,Low (<10%),Americas,Latin America & Caribbean
CIV,CÃ´te d'Ivoire,2030,bau,bws,Liv,0.000351868333461242,165,0,Low (<10%),Africa,Sub-Saharan Africa
PRY,Paraguay,2050,bau,bws,Ind,0.000314262898036838,173,0,Low (<10%),Americas,Latin America & Caribbean
CIV,CÃ´te d'Ivoire,2030,bau,bws,Dom,0.000291702026190389,167,0,Low (<10%),Africa,Sub-Saharan Africa
CIV,CÃ´te d'Ivoire,2030,bau,bws,Tot,0.000291256441860523,172,0,Low (<10%),Africa,Sub-Saharan Africa
PRY,Paraguay,2030,bau,bws,Dom,0.000277348270597837,168,0,Low (<10%),Americas,Latin America & Caribbean
GAB,Gabon,2030,pes,bws,Dom,0.000199271496069902,168,0,Low (<10%),Africa,Sub-Saharan Africa
CAF,Central African Republic,2080,pes,bws,Dom,0.000167148634513791,172,0,Low (<10%),Africa,Sub-Saharan Africa
CAF,Central African Republic,2080,pes,bws,Tot,0.000134543041150961,176,0,Low (<10%),Africa,Sub-Saharan Africa
GAB,Gabon,2030,pes,bws,Tot,0.000125951071391789,172,0,Low (<10%),Africa,Sub-Saharan Africa
GAB,Gabon,2030,opt,bws,Dom,9.44220774483768e-05,169,0,Low (<10%),Africa,Sub-Saharan Africa
PRY,Paraguay,2080,bau,bws,Irr,8.96695280637719e-05,167,0,Low (<10%),Americas,Latin America & Caribbean
GAB,Gabon,2030,pes,bws,Liv,6.67423237113315e-05,166,0,Low (<10%),Africa,Sub-Saharan Africa
GAB,Gabon,2030,opt,bws,Tot,6.00746508279962e-05,173,0,Low (<10%),Africa,Sub-Saharan Africa
GAB,Gabon,2080,bau,bws,Ind,4.34123088799399e-05,174,0,Low (<10%),Africa,Sub-Saharan Africa
PRY,Paraguay,2030,bau,bws,Irr,3.51137805669979e-05,165,0,Low (<10%),Americas,Latin America & Caribbean
GAB,Gabon,2030,opt,bws,Liv,3.19684673754073e-05,167,0,Low (<10%),Africa,Sub-Saharan Africa
CIV,CÃ´te d'Ivoire,2030,bau,bws,Ind,6.4207400579506e-06,168,0,Low (<10%),Africa,Sub-Saharan Africa
IRL,Ireland,2080,pes,bws,Irr,1.97821771328971e-07,166,0,Low (<10%),Europe,Europe & Central Asia
IRL,Ireland,2050,pes,bws,Irr,1.55019851431348e-07,164,0,Low (<10%),Europe,Europe & Central Asia
IRL,Ireland,2030,pes,bws,Irr,1.47587682118634e-07,162,0,Low (<10%),Europe,Europe & Central Asia
IRL,Ireland,2030,opt,bws,Irr,3.09854787093398e-08,166,0,Low (<10%),Europe,Europe & Central Asia
IRL,Ireland,2030,bau,bws,Irr,1.43910769928819e-08,166,0,Low (<10%),Europe,Europe & Central Asia
IRL,Ireland,2050,opt,bws,Irr,1.32743748155779e-09,165,0,Low (<10%),Europe,Europe & Central Asia
IRL,Ireland,2050,bau,bws,Irr,1.12948125349777e-09,168,0,Low (<10%),Europe,Europe & Central Asia
IRL,Ireland,2080,bau,bws,Irr,1.06351396037084e-09,168,0,Low (<10%),Europe,Europe & Central Asia
IRL,Ireland,2080,opt,bws,Irr,8.57815599038916e-10,165,0,Low (<10%),Europe,Europe & Central Asia
BRN,Brunei,2030,opt,bws,Tot,0,183,0,Low (<10%),Asia,East Asia & Pacific
BRN,Brunei,2030,bau,bws,Tot,0,182.5,0,Low (<10%),Asia,East Asia & Pacific
BRN,Brunei,2030,pes,bws,Tot,0,182.5,0,Low (<10%),Asia,East Asia & Pacific
BRN,Brunei,2050,opt,bws,Tot,0,183.5,0,Low (<10%),Asia,East Asia & Pacific
BRN,Brunei,2050,bau,bws,Tot,0,184,0,Low (<10%),Asia,East Asia & Pacific
BRN,Brunei,2050,pes,bws,Tot,0,183.5,0,Low (<10%),Asia,East Asia & Pacific
BRN,Brunei,2080,opt,bws,Tot,0,183,0,Low (<10%),Asia,East Asia & Pacific
BRN,Brunei,2080,bau,bws,Tot,0,185,0,Low (<10%),Asia,East Asia & Pacific
BRN,Brunei,2080,pes,bws,Tot,0,184.5,0,Low (<10%),Asia,East Asia & Pacific
CIV,CÃ´te d'Ivoire,2030,opt,bws,Tot,0,183,0,Low (<10%),Africa,Sub-Saharan Africa
CIV,CÃ´te d'Ivoire,2030,pes,bws,Tot,0,182.5,0,Low (<10%),Africa,Sub-Saharan Africa
GAB,Gabon,2030,bau,bws,Tot,0,182.5,0,Low (<10%),Africa,Sub-Saharan Africa
GAB,Gabon,2050,bau,bws,Tot,0,184,0,Low (<10%),Africa,Sub-Saharan Africa
GAB,Gabon,2080,opt,bws,Tot,0,183,0,Low (<10%),Africa,Sub-Saharan Africa
GAB,Gabon,2080,pes,bws,Tot,0,184.5,0,Low (<10%),Africa,Sub-Saharan Africa
GNQ,Equatorial Guinea,2030,opt,bws,Tot,0,183,0,Low (<10%),Africa,Sub-Saharan Africa
GNQ,Equatorial Guinea,2030,bau,bws,Tot,0,182.5,0,Low (<10%),Africa,Sub-Saharan Africa
GNQ,Equatorial Guinea,2030,pes,bws,Tot,0,182.5,0,Low (<10%),Africa,Sub-Saharan Africa
GNQ,Equatorial Guinea,2050,opt,bws,Tot,0,183.5,0,Low (<10%),Africa,Sub-Saharan Africa
GNQ,Equatorial Guinea,2050,bau,bws,Tot,0,184,0,Low (<10%),Africa,Sub-Saharan Africa
GNQ,Equatorial Guinea,2050,pes,bws,Tot,0,183.5,0,Low (<10%),Africa,Sub-Saharan Africa
GNQ,Equatorial Guinea,2080,opt,bws,Tot,0,183,0,Low (<10%),Africa,Sub-Saharan Africa
GNQ,Equatorial Guinea,2080,bau,bws,Tot,0,185,0,Low (<10%),Africa,Sub-Saharan Africa
GNQ,Equatorial Guinea,2080,pes,bws,Tot,0,184.5,0,Low (<10%),Africa,Sub-Saharan Africa
ISL,Iceland,2030,opt,bws,Tot,0,183,0,Low (<10%),Europe,Europe & Central Asia
ISL,Iceland,2030,bau,bws,Tot,0,182.5,0,Low (<10%),Europe,Europe & Central Asia
ISL,Iceland,2030,pes,bws,Tot,0,182.5,0,Low (<10%),Europe,Europe & Central Asia
ISL,Iceland,2050,opt,bws,Tot,0,183.5,0,Low (<10%),Europe,Europe & Central Asia
ISL,Iceland,2050,bau,bws,Tot,0,184,0,Low (<10%),Europe,Europe & Central Asia
ISL,Iceland,2050,pes,bws,Tot,0,183.5,0,Low (<10%),Europe,Europe & Central Asia
ISL,Iceland,2080,opt,bws,Tot,0,183,0,Low (<10%),Europe,Europe & Central Asia
ISL,Iceland,2080,bau,bws,Tot,0,185,0,Low (<10%),Europe,Europe & Central Asia
ISL,Iceland,2080,pes,bws,Tot,0,184.5,0,Low (<10%),Europe,Europe & Central Asia
JAM,Jamaica,2030,opt,bws,Tot,0,183,0,Low (<10%),Americas,Latin America & Caribbean
JAM,Jamaica,2030,bau,bws,Tot,0,182.5,0,Low (<10%),Americas,Latin America & Caribbean
JAM,Jamaica,2030,pes,bws,Tot,0,182.5,0,Low (<10%),Americas,Latin America & Caribbean
JAM,Jamaica,2050,opt,bws,Tot,0,183.5,0,Low (<10%),Americas,Latin America & Caribbean
JAM,Jamaica,2050,pes,bws,Tot,0,183.5,0,Low (<10%),Americas,Latin America & Caribbean
JAM,Jamaica,2080,opt,bws,Tot,0,183,0,Low (<10%),Americas,Latin America & Caribbean
LBR,Liberia,2030,opt,bws,Tot,0,183,0,Low (<10%),Africa,Sub-Saharan Africa
LBR,Liberia,2030,bau,bws,Tot,0,182.5,0,Low (<10%),Africa,Sub-Saharan Africa
LBR,Liberia,2030,pes,bws,Tot,0,182.5,0,Low (<10%),Africa,Sub-Saharan Africa
LBR,Liberia,2050,opt,bws,Tot,0,183.5,0,Low (<10%),Africa,Sub-Saharan Africa
LBR,Liberia,2050,bau,bws,Tot,0,184,0,Low (<10%),Africa,Sub-Saharan Africa
LBR,Liberia,2050,pes,bws,Tot,0,183.5,0,Low (<10%),Africa,Sub-Saharan Africa
LBR,Liberia,2080,opt,bws,Tot,0,183,0,Low (<10%),Africa,Sub-Saharan Africa
LBR,Liberia,2080,bau,bws,Tot,0,185,0,Low (<10%),Africa,Sub-Saharan Africa
LBR,Liberia,2080,pes,bws,Tot,0,184.5,0,Low (<10%),Africa,Sub-Saharan Africa
PNG,Papua New Guinea,2030,opt,bws,Tot,0,183,0,Low (<10%),Oceania,East Asia & Pacific
PNG,Papua New Guinea,2030,bau,bws,Tot,0,182.5,0,Low (<10%),Oceania,East Asia & Pacific
PNG,Papua New Guinea,2030,pes,bws,Tot,0,182.5,0,Low (<10%),Oceania,East Asia & Pacific
PNG,Papua New Guinea,2050,opt,bws,Tot,0,183.5,0,Low (<10%),Oceania,East Asia & Pacific
PNG,Papua New Guinea,2050,bau,bws,Tot,0,184,0,Low (<10%),Oceania,East Asia & Pacific
PNG,Papua New Guinea,2050,pes,bws,Tot,0,183.5,0,Low (<10%),Oceania,East Asia & Pacific
PNG,Papua New Guinea,2080,opt,bws,Tot,0,183,0,Low (<10%),Oceania,East Asia & Pacific
PNG,Papua New Guinea,2080,bau,bws,Tot,0,185,0,Low (<10%),Oceania,East Asia & Pacific
PNG,Papua New Guinea,2080,pes,bws,Tot,0,184.5,0,Low (<10%),Oceania,East Asia & Pacific
RWA,Rwanda,2030,bau,bws,Tot,0,182.5,0,Low (<10%),Africa,Sub-Saharan Africa
RWA,Rwanda,2030,pes,bws,Tot,0,182.5,0,Low (<10%),Africa,Sub-Saharan Africa
SLE,Sierra Leone,2030,opt,bws,Tot,0,183,0,Low (<10%),Africa,Sub-Saharan Africa
SLE,Sierra Leone,2030,bau,bws,Tot,0,182.5,0,Low (<10%),Africa,Sub-Saharan Africa
SLE,Sierra Leone,2030,pes,bws,Tot,0,182.5,0,Low (<10%),Africa,Sub-Saharan Africa
SLE,Sierra Leone,2050,opt,bws,Tot,0,183.5,0,Low (<10%),Africa,Sub-Saharan Africa
SLE,Sierra Leone,2050,bau,bws,Tot,0,184,0,Low (<10%),Africa,Sub-Saharan Africa
SLE,Sierra Leone,2050,pes,bws,Tot,0,183.5,0,Low (<10%),Africa,Sub-Saharan Africa
SLE,Sierra Leone,2080,opt,bws,Tot,0,183,0,Low (<10%),Africa,Sub-Saharan Africa
SLE,Sierra Leone,2080,bau,bws,Tot,0,185,0,Low (<10%),Africa,Sub-Saharan Africa
BRN,Brunei,2030,opt,bws,One,0,183.5,0,Low (<10%),Asia,East Asia & Pacific
BRN,Brunei,2030,bau,bws,One,0,183,0,Low (<10%),Asia,East Asia & Pacific
BRN,Brunei,2030,pes,bws,One,0,183,0,Low (<10%),Asia,East Asia & Pacific
BRN,Brunei,2050,opt,bws,One,0,184,0,Low (<10%),Asia,East Asia & Pacific
BRN,Brunei,2050,bau,bws,One,0,184.5,0,Low (<10%),Asia,East Asia & Pacific
BRN,Brunei,2050,pes,bws,One,0,184,0,Low (<10%),Asia,East Asia & Pacific
BRN,Brunei,2080,opt,bws,One,0,183.5,0,Low (<10%),Asia,East Asia & Pacific
BRN,Brunei,2080,bau,bws,One,0,185.5,0,Low (<10%),Asia,East Asia & Pacific
BRN,Brunei,2080,pes,bws,One,0,185,0,Low (<10%),Asia,East Asia & Pacific
CIV,CÃ´te d'Ivoire,2030,opt,bws,One,0,183.5,0,Low (<10%),Africa,Sub-Saharan Africa
CIV,CÃ´te d'Ivoire,2030,pes,bws,One,0,183,0,Low (<10%),Africa,Sub-Saharan Africa
GAB,Gabon,2030,bau,bws,One,0,183,0,Low (<10%),Africa,Sub-Saharan Africa
GAB,Gabon,2050,bau,bws,One,0,184.5,0,Low (<10%),Africa,Sub-Saharan Africa
GAB,Gabon,2080,opt,bws,One,0,183.5,0,Low (<10%),Africa,Sub-Saharan Africa
GAB,Gabon,2080,pes,bws,One,0,185,0,Low (<10%),Africa,Sub-Saharan Africa
GNQ,Equatorial Guinea,2030,opt,bws,One,0,183.5,0,Low (<10%),Africa,Sub-Saharan Africa
GNQ,Equatorial Guinea,2030,bau,bws,One,0,183,0,Low (<10%),Africa,Sub-Saharan Africa
GNQ,Equatorial Guinea,2030,pes,bws,One,0,183,0,Low (<10%),Africa,Sub-Saharan Africa
GNQ,Equatorial Guinea,2050,opt,bws,One,0,184,0,Low (<10%),Africa,Sub-Saharan Africa
GNQ,Equatorial Guinea,2050,bau,bws,One,0,184.5,0,Low (<10%),Africa,Sub-Saharan Africa
GNQ,Equatorial Guinea,2050,pes,bws,One,0,184,0,Low (<10%),Africa,Sub-Saharan Africa
GNQ,Equatorial Guinea,2080,opt,bws,One,0,183.5,0,Low (<10%),Africa,Sub-Saharan Africa
GNQ,Equatorial Guinea,2080,bau,bws,One,0,185.5,0,Low (<10%),Africa,Sub-Saharan Africa
GNQ,Equatorial Guinea,2080,pes,bws,One,0,185,0,Low (<10%),Africa,Sub-Saharan Africa
ISL,Iceland,2030,opt,bws,One,0,183.5,0,Low (<10%),Europe,Europe & Central Asia
ISL,Iceland,2030,bau,bws,One,0,183,0,Low (<10%),Europe,Europe & Central Asia
ISL,Iceland,2030,pes,bws,One,0,183,0,Low (<10%),Europe,Europe & Central Asia
ISL,Iceland,2050,opt,bws,One,0,184,0,Low (<10%),Europe,Europe & Central Asia
ISL,Iceland,2050,bau,bws,One,0,184.5,0,Low (<10%),Europe,Europe & Central Asia
ISL,Iceland,2050,pes,bws,One,0,184,0,Low (<10%),Europe,Europe & Central Asia
ISL,Iceland,2080,opt,bws,One,0,183.5,0,Low (<10%),Europe,Europe & Central Asia
ISL,Iceland,2080,bau,bws,One,0,185.5,0,Low (<10%),Europe,Europe & Central Asia
ISL,Iceland,2080,pes,bws,One,0,185,0,Low (<10%),Europe,Europe & Central Asia
JAM,Jamaica,2030,opt,bws,One,0,183.5,0,Low (<10%),Americas,Latin America & Caribbean
JAM,Jamaica,2030,bau,bws,One,0,183,0,Low (<10%),Americas,Latin America & Caribbean
JAM,Jamaica,2030,pes,bws,One,0,183,0,Low (<10%),Americas,Latin America & Caribbean
JAM,Jamaica,2050,opt,bws,One,0,184,0,Low (<10%),Americas,Latin America & Caribbean
JAM,Jamaica,2050,pes,bws,One,0,184,0,Low (<10%),Americas,Latin America & Caribbean
JAM,Jamaica,2080,opt,bws,One,0,183.5,0,Low (<10%),Americas,Latin America & Caribbean
LBR,Liberia,2030,opt,bws,One,0,183.5,0,Low (<10%),Africa,Sub-Saharan Africa
LBR,Liberia,2030,bau,bws,One,0,183,0,Low (<10%),Africa,Sub-Saharan Africa
LBR,Liberia,2030,pes,bws,One,0,183,0,Low (<10%),Africa,Sub-Saharan Africa
LBR,Liberia,2050,opt,bws,One,0,184,0,Low (<10%),Africa,Sub-Saharan Africa
LBR,Liberia,2050,bau,bws,One,0,184.5,0,Low (<10%),Africa,Sub-Saharan Africa
LBR,Liberia,2050,pes,bws,One,0,184,0,Low (<10%),Africa,Sub-Saharan Africa
LBR,Liberia,2080,opt,bws,One,0,183.5,0,Low (<10%),Africa,Sub-Saharan Africa
LBR,Liberia,2080,bau,bws,One,0,185.5,0,Low (<10%),Africa,Sub-Saharan Africa
LBR,Liberia,2080,pes,bws,One,0,185,0,Low (<10%),Africa,Sub-Saharan Africa
PNG,Papua New Guinea,2030,opt,bws,One,0,183.5,0,Low (<10%),Oceania,East Asia & Pacific
PNG,Papua New Guinea,2030,bau,bws,One,0,183,0,Low (<10%),Oceania,East Asia & Pacific
PNG,Papua New Guinea,2030,pes,bws,One,0,183,0,Low (<10%),Oceania,East Asia & Pacific
PNG,Papua New Guinea,2050,opt,bws,One,0,184,0,Low (<10%),Oceania,East Asia & Pacific
PNG,Papua New Guinea,2050,bau,bws,One,0,184.5,0,Low (<10%),Oceania,East Asia & Pacific
PNG,Papua New Guinea,2050,pes,bws,One,0,184,0,Low (<10%),Oceania,East Asia & Pacific
PNG,Papua New Guinea,2080,opt,bws,One,0,183.5,0,Low (<10%),Oceania,East Asia & Pacific
PNG,Papua New Guinea,2080,bau,bws,One,0,185.5,0,Low (<10%),Oceania,East Asia & Pacific
PNG,Papua New Guinea,2080,pes,bws,One,0,185,0,Low (<10%),Oceania,East Asia & Pacific
RWA,Rwanda,2030,bau,bws,One,0,183,0,Low (<10%),Africa,Sub-Saharan Africa
RWA,Rwanda,2030,pes,bws,One,0,183,0,Low (<10%),Africa,Sub-Saharan Africa
SLE,Sierra Leone,2030,opt,bws,One,0,183.5,0,Low (<10%),Africa,Sub-Saharan Africa
SLE,Sierra Leone,2030,bau,bws,One,0,183,0,Low (<10%),Africa,Sub-Saharan Africa
SLE,Sierra Leone,2030,pes,bws,One,0,183,0,Low (<10%),Africa,Sub-Saharan Africa
SLE,Sierra Leone,2050,opt,bws,One,0,184,0,Low (<10%),Africa,Sub-Saharan Africa
SLE,Sierra Leone,2050,bau,bws,One,0,184.5,0,Low (<10%),Africa,Sub-Saharan Africa
SLE,Sierra Leone,2050,pes,bws,One,0,184,0,Low (<10%),Africa,Sub-Saharan Africa
SLE,Sierra Leone,2080,opt,bws,One,0,183.5,0,Low (<10%),Africa,Sub-Saharan Africa
SLE,Sierra Leone,2080,bau,bws,One,0,185.5,0,Low (<10%),Africa,Sub-Saharan Africa
BRN,Brunei,2030,opt,bws,Liv,0,180,0,Low (<10%),Asia,East Asia & Pacific
BRN,Brunei,2030,bau,bws,Liv,0,179.5,0,Low (<10%),Asia,East Asia & Pacific
BRN,Brunei,2030,pes,bws,Liv,0,179.5,0,Low (<10%),Asia,East Asia & Pacific
BRN,Brunei,2050,opt,bws,Liv,0,180.5,0,Low (<10%),Asia,East Asia & Pacific
BRN,Brunei,2050,bau,bws,Liv,0,180.5,0,Low (<10%),Asia,East Asia & Pacific
BRN,Brunei,2050,pes,bws,Liv,0,180.5,0,Low (<10%),Asia,East Asia & Pacific
BRN,Brunei,2080,opt,bws,Liv,0,180,0,Low (<10%),Asia,East Asia & Pacific
BRN,Brunei,2080,bau,bws,Liv,0,181,0,Low (<10%),Asia,East Asia & Pacific
BRN,Brunei,2080,pes,bws,Liv,0,181.5,0,Low (<10%),Asia,East Asia & Pacific
CIV,CÃ´te d'Ivoire,2030,opt,bws,Liv,0,180,0,Low (<10%),Africa,Sub-Saharan Africa
CIV,CÃ´te d'Ivoire,2030,pes,bws,Liv,0,179.5,0,Low (<10%),Africa,Sub-Saharan Africa
GAB,Gabon,2030,bau,bws,Liv,0,179.5,0,Low (<10%),Africa,Sub-Saharan Africa
GAB,Gabon,2050,bau,bws,Liv,0,180.5,0,Low (<10%),Africa,Sub-Saharan Africa
GAB,Gabon,2080,opt,bws,Liv,0,180,0,Low (<10%),Africa,Sub-Saharan Africa
GAB,Gabon,2080,pes,bws,Liv,0,181.5,0,Low (<10%),Africa,Sub-Saharan Africa
GNQ,Equatorial Guinea,2030,opt,bws,Liv,0,180,0,Low (<10%),Africa,Sub-Saharan Africa
GNQ,Equatorial Guinea,2030,bau,bws,Liv,0,179.5,0,Low (<10%),Africa,Sub-Saharan Africa
GNQ,Equatorial Guinea,2030,pes,bws,Liv,0,179.5,0,Low (<10%),Africa,Sub-Saharan Africa
GNQ,Equatorial Guinea,2050,opt,bws,Liv,0,180.5,0,Low (<10%),Africa,Sub-Saharan Africa
GNQ,Equatorial Guinea,2050,bau,bws,Liv,0,180.5,0,Low (<10%),Africa,Sub-Saharan Africa
GNQ,Equatorial Guinea,2050,pes,bws,Liv,0,180.5,0,Low (<10%),Africa,Sub-Saharan Africa
GNQ,Equatorial Guinea,2080,opt,bws,Liv,0,180,0,Low (<10%),Africa,Sub-Saharan Africa
GNQ,Equatorial Guinea,2080,bau,bws,Liv,0,181,0,Low (<10%),Africa,Sub-Saharan Africa
GNQ,Equatorial Guinea,2080,pes,bws,Liv,0,181.5,0,Low (<10%),Africa,Sub-Saharan Africa
ISL,Iceland,2030,opt,bws,Liv,0,180,0,Low (<10%),Europe,Europe & Central Asia
ISL,Iceland,2030,bau,bws,Liv,0,179.5,0,Low (<10%),Europe,Europe & Central Asia
ISL,Iceland,2030,pes,bws,Liv,0,179.5,0,Low (<10%),Europe,Europe & Central Asia
ISL,Iceland,2050,opt,bws,Liv,0,180.5,0,Low (<10%),Europe,Europe & Central Asia
ISL,Iceland,2050,bau,bws,Liv,0,180.5,0,Low (<10%),Europe,Europe & Central Asia
ISL,Iceland,2050,pes,bws,Liv,0,180.5,0,Low (<10%),Europe,Europe & Central Asia
ISL,Iceland,2080,opt,bws,Liv,0,180,0,Low (<10%),Europe,Europe & Central Asia
ISL,Iceland,2080,bau,bws,Liv,0,181,0,Low (<10%),Europe,Europe & Central Asia
ISL,Iceland,2080,pes,bws,Liv,0,181.5,0,Low (<10%),Europe,Europe & Central Asia
JAM,Jamaica,2030,opt,bws,Liv,0,180,0,Low (<10%),Americas,Latin America & Caribbean
JAM,Jamaica,2030,bau,bws,Liv,0,179.5,0,Low (<10%),Americas,Latin America & Caribbean
JAM,Jamaica,2030,pes,bws,Liv,0,179.5,0,Low (<10%),Americas,Latin America & Caribbean
JAM,Jamaica,2050,opt,bws,Liv,0,180.5,0,Low (<10%),Americas,Latin America & Caribbean
JAM,Jamaica,2050,pes,bws,Liv,0,180.5,0,Low (<10%),Americas,Latin America & Caribbean
JAM,Jamaica,2080,opt,bws,Liv,0,180,0,Low (<10%),Americas,Latin America & Caribbean
LBR,Liberia,2030,opt,bws,Liv,0,180,0,Low (<10%),Africa,Sub-Saharan Africa
LBR,Liberia,2030,bau,bws,Liv,0,179.5,0,Low (<10%),Africa,Sub-Saharan Africa
LBR,Liberia,2030,pes,bws,Liv,0,179.5,0,Low (<10%),Africa,Sub-Saharan Africa
LBR,Liberia,2050,opt,bws,Liv,0,180.5,0,Low (<10%),Africa,Sub-Saharan Africa
LBR,Liberia,2050,bau,bws,Liv,0,180.5,0,Low (<10%),Africa,Sub-Saharan Africa
LBR,Liberia,2050,pes,bws,Liv,0,180.5,0,Low (<10%),Africa,Sub-Saharan Africa
LBR,Liberia,2080,opt,bws,Liv,0,180,0,Low (<10%),Africa,Sub-Saharan Africa
LBR,Liberia,2080,bau,bws,Liv,0,181,0,Low (<10%),Africa,Sub-Saharan Africa
LBR,Liberia,2080,pes,bws,Liv,0,181.5,0,Low (<10%),Africa,Sub-Saharan Africa
PNG,Papua New Guinea,2030,opt,bws,Liv,0,180,0,Low (<10%),Oceania,East Asia & Pacific
PNG,Papua New Guinea,2030,bau,bws,Liv,0,179.5,0,Low (<10%),Oceania,East Asia & Pacific
PNG,Papua New Guinea,2030,pes,bws,Liv,0,179.5,0,Low (<10%),Oceania,East Asia & Pacific
PNG,Papua New Guinea,2050,opt,bws,Liv,0,180.5,0,Low (<10%),Oceania,East Asia & Pacific
PNG,Papua New Guinea,2050,bau,bws,Liv,0,180.5,0,Low (<10%),Oceania,East Asia & Pacific
PNG,Papua New Guinea,2050,pes,bws,Liv,0,180.5,0,Low (<10%),Oceania,East Asia & Pacific
PNG,Papua New Guinea,2080,opt,bws,Liv,0,180,0,Low (<10%),Oceania,East Asia & Pacific
PNG,Papua New Guinea,2080,bau,bws,Liv,0,181,0,Low (<10%),Oceania,East Asia & Pacific
PNG,Papua New Guinea,2080,pes,bws,Liv,0,181.5,0,Low (<10%),Oceania,East Asia & Pacific
RWA,Rwanda,2030,bau,bws,Liv,0,179.5,0,Low (<10%),Africa,Sub-Saharan Africa
RWA,Rwanda,2030,pes,bws,Liv,0,179.5,0,Low (<10%),Africa,Sub-Saharan Africa
SLE,Sierra Leone,2030,opt,bws,Liv,0,180,0,Low (<10%),Africa,Sub-Saharan Africa
SLE,Sierra Leone,2030,bau,bws,Liv,0,179.5,0,Low (<10%),Africa,Sub-Saharan Africa
SLE,Sierra Leone,2030,pes,bws,Liv,0,179.5,0,Low (<10%),Africa,Sub-Saharan Africa
SLE,Sierra Leone,2050,opt,bws,Liv,0,180.5,0,Low (<10%),Africa,Sub-Saharan Africa
SLE,Sierra Leone,2050,bau,bws,Liv,0,180.5,0,Low (<10%),Africa,Sub-Saharan Africa
SLE,Sierra Leone,2050,pes,bws,Liv,0,180.5,0,Low (<10%),Africa,Sub-Saharan Africa
SLE,Sierra Leone,2080,opt,bws,Liv,0,180,0,Low (<10%),Africa,Sub-Saharan Africa
SLE,Sierra Leone,2080,bau,bws,Liv,0,181,0,Low (<10%),Africa,Sub-Saharan Africa
BRN,Brunei,2030,opt,bws,Irr,0,179.5,0,Low (<10%),Asia,East Asia & Pacific
BRN,Brunei,2030,bau,bws,Irr,0,179.5,0,Low (<10%),Asia,East Asia & Pacific
BRN,Brunei,2030,pes,bws,Irr,0,177.5,0,Low (<10%),Asia,East Asia & Pacific
BRN,Brunei,2050,opt,bws,Irr,0,179,0,Low (<10%),Asia,East Asia & Pacific
BRN,Brunei,2050,bau,bws,Irr,0,180.5,0,Low (<10%),Asia,East Asia & Pacific
BRN,Brunei,2050,pes,bws,Irr,0,178.5,0,Low (<10%),Asia,East Asia & Pacific
BRN,Brunei,2080,opt,bws,Irr,0,179,0,Low (<10%),Asia,East Asia & Pacific
BRN,Brunei,2080,bau,bws,Irr,0,180.5,0,Low (<10%),Asia,East Asia & Pacific
BRN,Brunei,2080,pes,bws,Irr,0,179.5,0,Low (<10%),Asia,East Asia & Pacific
CAF,Central African Republic,2030,pes,bws,Irr,0,177.5,0,Low (<10%),Africa,Sub-Saharan Africa
CAF,Central African Republic,2050,pes,bws,Irr,0,178.5,0,Low (<10%),Africa,Sub-Saharan Africa
CAF,Central African Republic,2080,pes,bws,Irr,0,179.5,0,Low (<10%),Africa,Sub-Saharan Africa
CIV,CÃ´te d'Ivoire,2030,opt,bws,Irr,0,179.5,0,Low (<10%),Africa,Sub-Saharan Africa
CIV,CÃ´te d'Ivoire,2030,pes,bws,Irr,0,177.5,0,Low (<10%),Africa,Sub-Saharan Africa
COG,Republic of Congo,2030,opt,bws,Irr,0,179.5,0,Low (<10%),Africa,Sub-Saharan Africa
COG,Republic of Congo,2030,bau,bws,Irr,0,179.5,0,Low (<10%),Africa,Sub-Saharan Africa
COG,Republic of Congo,2030,pes,bws,Irr,0,177.5,0,Low (<10%),Africa,Sub-Saharan Africa
COG,Republic of Congo,2050,opt,bws,Irr,0,179,0,Low (<10%),Africa,Sub-Saharan Africa
COG,Republic of Congo,2050,pes,bws,Irr,0,178.5,0,Low (<10%),Africa,Sub-Saharan Africa
COG,Republic of Congo,2080,opt,bws,Irr,0,179,0,Low (<10%),Africa,Sub-Saharan Africa
COG,Republic of Congo,2080,pes,bws,Irr,0,179.5,0,Low (<10%),Africa,Sub-Saharan Africa
GAB,Gabon,2030,opt,bws,Irr,0,179.5,0,Low (<10%),Africa,Sub-Saharan Africa
GAB,Gabon,2030,bau,bws,Irr,0,179.5,0,Low (<10%),Africa,Sub-Saharan Africa
GAB,Gabon,2030,pes,bws,Irr,0,177.5,0,Low (<10%),Africa,Sub-Saharan Africa
GAB,Gabon,2050,opt,bws,Irr,0,179,0,Low (<10%),Africa,Sub-Saharan Africa
GAB,Gabon,2050,bau,bws,Irr,0,180.5,0,Low (<10%),Africa,Sub-Saharan Africa
GAB,Gabon,2050,pes,bws,Irr,0,178.5,0,Low (<10%),Africa,Sub-Saharan Africa
GAB,Gabon,2080,opt,bws,Irr,0,179,0,Low (<10%),Africa,Sub-Saharan Africa
GAB,Gabon,2080,bau,bws,Irr,0,180.5,0,Low (<10%),Africa,Sub-Saharan Africa
GAB,Gabon,2080,pes,bws,Irr,0,179.5,0,Low (<10%),Africa,Sub-Saharan Africa
GNQ,Equatorial Guinea,2030,opt,bws,Irr,0,179.5,0,Low (<10%),Africa,Sub-Saharan Africa
GNQ,Equatorial Guinea,2030,bau,bws,Irr,0,179.5,0,Low (<10%),Africa,Sub-Saharan Africa
GNQ,Equatorial Guinea,2030,pes,bws,Irr,0,177.5,0,Low (<10%),Africa,Sub-Saharan Africa
GNQ,Equatorial Guinea,2050,opt,bws,Irr,0,179,0,Low (<10%),Africa,Sub-Saharan Africa
GNQ,Equatorial Guinea,2050,bau,bws,Irr,0,180.5,0,Low (<10%),Africa,Sub-Saharan Africa
GNQ,Equatorial Guinea,2050,pes,bws,Irr,0,178.5,0,Low (<10%),Africa,Sub-Saharan Africa
GNQ,Equatorial Guinea,2080,opt,bws,Irr,0,179,0,Low (<10%),Africa,Sub-Saharan Africa
GNQ,Equatorial Guinea,2080,bau,bws,Irr,0,180.5,0,Low (<10%),Africa,Sub-Saharan Africa
GNQ,Equatorial Guinea,2080,pes,bws,Irr,0,179.5,0,Low (<10%),Africa,Sub-Saharan Africa
ISL,Iceland,2030,opt,bws,Irr,0,179.5,0,Low (<10%),Europe,Europe & Central Asia
ISL,Iceland,2030,bau,bws,Irr,0,179.5,0,Low (<10%),Europe,Europe & Central Asia
ISL,Iceland,2030,pes,bws,Irr,0,177.5,0,Low (<10%),Europe,Europe & Central Asia
ISL,Iceland,2050,opt,bws,Irr,0,179,0,Low (<10%),Europe,Europe & Central Asia
ISL,Iceland,2050,bau,bws,Irr,0,180.5,0,Low (<10%),Europe,Europe & Central Asia
ISL,Iceland,2050,pes,bws,Irr,0,178.5,0,Low (<10%),Europe,Europe & Central Asia
ISL,Iceland,2080,opt,bws,Irr,0,179,0,Low (<10%),Europe,Europe & Central Asia
ISL,Iceland,2080,bau,bws,Irr,0,180.5,0,Low (<10%),Europe,Europe & Central Asia
ISL,Iceland,2080,pes,bws,Irr,0,179.5,0,Low (<10%),Europe,Europe & Central Asia
JAM,Jamaica,2030,opt,bws,Irr,0,179.5,0,Low (<10%),Americas,Latin America & Caribbean
JAM,Jamaica,2030,bau,bws,Irr,0,179.5,0,Low (<10%),Americas,Latin America & Caribbean
JAM,Jamaica,2030,pes,bws,Irr,0,177.5,0,Low (<10%),Americas,Latin America & Caribbean
JAM,Jamaica,2050,opt,bws,Irr,0,179,0,Low (<10%),Americas,Latin America & Caribbean
JAM,Jamaica,2050,pes,bws,Irr,0,178.5,0,Low (<10%),Americas,Latin America & Caribbean
JAM,Jamaica,2080,opt,bws,Irr,0,179,0,Low (<10%),Americas,Latin America & Caribbean
LBR,Liberia,2030,opt,bws,Irr,0,179.5,0,Low (<10%),Africa,Sub-Saharan Africa
LBR,Liberia,2030,bau,bws,Irr,0,179.5,0,Low (<10%),Africa,Sub-Saharan Africa
LBR,Liberia,2030,pes,bws,Irr,0,177.5,0,Low (<10%),Africa,Sub-Saharan Africa
LBR,Liberia,2050,opt,bws,Irr,0,179,0,Low (<10%),Africa,Sub-Saharan Africa
LBR,Liberia,2050,bau,bws,Irr,0,180.5,0,Low (<10%),Africa,Sub-Saharan Africa
LBR,Liberia,2050,pes,bws,Irr,0,178.5,0,Low (<10%),Africa,Sub-Saharan Africa
LBR,Liberia,2080,opt,bws,Irr,0,179,0,Low (<10%),Africa,Sub-Saharan Africa
LBR,Liberia,2080,bau,bws,Irr,0,180.5,0,Low (<10%),Africa,Sub-Saharan Africa
LBR,Liberia,2080,pes,bws,Irr,0,179.5,0,Low (<10%),Africa,Sub-Saharan Africa
LIE,Liechtenstein,2030,pes,bws,Irr,0,177.5,0,Low (<10%),Europe,Europe & Central Asia
LIE,Liechtenstein,2050,opt,bws,Irr,0,179,0,Low (<10%),Europe,Europe & Central Asia
LIE,Liechtenstein,2050,bau,bws,Irr,0,180.5,0,Low (<10%),Europe,Europe & Central Asia
LIE,Liechtenstein,2050,pes,bws,Irr,0,178.5,0,Low (<10%),Europe,Europe & Central Asia
LIE,Liechtenstein,2080,opt,bws,Irr,0,179,0,Low (<10%),Europe,Europe & Central Asia
LIE,Liechtenstein,2080,bau,bws,Irr,0,180.5,0,Low (<10%),Europe,Europe & Central Asia
LIE,Liechtenstein,2080,pes,bws,Irr,0,179.5,0,Low (<10%),Europe,Europe & Central Asia
PNG,Papua New Guinea,2030,opt,bws,Irr,0,179.5,0,Low (<10%),Oceania,East Asia & Pacific
PNG,Papua New Guinea,2030,bau,bws,Irr,0,179.5,0,Low (<10%),Oceania,East Asia & Pacific
PNG,Papua New Guinea,2030,pes,bws,Irr,0,177.5,0,Low (<10%),Oceania,East Asia & Pacific
PNG,Papua New Guinea,2050,opt,bws,Irr,0,179,0,Low (<10%),Oceania,East Asia & Pacific
PNG,Papua New Guinea,2050,bau,bws,Irr,0,180.5,0,Low (<10%),Oceania,East Asia & Pacific
PNG,Papua New Guinea,2050,pes,bws,Irr,0,178.5,0,Low (<10%),Oceania,East Asia & Pacific
PNG,Papua New Guinea,2080,opt,bws,Irr,0,179,0,Low (<10%),Oceania,East Asia & Pacific
PNG,Papua New Guinea,2080,bau,bws,Irr,0,180.5,0,Low (<10%),Oceania,East Asia & Pacific
PNG,Papua New Guinea,2080,pes,bws,Irr,0,179.5,0,Low (<10%),Oceania,East Asia & Pacific
RWA,Rwanda,2030,bau,bws,Irr,0,179.5,0,Low (<10%),Africa,Sub-Saharan Africa
RWA,Rwanda,2030,pes,bws,Irr,0,177.5,0,Low (<10%),Africa,Sub-Saharan Africa
SLE,Sierra Leone,2030,opt,bws,Irr,0,179.5,0,Low (<10%),Africa,Sub-Saharan Africa
SLE,Sierra Leone,2030,bau,bws,Irr,0,179.5,0,Low (<10%),Africa,Sub-Saharan Africa
SLE,Sierra Leone,2030,pes,bws,Irr,0,177.5,0,Low (<10%),Africa,Sub-Saharan Africa
SLE,Sierra Leone,2050,opt,bws,Irr,0,179,0,Low (<10%),Africa,Sub-Saharan Africa
SLE,Sierra Leone,2050,bau,bws,Irr,0,180.5,0,Low (<10%),Africa,Sub-Saharan Africa
SLE,Sierra Leone,2050,pes,bws,Irr,0,178.5,0,Low (<10%),Africa,Sub-Saharan Africa
SLE,Sierra Leone,2080,opt,bws,Irr,0,179,0,Low (<10%),Africa,Sub-Saharan Africa
SLE,Sierra Leone,2080,bau,bws,Irr,0,180.5,0,Low (<10%),Africa,Sub-Saharan Africa
SMR,San Marino,2030,pes,bws,Irr,0,177.5,0,Low (<10%),Europe,Europe & Central Asia
SMR,San Marino,2050,opt,bws,Irr,0,179,0,Low (<10%),Europe,Europe & Central Asia
SMR,San Marino,2050,bau,bws,Irr,0,180.5,0,Low (<10%),Europe,Europe & Central Asia
SMR,San Marino,2050,pes,bws,Irr,0,178.5,0,Low (<10%),Europe,Europe & Central Asia
SMR,San Marino,2080,opt,bws,Irr,0,179,0,Low (<10%),Europe,Europe & Central Asia
SMR,San Marino,2080,bau,bws,Irr,0,180.5,0,Low (<10%),Europe,Europe & Central Asia
SMR,San Marino,2080,pes,bws,Irr,0,179.5,0,Low (<10%),Europe,Europe & Central Asia
BRN,Brunei,2030,opt,bws,Ind,0,180.5,0,Low (<10%),Asia,East Asia & Pacific
BRN,Brunei,2030,bau,bws,Ind,0,180.5,0,Low (<10%),Asia,East Asia & Pacific
BRN,Brunei,2030,pes,bws,Ind,0,180,0,Low (<10%),Asia,East Asia & Pacific
BRN,Brunei,2050,opt,bws,Ind,0,181.5,0,Low (<10%),Asia,East Asia & Pacific
BRN,Brunei,2050,bau,bws,Ind,0,183,0,Low (<10%),Asia,East Asia & Pacific
BRN,Brunei,2050,pes,bws,Ind,0,181,0,Low (<10%),Asia,East Asia & Pacific
BRN,Brunei,2080,opt,bws,Ind,0,182,0,Low (<10%),Asia,East Asia & Pacific
BRN,Brunei,2080,bau,bws,Ind,0,183.5,0,Low (<10%),Asia,East Asia & Pacific
BRN,Brunei,2080,pes,bws,Ind,0,181.5,0,Low (<10%),Asia,East Asia & Pacific
CAF,Central African Republic,2030,opt,bws,Ind,0,180.5,0,Low (<10%),Africa,Sub-Saharan Africa
CAF,Central African Republic,2030,pes,bws,Ind,0,180,0,Low (<10%),Africa,Sub-Saharan Africa
CAF,Central African Republic,2050,pes,bws,Ind,0,181,0,Low (<10%),Africa,Sub-Saharan Africa
CAF,Central African Republic,2080,pes,bws,Ind,0,181.5,0,Low (<10%),Africa,Sub-Saharan Africa
CIV,CÃ´te d'Ivoire,2030,opt,bws,Ind,0,180.5,0,Low (<10%),Africa,Sub-Saharan Africa
CIV,CÃ´te d'Ivoire,2030,pes,bws,Ind,0,180,0,Low (<10%),Africa,Sub-Saharan Africa
DJI,Djibouti,2030,bau,bws,Ind,0,180.5,0,Low (<10%),Africa,Middle East & North Africa
DJI,Djibouti,2050,opt,bws,Ind,0,181.5,0,Low (<10%),Africa,Middle East & North Africa
DJI,Djibouti,2050,pes,bws,Ind,0,181,0,Low (<10%),Africa,Middle East & North Africa
DJI,Djibouti,2080,bau,bws,Ind,0,183.5,0,Low (<10%),Africa,Middle East & North Africa
DJI,Djibouti,2080,pes,bws,Ind,0,181.5,0,Low (<10%),Africa,Middle East & North Africa
GAB,Gabon,2030,opt,bws,Ind,0,180.5,0,Low (<10%),Africa,Sub-Saharan Africa
GAB,Gabon,2030,bau,bws,Ind,0,180.5,0,Low (<10%),Africa,Sub-Saharan Africa
GAB,Gabon,2030,pes,bws,Ind,0,180,0,Low (<10%),Africa,Sub-Saharan Africa
GAB,Gabon,2050,bau,bws,Ind,0,183,0,Low (<10%),Africa,Sub-Saharan Africa
GAB,Gabon,2050,pes,bws,Ind,0,181,0,Low (<10%),Africa,Sub-Saharan Africa
GAB,Gabon,2080,opt,bws,Ind,0,182,0,Low (<10%),Africa,Sub-Saharan Africa
GAB,Gabon,2080,pes,bws,Ind,0,181.5,0,Low (<10%),Africa,Sub-Saharan Africa
GNQ,Equatorial Guinea,2030,opt,bws,Ind,0,180.5,0,Low (<10%),Africa,Sub-Saharan Africa
GNQ,Equatorial Guinea,2030,bau,bws,Ind,0,180.5,0,Low (<10%),Africa,Sub-Saharan Africa
GNQ,Equatorial Guinea,2030,pes,bws,Ind,0,180,0,Low (<10%),Africa,Sub-Saharan Africa
GNQ,Equatorial Guinea,2050,opt,bws,Ind,0,181.5,0,Low (<10%),Africa,Sub-Saharan Africa
GNQ,Equatorial Guinea,2050,bau,bws,Ind,0,183,0,Low (<10%),Africa,Sub-Saharan Africa
GNQ,Equatorial Guinea,2050,pes,bws,Ind,0,181,0,Low (<10%),Africa,Sub-Saharan Africa
GNQ,Equatorial Guinea,2080,opt,bws,Ind,0,182,0,Low (<10%),Africa,Sub-Saharan Africa
GNQ,Equatorial Guinea,2080,bau,bws,Ind,0,183.5,0,Low (<10%),Africa,Sub-Saharan Africa
GNQ,Equatorial Guinea,2080,pes,bws,Ind,0,181.5,0,Low (<10%),Africa,Sub-Saharan Africa
ISL,Iceland,2030,opt,bws,Ind,0,180.5,0,Low (<10%),Europe,Europe & Central Asia
ISL,Iceland,2030,bau,bws,Ind,0,180.5,0,Low (<10%),Europe,Europe & Central Asia
ISL,Iceland,2030,pes,bws,Ind,0,180,0,Low (<10%),Europe,Europe & Central Asia
ISL,Iceland,2050,opt,bws,Ind,0,181.5,0,Low (<10%),Europe,Europe & Central Asia
ISL,Iceland,2050,bau,bws,Ind,0,183,0,Low (<10%),Europe,Europe & Central Asia
ISL,Iceland,2050,pes,bws,Ind,0,181,0,Low (<10%),Europe,Europe & Central Asia
ISL,Iceland,2080,opt,bws,Ind,0,182,0,Low (<10%),Europe,Europe & Central Asia
ISL,Iceland,2080,bau,bws,Ind,0,183.5,0,Low (<10%),Europe,Europe & Central Asia
ISL,Iceland,2080,pes,bws,Ind,0,181.5,0,Low (<10%),Europe,Europe & Central Asia
JAM,Jamaica,2030,opt,bws,Ind,0,180.5,0,Low (<10%),Americas,Latin America & Caribbean
JAM,Jamaica,2030,bau,bws,Ind,0,180.5,0,Low (<10%),Americas,Latin America & Caribbean
JAM,Jamaica,2030,pes,bws,Ind,0,180,0,Low (<10%),Americas,Latin America & Caribbean
JAM,Jamaica,2050,opt,bws,Ind,0,181.5,0,Low (<10%),Americas,Latin America & Caribbean
JAM,Jamaica,2050,pes,bws,Ind,0,181,0,Low (<10%),Americas,Latin America & Caribbean
JAM,Jamaica,2080,opt,bws,Ind,0,182,0,Low (<10%),Americas,Latin America & Caribbean
LBR,Liberia,2030,opt,bws,Ind,0,180.5,0,Low (<10%),Africa,Sub-Saharan Africa
LBR,Liberia,2030,bau,bws,Ind,0,180.5,0,Low (<10%),Africa,Sub-Saharan Africa
LBR,Liberia,2030,pes,bws,Ind,0,180,0,Low (<10%),Africa,Sub-Saharan Africa
LBR,Liberia,2050,opt,bws,Ind,0,181.5,0,Low (<10%),Africa,Sub-Saharan Africa
LBR,Liberia,2050,bau,bws,Ind,0,183,0,Low (<10%),Africa,Sub-Saharan Africa
LBR,Liberia,2050,pes,bws,Ind,0,181,0,Low (<10%),Africa,Sub-Saharan Africa
LBR,Liberia,2080,opt,bws,Ind,0,182,0,Low (<10%),Africa,Sub-Saharan Africa
LBR,Liberia,2080,bau,bws,Ind,0,183.5,0,Low (<10%),Africa,Sub-Saharan Africa
LBR,Liberia,2080,pes,bws,Ind,0,181.5,0,Low (<10%),Africa,Sub-Saharan Africa
MDG,Madagascar,2030,opt,bws,Ind,0,180.5,0,Low (<10%),Africa,Sub-Saharan Africa
MDG,Madagascar,2030,bau,bws,Ind,0,180.5,0,Low (<10%),Africa,Sub-Saharan Africa
MDG,Madagascar,2030,pes,bws,Ind,0,180,0,Low (<10%),Africa,Sub-Saharan Africa
MDG,Madagascar,2050,opt,bws,Ind,0,181.5,0,Low (<10%),Africa,Sub-Saharan Africa
MDG,Madagascar,2050,bau,bws,Ind,0,183,0,Low (<10%),Africa,Sub-Saharan Africa
MDG,Madagascar,2050,pes,bws,Ind,0,181,0,Low (<10%),Africa,Sub-Saharan Africa
MDG,Madagascar,2080,opt,bws,Ind,0,182,0,Low (<10%),Africa,Sub-Saharan Africa
MDG,Madagascar,2080,bau,bws,Ind,0,183.5,0,Low (<10%),Africa,Sub-Saharan Africa
MDG,Madagascar,2080,pes,bws,Ind,0,181.5,0,Low (<10%),Africa,Sub-Saharan Africa
PNG,Papua New Guinea,2030,opt,bws,Ind,0,180.5,0,Low (<10%),Oceania,East Asia & Pacific
PNG,Papua New Guinea,2030,bau,bws,Ind,0,180.5,0,Low (<10%),Oceania,East Asia & Pacific
PNG,Papua New Guinea,2030,pes,bws,Ind,0,180,0,Low (<10%),Oceania,East Asia & Pacific
PNG,Papua New Guinea,2050,opt,bws,Ind,0,181.5,0,Low (<10%),Oceania,East Asia & Pacific
PNG,Papua New Guinea,2050,bau,bws,Ind,0,183,0,Low (<10%),Oceania,East Asia & Pacific
PNG,Papua New Guinea,2050,pes,bws,Ind,0,181,0,Low (<10%),Oceania,East Asia & Pacific
PNG,Papua New Guinea,2080,opt,bws,Ind,0,182,0,Low (<10%),Oceania,East Asia & Pacific
PNG,Papua New Guinea,2080,bau,bws,Ind,0,183.5,0,Low (<10%),Oceania,East Asia & Pacific
PNG,Papua New Guinea,2080,pes,bws,Ind,0,181.5,0,Low (<10%),Oceania,East Asia & Pacific
PRY,Paraguay,2030,bau,bws,Ind,0,180.5,0,Low (<10%),Americas,Latin America & Caribbean
RWA,Rwanda,2030,bau,bws,Ind,0,180.5,0,Low (<10%),Africa,Sub-Saharan Africa
RWA,Rwanda,2030,pes,bws,Ind,0,180,0,Low (<10%),Africa,Sub-Saharan Africa
SLE,Sierra Leone,2030,opt,bws,Ind,0,180.5,0,Low (<10%),Africa,Sub-Saharan Africa
SLE,Sierra Leone,2030,bau,bws,Ind,0,180.5,0,Low (<10%),Africa,Sub-Saharan Africa
SLE,Sierra Leone,2030,pes,bws,Ind,0,180,0,Low (<10%),Africa,Sub-Saharan Africa
SLE,Sierra Leone,2050,opt,bws,Ind,0,181.5,0,Low (<10%),Africa,Sub-Saharan Africa
SLE,Sierra Leone,2050,bau,bws,Ind,0,183,0,Low (<10%),Africa,Sub-Saharan Africa
SLE,Sierra Leone,2050,pes,bws,Ind,0,181,0,Low (<10%),Africa,Sub-Saharan Africa
SLE,Sierra Leone,2080,opt,bws,Ind,0,182,0,Low (<10%),Africa,Sub-Saharan Africa
SLE,Sierra Leone,2080,bau,bws,Ind,0,183.5,0,Low (<10%),Africa,Sub-Saharan Africa
SLE,Sierra Leone,2080,pes,bws,Ind,0,181.5,0,Low (<10%),Africa,Sub-Saharan Africa
SOM,Somalia,2030,opt,bws,Ind,0,180.5,0,Low (<10%),Africa,Sub-Saharan Africa
SOM,Somalia,2030,bau,bws,Ind,0,180.5,0,Low (<10%),Africa,Sub-Saharan Africa
SOM,Somalia,2030,pes,bws,Ind,0,180,0,Low (<10%),Africa,Sub-Saharan Africa
SOM,Somalia,2050,opt,bws,Ind,0,181.5,0,Low (<10%),Africa,Sub-Saharan Africa
SOM,Somalia,2050,bau,bws,Ind,0,183,0,Low (<10%),Africa,Sub-Saharan Africa
SOM,Somalia,2050,pes,bws,Ind,0,181,0,Low (<10%),Africa,Sub-Saharan Africa
SOM,Somalia,2080,opt,bws,Ind,0,182,0,Low (<10%),Africa,Sub-Saharan Africa
SOM,Somalia,2080,bau,bws,Ind,0,183.5,0,Low (<10%),Africa,Sub-Saharan Africa
SOM,Somalia,2080,pes,bws,Ind,0,181.5,0,Low (<10%),Africa,Sub-Saharan Africa
SSD,South Sudan,2030,opt,bws,Ind,0,180.5,0,Low (<10%),Africa,Sub-Saharan Africa
SSD,South Sudan,2030,pes,bws,Ind,0,180,0,Low (<10%),Africa,Sub-Saharan Africa
SSD,South Sudan,2050,opt,bws,Ind,0,181.5,0,Low (<10%),Africa,Sub-Saharan Africa
SSD,South Sudan,2080,pes,bws,Ind,0,181.5,0,Low (<10%),Africa,Sub-Saharan Africa
BRN,Brunei,2030,opt,bws,Dom,0,181,0,Low (<10%),Asia,East Asia & Pacific
BRN,Brunei,2030,bau,bws,Dom,0,180.5,0,Low (<10%),Asia,East Asia & Pacific
BRN,Brunei,2030,pes,bws,Dom,0,180.5,0,Low (<10%),Asia,East Asia & Pacific
BRN,Brunei,2050,opt,bws,Dom,0,181.5,0,Low (<10%),Asia,East Asia & Pacific
BRN,Brunei,2050,bau,bws,Dom,0,181.5,0,Low (<10%),Asia,East Asia & Pacific
BRN,Brunei,2050,pes,bws,Dom,0,181.5,0,Low (<10%),Asia,East Asia & Pacific
BRN,Brunei,2080,opt,bws,Dom,0,181,0,Low (<10%),Asia,East Asia & Pacific
BRN,Brunei,2080,bau,bws,Dom,0,182,0,Low (<10%),Asia,East Asia & Pacific
BRN,Brunei,2080,pes,bws,Dom,0,182.5,0,Low (<10%),Asia,East Asia & Pacific
CIV,CÃ´te d'Ivoire,2030,opt,bws,Dom,0,181,0,Low (<10%),Africa,Sub-Saharan Africa
CIV,CÃ´te d'Ivoire,2030,pes,bws,Dom,0,180.5,0,Low (<10%),Africa,Sub-Saharan Africa
GAB,Gabon,2030,bau,bws,Dom,0,180.5,0,Low (<10%),Africa,Sub-Saharan Africa
GAB,Gabon,2050,bau,bws,Dom,0,181.5,0,Low (<10%),Africa,Sub-Saharan Africa
GAB,Gabon,2080,opt,bws,Dom,0,181,0,Low (<10%),Africa,Sub-Saharan Africa
GAB,Gabon,2080,pes,bws,Dom,0,182.5,0,Low (<10%),Africa,Sub-Saharan Africa
GNQ,Equatorial Guinea,2030,opt,bws,Dom,0,181,0,Low (<10%),Africa,Sub-Saharan Africa
GNQ,Equatorial Guinea,2030,bau,bws,Dom,0,180.5,0,Low (<10%),Africa,Sub-Saharan Africa
GNQ,Equatorial Guinea,2030,pes,bws,Dom,0,180.5,0,Low (<10%),Africa,Sub-Saharan Africa
GNQ,Equatorial Guinea,2050,opt,bws,Dom,0,181.5,0,Low (<10%),Africa,Sub-Saharan Africa
GNQ,Equatorial Guinea,2050,bau,bws,Dom,0,181.5,0,Low (<10%),Africa,Sub-Saharan Africa
GNQ,Equatorial Guinea,2050,pes,bws,Dom,0,181.5,0,Low (<10%),Africa,Sub-Saharan Africa
GNQ,Equatorial Guinea,2080,opt,bws,Dom,0,181,0,Low (<10%),Africa,Sub-Saharan Africa
GNQ,Equatorial Guinea,2080,bau,bws,Dom,0,182,0,Low (<10%),Africa,Sub-Saharan Africa
GNQ,Equatorial Guinea,2080,pes,bws,Dom,0,182.5,0,Low (<10%),Africa,Sub-Saharan Africa
ISL,Iceland,2030,opt,bws,Dom,0,181,0,Low (<10%),Europe,Europe & Central Asia
ISL,Iceland,2030,bau,bws,Dom,0,180.5,0,Low (<10%),Europe,Europe & Central Asia
ISL,Iceland,2030,pes,bws,Dom,0,180.5,0,Low (<10%),Europe,Europe & Central Asia
ISL,Iceland,2050,opt,bws,Dom,0,181.5,0,Low (<10%),Europe,Europe & Central Asia
ISL,Iceland,2050,bau,bws,Dom,0,181.5,0,Low (<10%),Europe,Europe & Central Asia
ISL,Iceland,2050,pes,bws,Dom,0,181.5,0,Low (<10%),Europe,Europe & Central Asia
ISL,Iceland,2080,opt,bws,Dom,0,181,0,Low (<10%),Europe,Europe & Central Asia
ISL,Iceland,2080,bau,bws,Dom,0,182,0,Low (<10%),Europe,Europe & Central Asia
ISL,Iceland,2080,pes,bws,Dom,0,182.5,0,Low (<10%),Europe,Europe & Central Asia
JAM,Jamaica,2030,opt,bws,Dom,0,181,0,Low (<10%),Americas,Latin America & Caribbean
JAM,Jamaica,2030,bau,bws,Dom,0,180.5,0,Low (<10%),Americas,Latin America & Caribbean
JAM,Jamaica,2030,pes,bws,Dom,0,180.5,0,Low (<10%),Americas,Latin America & Caribbean
JAM,Jamaica,2050,opt,bws,Dom,0,181.5,0,Low (<10%),Americas,Latin America & Caribbean
JAM,Jamaica,2050,pes,bws,Dom,0,181.5,0,Low (<10%),Americas,Latin America & Caribbean
JAM,Jamaica,2080,opt,bws,Dom,0,181,0,Low (<10%),Americas,Latin America & Caribbean
LBR,Liberia,2030,opt,bws,Dom,0,181,0,Low (<10%),Africa,Sub-Saharan Africa
LBR,Liberia,2030,bau,bws,Dom,0,180.5,0,Low (<10%),Africa,Sub-Saharan Africa
LBR,Liberia,2030,pes,bws,Dom,0,180.5,0,Low (<10%),Africa,Sub-Saharan Africa
LBR,Liberia,2050,opt,bws,Dom,0,181.5,0,Low (<10%),Africa,Sub-Saharan Africa
LBR,Liberia,2050,bau,bws,Dom,0,181.5,0,Low (<10%),Africa,Sub-Saharan Africa
LBR,Liberia,2050,pes,bws,Dom,0,181.5,0,Low (<10%),Africa,Sub-Saharan Africa
LBR,Liberia,2080,opt,bws,Dom,0,181,0,Low (<10%),Africa,Sub-Saharan Africa
LBR,Liberia,2080,bau,bws,Dom,0,182,0,Low (<10%),Africa,Sub-Saharan Africa
LBR,Liberia,2080,pes,bws,Dom,0,182.5,0,Low (<10%),Africa,Sub-Saharan Africa
PNG,Papua New Guinea,2030,opt,bws,Dom,0,181,0,Low (<10%),Oceania,East Asia & Pacific
PNG,Papua New Guinea,2030,bau,bws,Dom,0,180.5,0,Low (<10%),Oceania,East Asia & Pacific
PNG,Papua New Guinea,2030,pes,bws,Dom,0,180.5,0,Low (<10%),Oceania,East Asia & Pacific
PNG,Papua New Guinea,2050,opt,bws,Dom,0,181.5,0,Low (<10%),Oceania,East Asia & Pacific
PNG,Papua New Guinea,2050,bau,bws,Dom,0,181.5,0,Low (<10%),Oceania,East Asia & Pacific
PNG,Papua New Guinea,2050,pes,bws,Dom,0,181.5,0,Low (<10%),Oceania,East Asia & Pacific
PNG,Papua New Guinea,2080,opt,bws,Dom,0,181,0,Low (<10%),Oceania,East Asia & Pacific
PNG,Papua New Guinea,2080,bau,bws,Dom,0,182,0,Low (<10%),Oceania,East Asia & Pacific
PNG,Papua New Guinea,2080,pes,bws,Dom,0,182.5,0,Low (<10%),Oceania,East Asia & Pacific
RWA,Rwanda,2030,bau,bws,Dom,0,180.5,0,Low (<10%),Africa,Sub-Saharan Africa
RWA,Rwanda,2030,pes,bws,Dom,0,180.5,0,Low (<10%),Africa,Sub-Saharan Africa
SLE,Sierra Leone,2030,opt,bws,Dom,0,181,0,Low (<10%),Africa,Sub-Saharan Africa
SLE,Sierra Leone,2030,bau,bws,Dom,0,180.5,0,Low (<10%),Africa,Sub-Saharan Africa
SLE,Sierra Leone,2030,pes,bws,Dom,0,180.5,0,Low (<10%),Africa,Sub-Saharan Africa
SLE,Sierra Leone,2050,opt,bws,Dom,0,181.5,0,Low (<10%),Africa,Sub-Saharan Africa
SLE,Sierra Leone,2050,bau,bws,Dom,0,181.5,0,Low (<10%),Africa,Sub-Saharan Africa
SLE,Sierra Leone,2050,pes,bws,Dom,0,181.5,0,Low (<10%),Africa,Sub-Saharan Africa
SLE,Sierra Leone,2080,opt,bws,Dom,0,181,0,Low (<10%),Africa,Sub-Saharan Africa
SLE,Sierra Leone,2080,bau,bws,Dom,0,182,0,Low (<10%),Africa,Sub-Saharan Africa
