gid_0,name_0,indicator_name,weight,score,score_ranked,cat,label,un_region,wb_region
ARE,United Arab Emirates,bws,Dom,5,5,4,Extremely High (>80%),Asia,Middle East & North Africa
ARE,United Arab Emirates,bws,Irr,5,5,4,Extremely High (>80%),Asia,Middle East & North Africa
BHR,Bahrain,bws,One,5,4.5,4,Extremely High (>80%),Asia,Middle East & North Africa
BHR,Bahrain,bws,Tot,5,4.5,4,Extremely High (>80%),Asia,Middle East & North Africa
BHR,Bahrain,bws,Dom,5,5,4,Extremely High (>80%),Asia,Middle East & North Africa
BHR,Bahrain,bws,Ind,5,5,4,Extremely High (>80%),Asia,Middle East & North Africa
BHR,Bahrain,bws,Irr,5,5,4,Extremely High (>80%),Asia,Middle East & North Africa
BHR,Bahrain,bws,Liv,5,1,4,Extremely High (>80%),Asia,Middle East & North Africa
CYP,Cyprus,bws,One,5,4.5,4,Extremely High (>80%),Asia,Europe & Central Asia
CYP,Cyprus,bws,Tot,5,4.5,4,Extremely High (>80%),Asia,Europe & Central Asia
CYP,Cyprus,bws,Dom,5,5,4,Extremely High (>80%),Asia,Europe & Central Asia
CYP,Cyprus,bws,Ind,5,1,4,Extremely High (>80%),Asia,Europe & Central Asia
CYP,Cyprus,bws,Irr,5,5,4,Extremely High (>80%),Asia,Europe & Central Asia
CYP,Cyprus,bws,Liv,5,5,4,Extremely High (>80%),Asia,Europe & Central Asia
KWT,Kuwait,bws,One,5,4.5,4,Extremely High (>80%),Asia,Middle East & North Africa
KWT,Kuwait,bws,Tot,5,4.5,4,Extremely High (>80%),Asia,Middle East & North Africa
KWT,Kuwait,bws,Dom,5,5,4,Extremely High (>80%),Asia,Middle East & North Africa
KWT,Kuwait,bws,Ind,5,5,4,Extremely High (>80%),Asia,Middle East & North Africa
KWT,Kuwait,bws,Irr,5,1,4,Extremely High (>80%),Asia,Middle East & North Africa
KWT,Kuwait,bws,Liv,5,5,4,Extremely High (>80%),Asia,Middle East & North Africa
LBN,Lebanon,bws,One,5,4.5,4,Extremely High (>80%),Asia,Middle East & North Africa
LBN,Lebanon,bws,Tot,5,4.5,4,Extremely High (>80%),Asia,Middle East & North Africa
LBN,Lebanon,bws,Dom,5,5,4,Extremely High (>80%),Asia,Middle East & North Africa
LBN,Lebanon,bws,Ind,5,5,4,Extremely High (>80%),Asia,Middle East & North Africa
LBN,Lebanon,bws,Irr,5,5,4,Extremely High (>80%),Asia,Middle East & North Africa
LBN,Lebanon,bws,Liv,5,5,4,Extremely High (>80%),Asia,Middle East & North Africa
OMN,Oman,bws,One,5,4.5,4,Extremely High (>80%),Asia,Middle East & North Africa
OMN,Oman,bws,Tot,5,4.5,4,Extremely High (>80%),Asia,Middle East & North Africa
OMN,Oman,bws,Dom,5,5,4,Extremely High (>80%),Asia,Middle East & North Africa
OMN,Oman,bws,Ind,5,5,4,Extremely High (>80%),Asia,Middle East & North Africa
OMN,Oman,bws,Irr,5,5,4,Extremely High (>80%),Asia,Middle East & North Africa
OMN,Oman,bws,Liv,5,5,4,Extremely High (>80%),Asia,Middle East & North Africa
QAT,Qatar,bws,One,5,4.5,4,Extremely High (>80%),Asia,Middle East & North Africa
QAT,Qatar,bws,Tot,5,4.5,4,Extremely High (>80%),Asia,Middle East & North Africa
QAT,Qatar,bws,Dom,5,5,4,Extremely High (>80%),Asia,Middle East & North Africa
QAT,Qatar,bws,Ind,5,5,4,Extremely High (>80%),Asia,Middle East & North Africa
QAT,Qatar,bws,Irr,5,5,4,Extremely High (>80%),Asia,Middle East & North Africa
QAT,Qatar,bws,Liv,5,5,4,Extremely High (>80%),Asia,Middle East & North Africa
SOM,Somalia,rfr,Pop,5,1,4,Extremely High (more than 1 in 100),Africa,Sub-Saharan Africa
ARE,United Arab Emirates,bws,Tot,4.999991212,9,4,Extremely High (>80%),Asia,Middle East & North Africa
ARE,United Arab Emirates,bws,Liv,4.999794543,9,4,Extremely High (>80%),Asia,Middle East & North Africa
ARE,United Arab Emirates,bws,Ind,4.999416276,9,4,Extremely High (>80%),Asia,Middle East & North Africa
SAU,Saudi Arabia,bws,Dom,4.986705053,10,4,Extremely High (>80%),Asia,Middle East & North Africa
SAU,Saudi Arabia,bws,Tot,4.980808426,10,4,Extremely High (>80%),Asia,Middle East & North Africa
SAU,Saudi Arabia,bws,Irr,4.98032788,10,4,Extremely High (>80%),Asia,Middle East & North Africa
ISR,Israel,bws,Irr,4.967328352,11,4,Extremely High (>80%),Asia,Middle East & North Africa
SAU,Saudi Arabia,bws,Liv,4.96216926,10,4,Extremely High (>80%),Asia,Middle East & North Africa
SAU,Saudi Arabia,bws,Ind,4.960206487,10,4,Extremely High (>80%),Asia,Middle East & North Africa
ISR,Israel,bws,Dom,4.945213575,11,4,Extremely High (>80%),Asia,Middle East & North Africa
ISR,Israel,bws,Tot,4.941652066,11,4,Extremely High (>80%),Asia,Middle East & North Africa
EGY,Egypt,bws,Liv,4.904809975,11,4,Extremely High (>80%),Africa,Middle East & North Africa
SAU,Saudi Arabia,bws,One,4.891017,9,4,Extremely High (>80%),Asia,Middle East & North Africa
EGY,Egypt,bws,Irr,4.859964995,12,4,Extremely High (>80%),Africa,Middle East & North Africa
EGY,Egypt,bws,Dom,4.853915813,13,4,Extremely High (>80%),Africa,Middle East & North Africa
ISR,Israel,bws,Liv,4.85275678,12,4,Extremely High (>80%),Asia,Middle East & North Africa
EGY,Egypt,bws,Tot,4.851625216,12,4,Extremely High (>80%),Africa,Middle East & North Africa
LSO,Lesotho,bws,Irr,4.85157649,13,4,Extremely High (>80%),Africa,Sub-Saharan Africa
MRT,Mauritania,rfr,Pop,4.841143914,2,4,Extremely High (more than 1 in 100),Africa,Sub-Saharan Africa
YEM,Yemen,bws,One,4.814270497,10,4,Extremely High (>80%),Asia,Middle East & North Africa
LBY,Libya,bws,Irr,4.814135521,14,4,Extremely High (>80%),Africa,Middle East & North Africa
BWA,Botswana,bws,Dom,4.814111219,14,4,Extremely High (>80%),Africa,Sub-Saharan Africa
LBY,Libya,bws,Tot,4.805210731,13,4,Extremely High (>80%),Africa,Middle East & North Africa
LBR,Liberia,rfr,Pop,4.793889994,3,4,Extremely High (more than 1 in 100),Africa,Sub-Saharan Africa
YEM,Yemen,bws,Liv,4.787443999,13,4,Extremely High (>80%),Asia,Middle East & North Africa
ARE,United Arab Emirates,bws,One,4.782608696,11,4,Extremely High (>80%),Asia,Middle East & North Africa
EGY,Egypt,bws,Ind,4.767725865,11,4,Extremely High (>80%),Africa,Middle East & North Africa
LBY,Libya,bws,Ind,4.759995835,12,4,Extremely High (>80%),Africa,Middle East & North Africa
YEM,Yemen,bws,Ind,4.751910955,13,4,Extremely High (>80%),Asia,Middle East & North Africa
EGY,Egypt,bws,One,4.750249229,12,4,Extremely High (>80%),Africa,Middle East & North Africa
LBY,Libya,bws,Dom,4.740096163,15,4,Extremely High (>80%),Africa,Middle East & North Africa
ISR,Israel,bws,One,4.736809597,13,4,Extremely High (>80%),Asia,Middle East & North Africa
YEM,Yemen,bws,Irr,4.702151545,15,4,Extremely High (>80%),Asia,Middle East & North Africa
YEM,Yemen,bws,Tot,4.693675833,14,4,Extremely High (>80%),Asia,Middle East & North Africa
IRN,Iran,bws,Irr,4.679089086,16,4,Extremely High (>80%),Asia,Middle East & North Africa
LBY,Libya,bws,One,4.673753738,14,4,Extremely High (>80%),Africa,Middle East & North Africa
BWA,Botswana,bws,Tot,4.664307436,15,4,Extremely High (>80%),Africa,Sub-Saharan Africa
ISR,Israel,bws,Ind,4.655947875,14,4,Extremely High (>80%),Asia,Middle East & North Africa
IRN,Iran,bws,Tot,4.653368575,16,4,Extremely High (>80%),Asia,Middle East & North Africa
BGD,Bangladesh,rfr,Pop,4.643022258,4,4,Extremely High (more than 1 in 100),Asia,South Asia
BWA,Botswana,bws,Ind,4.640601157,15,4,Extremely High (>80%),Africa,Sub-Saharan Africa
JOR,Jordan,bws,Dom,4.636468682,16,4,Extremely High (>80%),Asia,Middle East & North Africa
MRT,Mauritania,bws,Ind,4.631598256,16,4,Extremely High (>80%),Africa,Sub-Saharan Africa
BWA,Botswana,bws,Liv,4.626210701,14,4,Extremely High (>80%),Africa,Sub-Saharan Africa
JOR,Jordan,bws,Irr,4.624458418,17,4,Extremely High (>80%),Asia,Middle East & North Africa
JOR,Jordan,bws,Tot,4.619580866,18,4,Extremely High (>80%),Asia,Middle East & North Africa
JOR,Jordan,bws,Liv,4.615605605,15,4,Extremely High (>80%),Asia,Middle East & North Africa
YEM,Yemen,bws,Dom,4.599362577,17,4,Extremely High (>80%),Asia,Middle East & North Africa
ZAF,South Africa,bws,Irr,4.597099794,18,4,Extremely High (>80%),Africa,Sub-Saharan Africa
CHL,Chile,bws,Irr,4.573648065,20,4,Extremely High (>80%),Americas,Latin America & Caribbean
IRN,Iran,bws,Dom,4.530941788,18,4,Extremely High (>80%),Asia,Middle East & North Africa
SYR,Syria,bws,Dom,4.507407952,19,4,Extremely High (>80%),Asia,Middle East & North Africa
DJI,Djibouti,bws,Liv,4.496130266,16,4,Extremely High (>80%),Africa,Middle East & North Africa
JOR,Jordan,bws,One,4.472188487,16,4,Extremely High (>80%),Asia,Middle East & North Africa
CHL,Chile,bws,Tot,4.471868674,19,4,Extremely High (>80%),Americas,Latin America & Caribbean
KHM,Cambodia,rfr,Pop,4.461401359,5,4,Extremely High (more than 1 in 100),Asia,East Asia & Pacific
SMR,San Marino,bws,One,4.449199072,17,4,Extremely High (>80%),Europe,Europe & Central Asia
SMR,San Marino,bws,Tot,4.449199072,20,4,Extremely High (>80%),Europe,Europe & Central Asia
SMR,San Marino,bws,Dom,4.449199072,20,4,Extremely High (>80%),Europe,Europe & Central Asia
SMR,San Marino,bws,Ind,4.449199072,17,4,Extremely High (>80%),Europe,Europe & Central Asia
SMR,San Marino,bws,Liv,4.449199072,17,4,Extremely High (>80%),Europe,Europe & Central Asia
JOR,Jordan,bws,Ind,4.445436172,18,4,Extremely High (>80%),Asia,Middle East & North Africa
GRC,Greece,bws,Irr,4.432162943,21,4,Extremely High (>80%),Europe,Europe & Central Asia
BEL,Belgium,bws,Dom,4.421414629,21,4,Extremely High (>80%),Europe,Europe & Central Asia
BEL,Belgium,bws,Tot,4.410841962,21,4,Extremely High (>80%),Europe,Europe & Central Asia
BEL,Belgium,bws,Ind,4.409913336,19,4,Extremely High (>80%),Europe,Europe & Central Asia
MMR,Myanmar,rfr,Pop,4.402091656,6,4,Extremely High (more than 1 in 100),Asia,East Asia & Pacific
BEL,Belgium,bws,Irr,4.372050512,22,4,Extremely High (>80%),Europe,Europe & Central Asia
GRC,Greece,bws,Dom,4.369208725,22,4,Extremely High (>80%),Europe,Europe & Central Asia
SSD,South Sudan,rfr,Pop,4.35345503,7,4,Extremely High (more than 1 in 100),Africa,Sub-Saharan Africa
GRC,Greece,bws,Liv,4.351392998,18,4,Extremely High (>80%),Europe,Europe & Central Asia
TUN,Tunisia,bws,Ind,4.3494689,20,4,Extremely High (>80%),Africa,Middle East & North Africa
IRN,Iran,bws,Liv,4.348690701,19,4,Extremely High (>80%),Asia,Middle East & North Africa
GRC,Greece,bws,Tot,4.338904439,22,4,Extremely High (>80%),Europe,Europe & Central Asia
SYR,Syria,bws,Liv,4.338868951,20,4,Extremely High (>80%),Asia,Middle East & North Africa
MRT,Mauritania,bws,One,4.330555054,18,4,Extremely High (>80%),Africa,Sub-Saharan Africa
MEX,Mexico,bws,Irr,4.329301937,23,4,Extremely High (>80%),Americas,Latin America & Caribbean
BWA,Botswana,bws,One,4.318959834,19,4,Extremely High (>80%),Africa,Sub-Saharan Africa
NAM,Namibia,bws,Liv,4.316273,21,4,Extremely High (>80%),Africa,Sub-Saharan Africa
TUN,Tunisia,bws,Dom,4.315099377,23,4,Extremely High (>80%),Africa,Middle East & North Africa
KGZ,Kyrgyzstan,rfr,Pop,4.309121318,8,4,Extremely High (more than 1 in 100),Asia,Europe & Central Asia
TUN,Tunisia,bws,Tot,4.280358914,23,4,Extremely High (>80%),Africa,Middle East & North Africa
BEL,Belgium,bws,Liv,4.2749415,22,4,Extremely High (>80%),Europe,Europe & Central Asia
NAM,Namibia,bws,Irr,4.274431327,24,4,Extremely High (>80%),Africa,Sub-Saharan Africa
TUN,Tunisia,bws,Irr,4.271742545,25,4,Extremely High (>80%),Africa,Middle East & North Africa
AFG,Afghanistan,rfr,Pop,4.268904463,9,4,Extremely High (more than 1 in 100),Asia,South Asia
NER,Niger,bws,Liv,4.242016912,23,4,Extremely High (>80%),Africa,Sub-Saharan Africa
NER,Niger,bws,One,4.24181094,20,4,Extremely High (>80%),Africa,Sub-Saharan Africa
IRQ,Iraq,bws,Irr,4.222124252,26,4,Extremely High (>80%),Asia,Middle East & North Africa
DZA,Algeria,bws,One,4.221967534,21,4,Extremely High (>80%),Africa,Middle East & North Africa
DZA,Algeria,bws,Ind,4.219348966,21,4,Extremely High (>80%),Africa,Middle East & North Africa
TUN,Tunisia,bws,One,4.216171313,22,4,Extremely High (>80%),Africa,Middle East & North Africa
TJK,Tajikistan,rfr,Pop,4.212338709,10,4,Extremely High (more than 1 in 100),Asia,Europe & Central Asia
DJI,Djibouti,rfr,Pop,4.185922177,11,4,Extremely High (more than 1 in 100),Africa,Middle East & North Africa
VNM,Vietnam,rfr,Pop,4.185490564,12,4,Extremely High (more than 1 in 100),Asia,East Asia & Pacific
LAO,Laos,rfr,Pop,4.184712692,13,4,Extremely High (more than 1 in 100),Asia,East Asia & Pacific
NAM,Namibia,bws,Tot,4.175797611,24,4,Extremely High (>80%),Africa,Sub-Saharan Africa
ZAF,South Africa,bws,Tot,4.167753556,25,4,Extremely High (>80%),Africa,Sub-Saharan Africa
UKR,Ukraine,drr,Irr,4.159715335,1,4,High (0.8-1.0),Europe,Europe & Central Asia
IDN,Indonesia,rfr,Pop,4.157848588,14,4,Extremely High (more than 1 in 100),Asia,East Asia & Pacific
NAM,Namibia,bws,One,4.15498634,23,4,Extremely High (>80%),Africa,Sub-Saharan Africa
IRQ,Iraq,bws,Tot,4.146234505,26,4,Extremely High (>80%),Asia,Middle East & North Africa
PER,Peru,bws,Irr,4.139972102,27,4,Extremely High (>80%),Americas,Latin America & Caribbean
IND,India,bws,Irr,4.137340655,28,4,Extremely High (>80%),Asia,South Asia
GUY,Guyana,rfr,Pop,4.1271536,15,4,Extremely High (more than 1 in 100),Americas,Latin America & Caribbean
MDA,Moldova,drr,Liv,4.126074815,1,4,High (0.8-1.0),Europe,Europe & Central Asia
NAM,Namibia,bws,Dom,4.124783137,25,4,Extremely High (>80%),Africa,Sub-Saharan Africa
MDA,Moldova,drr,One,4.119007665,1,4,High (0.8-1.0),Europe,Europe & Central Asia
MDG,Madagascar,rfr,Pop,4.117547783,16,4,Extremely High (more than 1 in 100),Africa,Sub-Saharan Africa
TUN,Tunisia,bws,Liv,4.117408191,24,4,Extremely High (>80%),Africa,Middle East & North Africa
RWA,Rwanda,rfr,Pop,4.114553101,17,4,Extremely High (more than 1 in 100),Africa,Sub-Saharan Africa
ESP,Spain,bws,Irr,4.114245181,29,4,Extremely High (>80%),Europe,Europe & Central Asia
IND,India,bws,Tot,4.107794474,27,4,Extremely High (>80%),Asia,South Asia
IRN,Iran,bws,Ind,4.104506528,23,4,Extremely High (>80%),Asia,Middle East & North Africa
TCD,Chad,rfr,Pop,4.099907296,18,4,Extremely High (more than 1 in 100),Africa,Sub-Saharan Africa
ROU,Romania,drr,Irr,4.092571955,2,4,High (0.8-1.0),Europe,Europe & Central Asia
CHL,Chile,bws,Dom,4.091050516,26,4,Extremely High (>80%),Americas,Latin America & Caribbean
MDA,Moldova,drr,Dom,4.08830029,1,4,High (0.8-1.0),Europe,Europe & Central Asia
MDA,Moldova,drr,Irr,4.086091695,3,4,High (0.8-1.0),Europe,Europe & Central Asia
MDA,Moldova,drr,Tot,4.08090716,1,4,High (0.8-1.0),Europe,Europe & Central Asia
MDA,Moldova,drr,Ind,4.079502985,1,4,High (0.8-1.0),Europe,Europe & Central Asia
IND,India,bws,Ind,4.06861832,24,4,Extremely High (>80%),Asia,South Asia
LBN,Lebanon,rfr,Pop,4.058835993,19,4,Extremely High (more than 1 in 100),Asia,Middle East & North Africa
MOZ,Mozambique,rfr,Pop,4.058069422,20,4,Extremely High (more than 1 in 100),Africa,Sub-Saharan Africa
EGY,Egypt,rfr,Pop,4.056823831,21,4,Extremely High (more than 1 in 100),Africa,Middle East & North Africa
MLI,Mali,rfr,Pop,4.054416008,22,4,Extremely High (more than 1 in 100),Africa,Sub-Saharan Africa
PRK,North Korea,rfr,Pop,4.050354699,23,4,Extremely High (more than 1 in 100),Asia,East Asia & Pacific
SLE,Sierra Leone,rfr,Pop,4.049457129,24,4,Extremely High (more than 1 in 100),Africa,Sub-Saharan Africa
MWI,Malawi,rfr,Pop,4.046766363,25,4,Extremely High (more than 1 in 100),Africa,Sub-Saharan Africa
UZB,Uzbekistan,bws,Liv,4.044773522,26,4,Extremely High (>80%),Asia,Europe & Central Asia
GNB,Guinea-Bissau,rfr,Pop,4.044614204,26,4,Extremely High (more than 1 in 100),Africa,Sub-Saharan Africa
PNG,Papua New Guinea,rfr,Pop,4.043224096,27,4,Extremely High (more than 1 in 100),Oceania,East Asia & Pacific
KEN,Kenya,rfr,Pop,4.031405135,28,4,Extremely High (more than 1 in 100),Africa,Sub-Saharan Africa
UKR,Ukraine,drr,Tot,4.025066165,2,4,High (0.8-1.0),Europe,Europe & Central Asia
LKA,Sri Lanka,rfr,Pop,4.019451628,29,4,Extremely High (more than 1 in 100),Asia,South Asia
MAR,Morocco,bws,Irr,4.01906683,30,4,Extremely High (>80%),Africa,Middle East & North Africa
UKR,Ukraine,drr,Ind,4.018756375,2,4,High (0.8-1.0),Europe,Europe & Central Asia
YEM,Yemen,rfr,Pop,4.018270676,30,4,Extremely High (more than 1 in 100),Asia,Middle East & North Africa
SUR,Suriname,rfr,Pop,4.016527426,31,4,Extremely High (more than 1 in 100),Americas,Latin America & Caribbean
SYR,Syria,bws,Tot,4.013468628,29,4,Extremely High (>80%),Asia,Middle East & North Africa
GEO,Georgia,rfr,Pop,4.003884947,32,4,Extremely High (more than 1 in 100),Asia,Europe & Central Asia
ERI,Eritrea,bws,Dom,3.997655219,27,3,High (40-80%),Africa,Sub-Saharan Africa
LSO,Lesotho,bws,Ind,3.99703121,26,3,High (40-80%),Africa,Sub-Saharan Africa
MEX,Mexico,bws,Tot,3.995019932,30,3,High (40-80%),Americas,Latin America & Caribbean
MAR,Morocco,bws,Tot,3.988406127,31,3,High (40-80%),Africa,Middle East & North Africa
SDN,Sudan,rfr,Pop,3.982389561,33,3,"High (8 in 1,000 to 1 in 100)",Africa,Sub-Saharan Africa
SYR,Syria,bws,Irr,3.981157638,31,3,High (40-80%),Asia,Middle East & North Africa
BGD,Bangladesh,drr,Irr,3.963354095,4,3,Medium - High (0.6-0.8),Asia,South Asia
SEN,Senegal,bws,Ind,3.960326629,27,3,High (40-80%),Africa,Sub-Saharan Africa
GRC,Greece,bws,Ind,3.959727488,28,3,High (40-80%),Europe,Europe & Central Asia
SRB,Serbia,drr,Irr,3.959607635,5,3,Medium - High (0.6-0.8),Europe,Europe & Central Asia
BGD,Bangladesh,drr,Tot,3.95454608,3,3,Medium - High (0.6-0.8),Asia,South Asia
UKR,Ukraine,drr,Dom,3.953348325,2,3,Medium - High (0.6-0.8),Europe,Europe & Central Asia
SYR,Syria,bws,One,3.953209729,24,3,High (40-80%),Asia,Middle East & North Africa
ERI,Eritrea,bws,Irr,3.952636779,32,3,High (40-80%),Africa,Sub-Saharan Africa
UKR,Ukraine,drr,One,3.95252358,2,3,Medium - High (0.6-0.8),Europe,Europe & Central Asia
ERI,Eritrea,bws,Tot,3.942539986,32,3,High (40-80%),Africa,Sub-Saharan Africa
ESP,Spain,bws,Tot,3.940242667,33,3,High (40-80%),Europe,Europe & Central Asia
SEN,Senegal,rfr,Pop,3.931731688,34,3,"High (8 in 1,000 to 1 in 100)",Africa,Sub-Saharan Africa
CHL,Chile,bws,Ind,3.931082576,29,3,High (40-80%),Americas,Latin America & Caribbean
NAM,Namibia,bws,Ind,3.926393738,30,3,High (40-80%),Africa,Sub-Saharan Africa
LBY,Libya,bws,Liv,3.926014677,27,3,High (40-80%),Africa,Middle East & North Africa
UKR,Ukraine,drr,Liv,3.924600895,2,3,Medium - High (0.6-0.8),Europe,Europe & Central Asia
GRC,Greece,bws,One,3.913604049,25,3,High (40-80%),Europe,Europe & Central Asia
IRN,Iran,bws,One,3.912139926,26,3,High (40-80%),Asia,Middle East & North Africa
NER,Niger,bws,Dom,3.909961564,28,3,High (40-80%),Africa,Sub-Saharan Africa
ERI,Eritrea,rfr,Pop,3.892682147,35,3,"High (8 in 1,000 to 1 in 100)",Africa,Sub-Saharan Africa
TKM,Turkmenistan,bws,Liv,3.886137093,28,3,High (40-80%),Asia,Europe & Central Asia
DZA,Algeria,bws,Tot,3.873999102,34,3,High (40-80%),Africa,Middle East & North Africa
MAR,Morocco,bws,Ind,3.873703729,31,3,High (40-80%),Africa,Middle East & North Africa
DZA,Algeria,bws,Irr,3.866494959,33,3,High (40-80%),Africa,Middle East & North Africa
BGD,Bangladesh,drr,Liv,3.85250729,3,3,Medium - High (0.6-0.8),Asia,South Asia
SYR,Syria,bws,Ind,3.845847819,32,3,High (40-80%),Asia,Middle East & North Africa
BGD,Bangladesh,drr,Dom,3.83703213,3,3,Medium - High (0.6-0.8),Asia,South Asia
LIE,Liechtenstein,rfr,Pop,3.817457696,36,3,"High (8 in 1,000 to 1 in 100)",Europe,Europe & Central Asia
IND,India,drr,Irr,3.812781895,6,3,Medium - High (0.6-0.8),Asia,South Asia
TZA,Tanzania,rfr,Pop,3.810360245,37,3,"High (8 in 1,000 to 1 in 100)",Africa,Sub-Saharan Africa
PAK,Pakistan,bws,Irr,3.801612369,34,3,High (40-80%),Asia,South Asia
BGD,Bangladesh,drr,Ind,3.801102785,3,3,Medium - High (0.6-0.8),Asia,South Asia
IND,India,drr,Tot,3.800612155,4,3,Medium - High (0.6-0.8),Asia,South Asia
IRQ,Iraq,bws,Dom,3.795092309,29,3,High (40-80%),Asia,Middle East & North Africa
ESP,Spain,bws,Dom,3.79343635,30,3,High (40-80%),Europe,Europe & Central Asia
PAK,Pakistan,bws,Tot,3.790570063,35,3,High (40-80%),Asia,South Asia
SRB,Serbia,drr,Dom,3.78946007,4,3,Medium - High (0.6-0.8),Europe,Europe & Central Asia
NPL,Nepal,rfr,Pop,3.78238305,38,3,"High (8 in 1,000 to 1 in 100)",Asia,South Asia
IND,India,bws,Liv,3.779363749,29,3,High (40-80%),Asia,South Asia
HTI,Haiti,drr,Liv,3.77484016,4,3,Medium - High (0.6-0.8),Americas,Latin America & Caribbean
IND,India,bws,Dom,3.773850233,31,3,High (40-80%),Asia,South Asia
ZAF,South Africa,bws,Ind,3.771043075,33,3,High (40-80%),Africa,Sub-Saharan Africa
SRB,Serbia,drr,Tot,3.7623111,5,3,Medium - High (0.6-0.8),Europe,Europe & Central Asia
SRB,Serbia,drr,Ind,3.757252265,4,3,Medium - High (0.6-0.8),Europe,Europe & Central Asia
TKM,Turkmenistan,bws,Irr,3.751803818,35,3,High (40-80%),Asia,Europe & Central Asia
ZAF,South Africa,bws,One,3.746910994,27,3,High (40-80%),Africa,Sub-Saharan Africa
PER,Peru,bws,Tot,3.743217047,36,3,High (40-80%),Americas,Latin America & Caribbean
TKM,Turkmenistan,bws,Ind,3.742092428,34,3,High (40-80%),Asia,Europe & Central Asia
TKM,Turkmenistan,bws,Tot,3.73812683,37,3,High (40-80%),Asia,Europe & Central Asia
SYR,Syria,drr,Irr,3.73631124,7,3,Medium - High (0.6-0.8),Asia,Middle East & North Africa
MNG,Mongolia,bws,Liv,3.734731711,30,3,High (40-80%),Asia,East Asia & Pacific
HUN,Hungary,drr,Irr,3.73021484,8,3,Medium - High (0.6-0.8),Europe,Europe & Central Asia
BGD,Bangladesh,drr,One,3.72997134,3,3,Medium - High (0.6-0.8),Asia,South Asia
MAR,Morocco,bws,Dom,3.729882155,32,3,High (40-80%),Africa,Middle East & North Africa
SYR,Syria,drr,Tot,3.72298318,6,3,Medium - High (0.6-0.8),Asia,Middle East & North Africa
UZB,Uzbekistan,bws,Ind,3.719430179,35,3,High (40-80%),Asia,Europe & Central Asia
SVK,Slovakia,drr,Irr,3.714158025,9,3,Medium - High (0.6-0.8),Europe,Europe & Central Asia
USA,United States,bws,Irr,3.710738468,36,3,High (40-80%),Americas,North America
DZA,Algeria,bws,Dom,3.710577446,33,3,High (40-80%),Africa,Middle East & North Africa
IND,India,drr,Dom,3.687994855,5,3,Medium - High (0.6-0.8),Asia,South Asia
IND,India,drr,Ind,3.68003281,5,3,Medium - High (0.6-0.8),Asia,South Asia
NER,Niger,rfr,Pop,3.679631002,39,3,"High (8 in 1,000 to 1 in 100)",Africa,Sub-Saharan Africa
MAR,Morocco,drr,Irr,3.677670605,10,3,Medium - High (0.6-0.8),Africa,Middle East & North Africa
SYR,Syria,drr,Ind,3.672159225,6,3,Medium - High (0.6-0.8),Asia,Middle East & North Africa
IDN,Indonesia,drr,Irr,3.67178702,11,3,Medium - High (0.6-0.8),Asia,East Asia & Pacific
ERI,Eritrea,bws,Ind,3.671348479,36,3,High (40-80%),Africa,Sub-Saharan Africa
SYR,Syria,drr,Liv,3.66626042,5,3,Medium - High (0.6-0.8),Asia,Middle East & North Africa
MAR,Morocco,drr,Tot,3.665854775,7,3,Medium - High (0.6-0.8),Africa,Middle East & North Africa
MNG,Mongolia,rfr,Pop,3.662612856,40,3,"High (8 in 1,000 to 1 in 100)",Asia,East Asia & Pacific
BEL,Belgium,bws,One,3.659995013,28,3,High (40-80%),Europe,Europe & Central Asia
LBY,Libya,rfr,Pop,3.659899624,41,3,"High (8 in 1,000 to 1 in 100)",Africa,Middle East & North Africa
MNG,Mongolia,bws,Irr,3.647676897,37,3,High (40-80%),Asia,East Asia & Pacific
HTI,Haiti,drr,Irr,3.64703986,12,3,Medium - High (0.6-0.8),Americas,Latin America & Caribbean
KHM,Cambodia,drr,Irr,3.646721985,13,3,Medium - High (0.6-0.8),Asia,East Asia & Pacific
HTI,Haiti,drr,Tot,3.641886935,8,3,Medium - High (0.6-0.8),Americas,Latin America & Caribbean
THA,Thailand,bws,Irr,3.641575331,38,3,High (40-80%),Asia,East Asia & Pacific
ROU,Romania,drr,Tot,3.64040597,9,3,Medium - High (0.6-0.8),Europe,Europe & Central Asia
IDN,Indonesia,drr,Tot,3.638001465,10,3,Medium - High (0.6-0.8),Asia,East Asia & Pacific
UZB,Uzbekistan,bws,Tot,3.628291849,38,3,High (40-80%),Asia,Europe & Central Asia
KHM,Cambodia,drr,Tot,3.62552531,11,3,Medium - High (0.6-0.8),Asia,East Asia & Pacific
ESP,Spain,bws,Ind,3.623649194,37,3,High (40-80%),Europe,Europe & Central Asia
THA,Thailand,bws,Tot,3.623007642,39,3,High (40-80%),Asia,East Asia & Pacific
UZB,Uzbekistan,bws,Irr,3.619680829,39,3,High (40-80%),Asia,Europe & Central Asia
HTI,Haiti,drr,Dom,3.61912775,6,3,Medium - High (0.6-0.8),Americas,Latin America & Caribbean
BWA,Botswana,bws,Irr,3.618689333,40,3,High (40-80%),Africa,Sub-Saharan Africa
IND,India,drr,Liv,3.61579479,6,3,Medium - High (0.6-0.8),Asia,South Asia
MAR,Morocco,drr,Liv,3.609552015,7,3,Medium - High (0.6-0.8),Africa,Middle East & North Africa
SRB,Serbia,drr,One,3.60638021,4,3,Medium - High (0.6-0.8),Europe,Europe & Central Asia
PAK,Pakistan,bws,Dom,3.601988255,34,3,High (40-80%),Asia,South Asia
MAR,Morocco,drr,Dom,3.593246295,7,3,Medium - High (0.6-0.8),Africa,Middle East & North Africa
MAR,Morocco,rfr,Pop,3.587518571,42,3,"High (8 in 1,000 to 1 in 100)",Africa,Middle East & North Africa
ROU,Romania,drr,Dom,3.578596995,8,3,Medium - High (0.6-0.8),Europe,Europe & Central Asia
PAK,Pakistan,bws,Liv,3.573235413,31,3,High (40-80%),Asia,South Asia
HUN,Hungary,drr,One,3.570887735,5,3,Medium - High (0.6-0.8),Europe,Europe & Central Asia
SRB,Serbia,drr,Liv,3.56874831,8,3,Medium - High (0.6-0.8),Europe,Europe & Central Asia
DJI,Djibouti,bws,Ind,3.555260201,38,3,High (40-80%),Africa,Middle East & North Africa
LKA,Sri Lanka,drr,Dom,3.554898655,9,3,Medium - High (0.6-0.8),Asia,South Asia
PAK,Pakistan,bws,Ind,3.554658339,39,3,High (40-80%),Asia,South Asia
TGO,Togo,drr,Irr,3.551324995,14,3,Medium - High (0.6-0.8),Africa,Sub-Saharan Africa
AND,Andorra,bws,One,3.544997224,30,3,High (40-80%),Europe,Europe & Central Asia
AND,Andorra,bws,Tot,3.544997224,40,3,High (40-80%),Europe,Europe & Central Asia
AND,Andorra,bws,Dom,3.544997224,35,3,High (40-80%),Europe,Europe & Central Asia
AND,Andorra,bws,Ind,3.544997224,40,3,High (40-80%),Europe,Europe & Central Asia
AND,Andorra,bws,Irr,3.544997224,41,3,High (40-80%),Europe,Europe & Central Asia
AND,Andorra,bws,Liv,3.544997224,32,3,High (40-80%),Europe,Europe & Central Asia
TGO,Togo,drr,One,3.54168502,6,3,Medium - High (0.6-0.8),Africa,Sub-Saharan Africa
LKA,Sri Lanka,drr,Ind,3.53343311,7,3,Medium - High (0.6-0.8),Asia,South Asia
UZB,Uzbekistan,drr,Irr,3.527416215,15,3,Medium - High (0.6-0.8),Asia,Europe & Central Asia
HND,Honduras,rfr,Pop,3.526616315,43,3,"High (8 in 1,000 to 1 in 100)",Americas,Latin America & Caribbean
IDN,Indonesia,drr,Dom,3.51734153,10,3,Medium - High (0.6-0.8),Asia,East Asia & Pacific
IRQ,Iraq,bws,One,3.516919166,31,3,High (40-80%),Asia,Middle East & North Africa
ROU,Romania,drr,Ind,3.515128145,8,3,Medium - High (0.6-0.8),Europe,Europe & Central Asia
GTM,Guatemala,rfr,Pop,3.512712615,44,3,"High (8 in 1,000 to 1 in 100)",Americas,Latin America & Caribbean
TGO,Togo,drr,Tot,3.511489105,12,3,Medium - High (0.6-0.8),Africa,Sub-Saharan Africa
HUN,Hungary,drr,Liv,3.510518995,9,3,Medium - High (0.6-0.8),Europe,Europe & Central Asia
MAR,Morocco,bws,Liv,3.505195064,33,3,High (40-80%),Africa,Middle East & North Africa
TGO,Togo,drr,Dom,3.50401219,11,3,Medium - High (0.6-0.8),Africa,Sub-Saharan Africa
ALB,Albania,bws,Irr,3.502358465,42,3,High (40-80%),Europe,Europe & Central Asia
UZB,Uzbekistan,drr,Tot,3.496206055,13,3,Medium - High (0.6-0.8),Asia,Europe & Central Asia
TUR,Turkey,bws,Irr,3.486397482,43,3,High (40-80%),Asia,Europe & Central Asia
MAR,Morocco,drr,Ind,3.48340418,9,3,Medium - High (0.6-0.8),Africa,Middle East & North Africa
TUN,Tunisia,drr,Irr,3.482967205,16,3,Medium - High (0.6-0.8),Africa,Middle East & North Africa
LBN,Lebanon,drr,Liv,3.48251728,10,3,Medium - High (0.6-0.8),Asia,Middle East & North Africa
ALB,Albania,bws,Tot,3.473828698,41,3,High (40-80%),Europe,Europe & Central Asia
NER,Niger,bws,Tot,3.471298326,42,3,High (40-80%),Africa,Sub-Saharan Africa
IRQ,Iraq,bws,Ind,3.471128129,41,3,High (40-80%),Asia,Middle East & North Africa
ALB,Albania,bws,Dom,3.470664128,36,3,High (40-80%),Europe,Europe & Central Asia
ROU,Romania,drr,Liv,3.468028805,11,3,Medium - High (0.6-0.8),Europe,Europe & Central Asia
POL,Poland,drr,Irr,3.465074135,17,3,Medium - High (0.6-0.8),Europe,Europe & Central Asia
POL,Poland,drr,Liv,3.458863575,12,3,Medium - High (0.6-0.8),Europe,Europe & Central Asia
TGO,Togo,drr,Liv,3.456993435,13,3,Medium - High (0.6-0.8),Africa,Sub-Saharan Africa
LTU,Lithuania,drr,Irr,3.45326391,18,3,Medium - High (0.6-0.8),Europe,Europe & Central Asia
UZB,Uzbekistan,bws,Dom,3.450762308,37,3,High (40-80%),Asia,Europe & Central Asia
TGO,Togo,drr,Ind,3.450304855,10,3,Medium - High (0.6-0.8),Africa,Sub-Saharan Africa
ROU,Romania,drr,One,3.446792475,7,3,Medium - High (0.6-0.8),Europe,Europe & Central Asia
SYR,Syria,drr,One,3.44223079,8,3,Medium - High (0.6-0.8),Asia,Middle East & North Africa
HTI,Haiti,drr,One,3.439259265,9,3,Medium - High (0.6-0.8),Americas,Latin America & Caribbean
POL,Poland,drr,Tot,3.43199257,14,3,Medium - High (0.6-0.8),Europe,Europe & Central Asia
POL,Poland,drr,Ind,3.431331455,11,3,Medium - High (0.6-0.8),Europe,Europe & Central Asia
POL,Poland,drr,Dom,3.42749962,12,3,Medium - High (0.6-0.8),Europe,Europe & Central Asia
UZB,Uzbekistan,drr,Ind,3.42559462,12,3,Medium - High (0.6-0.8),Asia,Europe & Central Asia
PRT,Portugal,bws,Dom,3.424971126,38,3,High (40-80%),Europe,Europe & Central Asia
POL,Poland,drr,One,3.417936545,10,3,Medium - High (0.6-0.8),Europe,Europe & Central Asia
RUS,Russia,drr,Irr,3.417125835,19,3,Medium - High (0.6-0.8),Europe,Europe & Central Asia
ARE,United Arab Emirates,rfr,Pop,3.412390253,45,3,"High (8 in 1,000 to 1 in 100)",Asia,Middle East & North Africa
THA,Thailand,bws,Ind,3.411990021,42,3,High (40-80%),Asia,East Asia & Pacific
HUN,Hungary,drr,Ind,3.41145297,13,3,Medium - High (0.6-0.8),Europe,Europe & Central Asia
ITA,Italy,bws,Dom,3.41084066,39,3,High (40-80%),Europe,Europe & Central Asia
NER,Niger,bws,Irr,3.40935729,44,3,High (40-80%),Africa,Sub-Saharan Africa
MEX,Mexico,bws,Dom,3.405223021,40,3,High (40-80%),Americas,Latin America & Caribbean
IDN,Indonesia,drr,Ind,3.40431761,14,3,Medium - High (0.6-0.8),Asia,East Asia & Pacific
IDN,Indonesia,drr,Liv,3.40278756,14,3,Medium - High (0.6-0.8),Asia,East Asia & Pacific
IRQ,Iraq,rfr,Pop,3.400285303,46,3,"High (8 in 1,000 to 1 in 100)",Asia,Middle East & North Africa
MKD,Macedonia,drr,Dom,3.3987357,13,3,Medium - High (0.6-0.8),Europe,Europe & Central Asia
LTU,Lithuania,drr,Dom,3.397349045,14,3,Medium - High (0.6-0.8),Europe,Europe & Central Asia
MKD,Macedonia,drr,Ind,3.396480405,15,3,Medium - High (0.6-0.8),Europe,Europe & Central Asia
LTU,Lithuania,drr,One,3.39548802,11,3,Medium - High (0.6-0.8),Europe,Europe & Central Asia
UZB,Uzbekistan,bws,One,3.394065855,32,3,High (40-80%),Asia,Europe & Central Asia
LTU,Lithuania,drr,Tot,3.392873405,15,3,Medium - High (0.6-0.8),Europe,Europe & Central Asia
LTU,Lithuania,drr,Ind,3.39211925,16,3,Medium - High (0.6-0.8),Europe,Europe & Central Asia
DOM,Dominican Republic,drr,Irr,3.38894847,20,3,Medium - High (0.6-0.8),Americas,Latin America & Caribbean
TUR,Turkey,bws,Tot,3.386483429,43,3,High (40-80%),Asia,Europe & Central Asia
AFG,Afghanistan,bws,Irr,3.386245758,45,3,High (40-80%),Asia,South Asia
LTU,Lithuania,drr,Liv,3.38596756,15,3,Medium - High (0.6-0.8),Europe,Europe & Central Asia
CAF,Central African Republic,rfr,Pop,3.385400914,47,3,"High (8 in 1,000 to 1 in 100)",Africa,Sub-Saharan Africa
DJI,Djibouti,bws,Irr,3.381672363,46,3,High (40-80%),Africa,Middle East & North Africa
SYR,Syria,drr,Dom,3.381199145,15,3,Medium - High (0.6-0.8),Asia,Middle East & North Africa
VNM,Vietnam,drr,Irr,3.38018847,21,3,Medium - High (0.6-0.8),Asia,East Asia & Pacific
TLS,Timor-Leste,drr,Liv,3.37538675,16,3,Medium - High (0.6-0.8),Asia,East Asia & Pacific
AFG,Afghanistan,bws,Tot,3.369185991,44,3,High (40-80%),Asia,South Asia
PAK,Pakistan,drr,Irr,3.367602985,22,3,Medium - High (0.6-0.8),Asia,South Asia
MNG,Mongolia,bws,One,3.367163344,33,3,High (40-80%),Asia,East Asia & Pacific
HUN,Hungary,drr,Tot,3.36644788,16,3,Medium - High (0.6-0.8),Europe,Europe & Central Asia
BGR,Bulgaria,drr,Irr,3.36520806,23,3,Medium - High (0.6-0.8),Europe,Europe & Central Asia
DZA,Algeria,bws,Liv,3.361696089,35,3,High (40-80%),Africa,Middle East & North Africa
PAK,Pakistan,drr,Tot,3.360329715,17,3,Medium - High (0.6-0.8),Asia,South Asia
TUN,Tunisia,drr,Tot,3.35145636,18,3,Medium - High (0.6-0.8),Africa,Middle East & North Africa
BLR,Belarus,drr,One,3.351248975,12,3,Medium - High (0.6-0.8),Europe,Europe & Central Asia
CUB,Cuba,drr,Irr,3.344584665,24,3,Medium - High (0.6-0.8),Americas,Latin America & Caribbean
ITA,Italy,bws,Tot,3.344018796,45,3,High (40-80%),Europe,Europe & Central Asia
CUB,Cuba,drr,Liv,3.34345719,17,3,Medium - High (0.6-0.8),Americas,Latin America & Caribbean
ZAF,South Africa,bws,Dom,3.342836652,41,3,High (40-80%),Africa,Sub-Saharan Africa
BLR,Belarus,drr,Ind,3.340989465,17,3,Medium - High (0.6-0.8),Europe,Europe & Central Asia
UZB,Uzbekistan,drr,Liv,3.34095417,18,3,Medium - High (0.6-0.8),Asia,Europe & Central Asia
RWA,Rwanda,drr,Ind,3.338724185,18,3,Medium - High (0.6-0.8),Africa,Sub-Saharan Africa
ITA,Italy,bws,Irr,3.335438034,47,3,High (40-80%),Europe,Europe & Central Asia
KHM,Cambodia,drr,Dom,3.334371215,16,3,Medium - High (0.6-0.8),Asia,East Asia & Pacific
VNM,Vietnam,drr,Tot,3.326772565,19,3,Medium - High (0.6-0.8),Asia,East Asia & Pacific
BLR,Belarus,drr,Tot,3.323381645,20,3,Medium - High (0.6-0.8),Europe,Europe & Central Asia
LBN,Lebanon,drr,One,3.32294354,13,3,Medium - High (0.6-0.8),Asia,Middle East & North Africa
CUB,Cuba,drr,Tot,3.318887255,21,3,Medium - High (0.6-0.8),Americas,Latin America & Caribbean
ITA,Italy,bws,Ind,3.318223979,43,3,High (40-80%),Europe,Europe & Central Asia
ALB,Albania,bws,Ind,3.314501814,44,3,High (40-80%),Europe,Europe & Central Asia
BLR,Belarus,drr,Irr,3.313167795,25,3,Medium - High (0.6-0.8),Europe,Europe & Central Asia
BLR,Belarus,drr,Liv,3.309107535,19,3,Medium - High (0.6-0.8),Europe,Europe & Central Asia
TKM,Turkmenistan,bws,One,3.308650279,34,3,High (40-80%),Asia,Europe & Central Asia
DOM,Dominican Republic,drr,Tot,3.308417515,22,3,Medium - High (0.6-0.8),Americas,Latin America & Caribbean
UZB,Uzbekistan,drr,Dom,3.306953675,17,3,Medium - High (0.6-0.8),Asia,Europe & Central Asia
NER,Niger,bws,Ind,3.304603573,45,3,High (40-80%),Africa,Sub-Saharan Africa
TKM,Turkmenistan,bws,Dom,3.304365238,42,3,High (40-80%),Asia,Europe & Central Asia
RWA,Rwanda,drr,Irr,3.298093295,26,3,Medium - High (0.6-0.8),Africa,Sub-Saharan Africa
MLI,Mali,bws,One,3.295918907,35,3,High (40-80%),Africa,Sub-Saharan Africa
RWA,Rwanda,drr,Tot,3.29587581,23,3,Medium - High (0.6-0.8),Africa,Sub-Saharan Africa
DNK,Denmark,drr,Irr,3.295649015,27,3,Medium - High (0.6-0.8),Europe,Europe & Central Asia
KGZ,Kyrgyzstan,bws,Irr,3.295402633,48,3,High (40-80%),Asia,Europe & Central Asia
MKD,Macedonia,drr,Tot,3.2907369,24,3,Medium - High (0.6-0.8),Europe,Europe & Central Asia
MRT,Mauritania,bws,Dom,3.290113151,43,3,High (40-80%),Africa,Sub-Saharan Africa
LBN,Lebanon,drr,Irr,3.28866704,28,3,Medium - High (0.6-0.8),Asia,Middle East & North Africa
JAM,Jamaica,drr,Irr,3.2879019,29,3,Medium - High (0.6-0.8),Americas,Latin America & Caribbean
HRV,Croatia,drr,Irr,3.28765277,30,3,Medium - High (0.6-0.8),Europe,Europe & Central Asia
DNK,Denmark,drr,Liv,3.279955405,20,3,Medium - High (0.6-0.8),Europe,Europe & Central Asia
THA,Thailand,bws,Liv,3.277960321,36,3,High (40-80%),Asia,East Asia & Pacific
KGZ,Kyrgyzstan,bws,Tot,3.276846479,46,3,High (40-80%),Asia,Europe & Central Asia
AZE,Azerbaijan,drr,Irr,3.273115895,31,3,Medium - High (0.6-0.8),Asia,Europe & Central Asia
TUN,Tunisia,drr,Liv,3.27157322,21,3,Medium - High (0.6-0.8),Africa,Middle East & North Africa
GHA,Ghana,rfr,Pop,3.270727742,48,3,"High (8 in 1,000 to 1 in 100)",Africa,Sub-Saharan Africa
SYR,Syria,rfr,Pop,3.266019186,49,3,"High (8 in 1,000 to 1 in 100)",Asia,Middle East & North Africa
PAK,Pakistan,rfr,Pop,3.261080485,50,3,"High (8 in 1,000 to 1 in 100)",Asia,South Asia
PRT,Portugal,bws,Tot,3.260032396,47,3,High (40-80%),Europe,Europe & Central Asia
LKA,Sri Lanka,drr,Liv,3.259035195,22,3,Medium - High (0.6-0.8),Asia,South Asia
NIC,Nicaragua,drr,Irr,3.25880478,32,3,Medium - High (0.6-0.8),Americas,Latin America & Caribbean
RWA,Rwanda,drr,Dom,3.25468071,18,3,Medium - High (0.6-0.8),Africa,Sub-Saharan Africa
IND,India,drr,One,3.254417,14,3,Medium - High (0.6-0.8),Asia,South Asia
TLS,Timor-Leste,drr,Dom,3.251299025,19,3,Medium - High (0.6-0.8),Asia,East Asia & Pacific
CUB,Cuba,drr,Dom,3.251056615,20,3,Medium - High (0.6-0.8),Americas,Latin America & Caribbean
RWA,Rwanda,drr,Liv,3.24779093,23,3,Medium - High (0.6-0.8),Africa,Sub-Saharan Africa
PRT,Portugal,bws,Ind,3.241317524,46,3,High (40-80%),Europe,Europe & Central Asia
LBN,Lebanon,drr,Tot,3.24031969,25,3,Medium - High (0.6-0.8),Asia,Middle East & North Africa
BLR,Belarus,drr,Dom,3.23740031,21,3,Medium - High (0.6-0.8),Europe,Europe & Central Asia
PRK,North Korea,drr,Ind,3.23569637,19,3,Medium - High (0.6-0.8),Asia,East Asia & Pacific
ZAF,South Africa,bws,Liv,3.234434334,37,3,High (40-80%),Africa,Sub-Saharan Africa
BIH,Bosnia and Herzegovina,drr,Liv,3.23433649,24,3,Medium - High (0.6-0.8),Europe,Europe & Central Asia
CUB,Cuba,drr,Ind,3.230236225,20,3,Medium - High (0.6-0.8),Americas,Latin America & Caribbean
GBR,United Kingdom,drr,Irr,3.220265725,33,3,Medium - High (0.6-0.8),Europe,Europe & Central Asia
ITA,Italy,drr,Irr,3.218702945,34,3,Medium - High (0.6-0.8),Europe,Europe & Central Asia
THA,Thailand,bws,Dom,3.216910911,44,3,High (40-80%),Asia,East Asia & Pacific
PRT,Portugal,bws,Irr,3.216816933,49,3,High (40-80%),Europe,Europe & Central Asia
GIN,Guinea,rfr,Pop,3.214458023,51,3,"High (8 in 1,000 to 1 in 100)",Africa,Sub-Saharan Africa
CZE,Czech Republic,drr,Irr,3.2129914,35,3,Medium - High (0.6-0.8),Europe,Europe & Central Asia
IRQ,Iraq,bws,Liv,3.210024597,38,3,High (40-80%),Asia,Middle East & North Africa
SLV,El Salvador,drr,Liv,3.20941853,25,3,Medium - High (0.6-0.8),Americas,Latin America & Caribbean
UGA,Uganda,drr,Liv,3.207978115,26,3,Medium - High (0.6-0.8),Africa,Sub-Saharan Africa
NPL,Nepal,bws,Irr,3.206197941,50,3,High (40-80%),Asia,South Asia
RWA,Rwanda,drr,One,3.204767075,15,3,Medium - High (0.6-0.8),Africa,Sub-Saharan Africa
SVK,Slovakia,drr,Tot,3.20454985,26,3,Medium - High (0.6-0.8),Europe,Europe & Central Asia
MEX,Mexico,bws,Ind,3.197180898,47,3,High (40-80%),Americas,Latin America & Caribbean
BGR,Bulgaria,drr,Liv,3.196212715,27,3,Medium - High (0.6-0.8),Europe,Europe & Central Asia
BIH,Bosnia and Herzegovina,drr,Irr,3.195259245,36,3,Medium - High (0.6-0.8),Europe,Europe & Central Asia
KHM,Cambodia,drr,Liv,3.195177,28,3,Medium - High (0.6-0.8),Asia,East Asia & Pacific
KGZ,Kyrgyzstan,bws,Ind,3.193422247,49,3,High (40-80%),Asia,Europe & Central Asia
TLS,Timor-Leste,rfr,Pop,3.190165089,52,3,"High (8 in 1,000 to 1 in 100)",Asia,East Asia & Pacific
LBN,Lebanon,drr,Ind,3.189605145,21,3,Medium - High (0.6-0.8),Asia,Middle East & North Africa
TUR,Turkey,bws,Dom,3.185656336,45,3,High (40-80%),Asia,Europe & Central Asia
NPL,Nepal,bws,Tot,3.18229337,48,3,High (40-80%),Asia,South Asia
BIH,Bosnia and Herzegovina,drr,One,3.176688305,16,3,Medium - High (0.6-0.8),Europe,Europe & Central Asia
BGR,Bulgaria,drr,Dom,3.1757329,22,3,Medium - High (0.6-0.8),Europe,Europe & Central Asia
DJI,Djibouti,bws,Tot,3.175518835,49,3,High (40-80%),Africa,Middle East & North Africa
BFA,Burkina Faso,bws,Ind,3.175337025,50,3,High (40-80%),Africa,Sub-Saharan Africa
BIH,Bosnia and Herzegovina,drr,Dom,3.17472815,23,3,Medium - High (0.6-0.8),Europe,Europe & Central Asia
BIH,Bosnia and Herzegovina,drr,Tot,3.174095535,27,3,Medium - High (0.6-0.8),Europe,Europe & Central Asia
BIH,Bosnia and Herzegovina,drr,Ind,3.174030325,22,3,Medium - High (0.6-0.8),Europe,Europe & Central Asia
KGZ,Kyrgyzstan,bws,Dom,3.173787537,46,3,High (40-80%),Asia,Europe & Central Asia
DOM,Dominican Republic,drr,Liv,3.17354376,29,3,Medium - High (0.6-0.8),Americas,Latin America & Caribbean
PER,Peru,bws,Ind,3.171894507,51,3,High (40-80%),Americas,Latin America & Caribbean
AFG,Afghanistan,drr,Liv,3.170693455,30,3,Medium - High (0.6-0.8),Asia,South Asia
ITA,Italy,bws,One,3.170574113,36,3,High (40-80%),Europe,Europe & Central Asia
LKA,Sri Lanka,drr,One,3.17017299,17,3,Medium - High (0.6-0.8),Asia,South Asia
PRK,North Korea,drr,Tot,3.168870555,28,3,Medium - High (0.6-0.8),Asia,East Asia & Pacific
PHL,Philippines,drr,Liv,3.167049635,31,3,Medium - High (0.6-0.8),Asia,East Asia & Pacific
ESP,Spain,bws,One,3.166389157,37,3,High (40-80%),Europe,Europe & Central Asia
MRT,Mauritania,bws,Liv,3.166009606,39,3,High (40-80%),Africa,Sub-Saharan Africa
DNK,Denmark,drr,Tot,3.16564955,29,3,Medium - High (0.6-0.8),Europe,Europe & Central Asia
PRK,North Korea,drr,Irr,3.163719525,37,3,Medium - High (0.6-0.8),Asia,East Asia & Pacific
BGR,Bulgaria,drr,One,3.16216657,18,3,Medium - High (0.6-0.8),Europe,Europe & Central Asia
DOM,Dominican Republic,drr,Dom,3.16080888,24,3,Medium - High (0.6-0.8),Americas,Latin America & Caribbean
BDI,Burundi,drr,Irr,3.159409685,38,3,Medium - High (0.6-0.8),Africa,Sub-Saharan Africa
GMB,Gambia,rfr,Pop,3.158545939,53,3,"High (8 in 1,000 to 1 in 100)",Africa,Sub-Saharan Africa
BGR,Bulgaria,drr,Tot,3.155709875,30,3,Medium - High (0.6-0.8),Europe,Europe & Central Asia
NGA,Nigeria,drr,Ind,3.152484105,23,3,Medium - High (0.6-0.8),Africa,Sub-Saharan Africa
DOM,Dominican Republic,drr,One,3.14426436,19,3,Medium - High (0.6-0.8),Americas,Latin America & Caribbean
HTI,Haiti,drr,Ind,3.14191985,24,3,Medium - High (0.6-0.8),Americas,Latin America & Caribbean
BLZ,Belize,rfr,Pop,3.141656543,54,3,"High (8 in 1,000 to 1 in 100)",Americas,Latin America & Caribbean
BGR,Bulgaria,drr,Ind,3.138009185,25,3,Medium - High (0.6-0.8),Europe,Europe & Central Asia
LVA,Latvia,drr,Irr,3.135707765,39,3,Medium - High (0.6-0.8),Europe,Europe & Central Asia
AZE,Azerbaijan,drr,Liv,3.13494949,32,3,Medium - High (0.6-0.8),Asia,Europe & Central Asia
ESP,Spain,drr,Irr,3.13482714,40,3,Medium - High (0.6-0.8),Europe,Europe & Central Asia
IND,India,rfr,Pop,3.133896244,55,3,"High (8 in 1,000 to 1 in 100)",Asia,South Asia
FRA,France,drr,Irr,3.13251265,41,3,Medium - High (0.6-0.8),Europe,Europe & Central Asia
LBN,Lebanon,drr,Dom,3.131833295,25,3,Medium - High (0.6-0.8),Asia,Middle East & North Africa
NPL,Nepal,bws,Ind,3.131612957,52,3,High (40-80%),Asia,South Asia
BEN,Benin,rfr,Pop,3.129224602,56,3,"High (8 in 1,000 to 1 in 100)",Africa,Sub-Saharan Africa
NIC,Nicaragua,drr,Liv,3.12919176,33,3,Medium - High (0.6-0.8),Americas,Latin America & Caribbean
AZE,Azerbaijan,drr,Tot,3.129058215,31,3,Medium - High (0.6-0.8),Asia,Europe & Central Asia
MNG,Mongolia,bws,Tot,3.128436223,51,3,High (40-80%),Asia,East Asia & Pacific
CUB,Cuba,drr,One,3.128274175,20,3,Medium - High (0.6-0.8),Americas,Latin America & Caribbean
AFG,Afghanistan,bws,One,3.127598137,38,3,High (40-80%),Asia,South Asia
TJK,Tajikistan,drr,Irr,3.124873325,42,3,Medium - High (0.6-0.8),Asia,Europe & Central Asia
DNK,Denmark,drr,Ind,3.123455355,26,3,Medium - High (0.6-0.8),Europe,Europe & Central Asia
SVK,Slovakia,drr,Dom,3.118653125,26,3,Medium - High (0.6-0.8),Europe,Europe & Central Asia
SLV,El Salvador,drr,One,3.118321645,21,3,Medium - High (0.6-0.8),Americas,Latin America & Caribbean
MNG,Mongolia,bws,Dom,3.112704779,47,3,High (40-80%),Asia,East Asia & Pacific
COD,Democratic Republic of the Congo,rfr,Pop,3.107798964,57,3,"High (8 in 1,000 to 1 in 100)",Africa,Sub-Saharan Africa
AFG,Afghanistan,drr,Dom,3.10757045,27,3,Medium - High (0.6-0.8),Asia,South Asia
ALB,Albania,bws,Liv,3.106192947,40,3,High (40-80%),Europe,Europe & Central Asia
BDI,Burundi,rfr,Pop,3.105248845,58,3,"High (8 in 1,000 to 1 in 100)",Africa,Sub-Saharan Africa
LSO,Lesotho,drr,Irr,3.10415671,43,3,Medium - High (0.6-0.8),Africa,Sub-Saharan Africa
ITA,Italy,bws,Liv,3.101707582,41,3,High (40-80%),Europe,Europe & Central Asia
BFA,Burkina Faso,drr,Ind,3.10118586,27,3,Medium - High (0.6-0.8),Africa,Sub-Saharan Africa
SVK,Slovakia,drr,Ind,3.100367595,28,3,Medium - High (0.6-0.8),Europe,Europe & Central Asia
BTN,Bhutan,rfr,Pop,3.09987495,59,3,"High (8 in 1,000 to 1 in 100)",Asia,South Asia
VNM,Vietnam,drr,Dom,3.09965444,28,3,Medium - High (0.6-0.8),Asia,East Asia & Pacific
SLV,El Salvador,drr,Dom,3.097655645,29,3,Medium - High (0.6-0.8),Americas,Latin America & Caribbean
SLV,El Salvador,drr,Ind,3.097557685,29,3,Medium - High (0.6-0.8),Americas,Latin America & Caribbean
ITA,Italy,drr,Liv,3.094395195,34,3,Medium - High (0.6-0.8),Europe,Europe & Central Asia
HRV,Croatia,drr,Dom,3.094309905,30,3,Medium - High (0.6-0.8),Europe,Europe & Central Asia
TUR,Turkey,bws,Ind,3.093831734,53,3,High (40-80%),Asia,Europe & Central Asia
ARM,Armenia,bws,Ind,3.093307853,54,3,High (40-80%),Asia,Europe & Central Asia
ITA,Italy,drr,Tot,3.09258794,32,3,Medium - High (0.6-0.8),Europe,Europe & Central Asia
PRK,North Korea,drr,Dom,3.089809835,31,3,Medium - High (0.6-0.8),Asia,East Asia & Pacific
TJK,Tajikistan,drr,Tot,3.089387405,33,3,Medium - High (0.6-0.8),Asia,Europe & Central Asia
KEN,Kenya,drr,Ind,3.088956465,30,3,Medium - High (0.6-0.8),Africa,Sub-Saharan Africa
BDI,Burundi,drr,Tot,3.087277805,34,3,Medium - High (0.6-0.8),Africa,Sub-Saharan Africa
DNK,Denmark,drr,Dom,3.087183625,32,3,Medium - High (0.6-0.8),Europe,Europe & Central Asia
GBR,United Kingdom,drr,Dom,3.086957235,33,3,Medium - High (0.6-0.8),Europe,Europe & Central Asia
SEN,Senegal,bws,Dom,3.086442801,48,3,High (40-80%),Africa,Sub-Saharan Africa
PHL,Philippines,rfr,Pop,3.08478482,60,3,"High (8 in 1,000 to 1 in 100)",Asia,East Asia & Pacific
HRV,Croatia,drr,Tot,3.084304835,35,3,Medium - High (0.6-0.8),Europe,Europe & Central Asia
VNM,Vietnam,drr,Ind,3.083179555,31,3,Medium - High (0.6-0.8),Asia,East Asia & Pacific
HRV,Croatia,drr,Ind,3.08302341,32,3,Medium - High (0.6-0.8),Europe,Europe & Central Asia
NIC,Nicaragua,drr,Tot,3.082992555,36,3,Medium - High (0.6-0.8),Americas,Latin America & Caribbean
CZE,Czech Republic,drr,Dom,3.08119607,34,3,Medium - High (0.6-0.8),Europe,Europe & Central Asia
LKA,Sri Lanka,drr,Tot,3.07940578,37,3,Medium - High (0.6-0.8),Asia,South Asia
HRV,Croatia,drr,Liv,3.071021595,35,3,Medium - High (0.6-0.8),Europe,Europe & Central Asia
ESP,Spain,bws,Liv,3.068679991,42,3,High (40-80%),Europe,Europe & Central Asia
CZE,Czech Republic,drr,One,3.06723623,22,3,Medium - High (0.6-0.8),Europe,Europe & Central Asia
TLS,Timor-Leste,drr,One,3.065245115,23,3,Medium - High (0.6-0.8),Asia,East Asia & Pacific
THA,Thailand,rfr,Pop,3.062734226,61,3,"High (8 in 1,000 to 1 in 100)",Asia,East Asia & Pacific
DNK,Denmark,drr,One,3.061396825,24,3,Medium - High (0.6-0.8),Europe,Europe & Central Asia
KEN,Kenya,drr,Dom,3.061235505,35,3,Medium - High (0.6-0.8),Africa,Sub-Saharan Africa
CZE,Czech Republic,drr,Tot,3.06104583,38,3,Medium - High (0.6-0.8),Europe,Europe & Central Asia
CZE,Czech Republic,drr,Ind,3.056096005,33,3,Medium - High (0.6-0.8),Europe,Europe & Central Asia
CIV,CÃ´te d'Ivoire,drr,Irr,3.05596578,44,3,Medium - High (0.6-0.8),Africa,Sub-Saharan Africa
THA,Thailand,drr,Liv,3.05526067,36,3,Medium - High (0.6-0.8),Asia,East Asia & Pacific
MKD,Macedonia,bws,Irr,3.055062196,51,3,High (40-80%),Europe,Europe & Central Asia
LUX,Luxembourg,bws,One,3.053523916,39,3,High (40-80%),Europe,Europe & Central Asia
GHA,Ghana,drr,Ind,3.05322868,34,3,Medium - High (0.6-0.8),Africa,Sub-Saharan Africa
ALB,Albania,bws,One,3.052951443,40,3,High (40-80%),Europe,Europe & Central Asia
PAK,Pakistan,drr,Ind,3.05182774,35,3,Medium - High (0.6-0.8),Asia,South Asia
ARM,Armenia,bws,Dom,3.049170674,49,3,High (40-80%),Asia,Europe & Central Asia
GHA,Ghana,drr,Irr,3.048541415,45,3,Medium - High (0.6-0.8),Africa,Sub-Saharan Africa
AZE,Azerbaijan,drr,One,3.04670769,25,3,Medium - High (0.6-0.8),Asia,Europe & Central Asia
LVA,Latvia,drr,Dom,3.04585965,36,3,Medium - High (0.6-0.8),Europe,Europe & Central Asia
GHA,Ghana,drr,Tot,3.045830385,39,3,Medium - High (0.6-0.8),Africa,Sub-Saharan Africa
PRT,Portugal,drr,Irr,3.045287505,46,3,Medium - High (0.6-0.8),Europe,Europe & Central Asia
PHL,Philippines,drr,Irr,3.044245515,47,3,Medium - High (0.6-0.8),Asia,East Asia & Pacific
FRA,France,drr,Dom,3.042355985,37,3,Medium - High (0.6-0.8),Europe,Europe & Central Asia
CHN,China,drr,Irr,3.040403655,48,3,Medium - High (0.6-0.8),Asia,East Asia & Pacific
GAB,Gabon,rfr,Pop,3.037979308,62,3,"High (8 in 1,000 to 1 in 100)",Africa,Sub-Saharan Africa
ITA,Italy,drr,Ind,3.03756231,36,3,Medium - High (0.6-0.8),Europe,Europe & Central Asia
CHN,China,drr,Tot,3.03684769,40,3,Medium - High (0.6-0.8),Asia,East Asia & Pacific
FRA,France,drr,Liv,3.035956395,37,3,Medium - High (0.6-0.8),Europe,Europe & Central Asia
AUT,Austria,drr,Irr,3.03563503,49,3,Medium - High (0.6-0.8),Europe,Europe & Central Asia
CHN,China,drr,Ind,3.03401713,37,3,Medium - High (0.6-0.8),Asia,East Asia & Pacific
CZE,Czech Republic,drr,Liv,3.033217925,38,3,Medium - High (0.6-0.8),Europe,Europe & Central Asia
MKD,Macedonia,drr,Irr,3.02902044,50,3,Medium - High (0.6-0.8),Europe,Europe & Central Asia
GHA,Ghana,drr,Dom,3.027866345,38,3,Medium - High (0.6-0.8),Africa,Sub-Saharan Africa
ETH,Ethiopia,rfr,Pop,3.027126032,63,3,"High (8 in 1,000 to 1 in 100)",Africa,Sub-Saharan Africa
ITA,Italy,drr,Dom,3.02517334,39,3,Medium - High (0.6-0.8),Europe,Europe & Central Asia
SVK,Slovakia,drr,Liv,3.022409535,39,3,Medium - High (0.6-0.8),Europe,Europe & Central Asia
NGA,Nigeria,drr,Dom,3.021098855,40,3,Medium - High (0.6-0.8),Africa,Sub-Saharan Africa
THA,Thailand,drr,Irr,3.020677855,51,3,Medium - High (0.6-0.8),Asia,East Asia & Pacific
CHN,China,bws,Ind,3.020249603,55,3,High (40-80%),Asia,East Asia & Pacific
BFA,Burkina Faso,drr,Dom,3.016783015,41,3,Medium - High (0.6-0.8),Africa,Sub-Saharan Africa
KEN,Kenya,drr,Tot,3.015458785,41,3,Medium - High (0.6-0.8),Africa,Sub-Saharan Africa
CHN,China,drr,Dom,3.015441455,42,3,Medium - High (0.6-0.8),Asia,East Asia & Pacific
TUR,Turkey,drr,Ind,3.01426959,38,3,Medium - High (0.6-0.8),Asia,Europe & Central Asia
TUR,Turkey,drr,Irr,3.01426558,52,3,Medium - High (0.6-0.8),Asia,Europe & Central Asia
GBR,United Kingdom,drr,Tot,3.014101605,42,3,Medium - High (0.6-0.8),Europe,Europe & Central Asia
FRA,France,drr,Tot,3.013633885,43,3,Medium - High (0.6-0.8),Europe,Europe & Central Asia
THA,Thailand,drr,Tot,3.013592485,44,3,Medium - High (0.6-0.8),Asia,East Asia & Pacific
BFA,Burkina Faso,drr,Liv,3.011643675,40,3,Medium - High (0.6-0.8),Africa,Sub-Saharan Africa
CUB,Cuba,rfr,Pop,3.009946447,64,3,"High (8 in 1,000 to 1 in 100)",Americas,Latin America & Caribbean
TUR,Turkey,drr,Tot,3.0096242,45,3,Medium - High (0.6-0.8),Asia,Europe & Central Asia
MKD,Macedonia,bws,Tot,3.009558697,52,3,High (40-80%),Europe,Europe & Central Asia
SVK,Slovakia,drr,One,3.009127695,26,3,Medium - High (0.6-0.8),Europe,Europe & Central Asia
PAN,Panama,rfr,Pop,3.008486197,65,3,"High (8 in 1,000 to 1 in 100)",Americas,Latin America & Caribbean
LKA,Sri Lanka,drr,Irr,3.00722991,53,3,Medium - High (0.6-0.8),Asia,South Asia
TJK,Tajikistan,drr,Ind,3.002616305,39,3,Medium - High (0.6-0.8),Asia,Europe & Central Asia
KEN,Kenya,drr,Liv,3.001990295,41,3,Medium - High (0.6-0.8),Africa,Sub-Saharan Africa
UGA,Uganda,drr,One,3.001780835,27,3,Medium - High (0.6-0.8),Africa,Sub-Saharan Africa
GBR,United Kingdom,drr,Ind,3.001079555,40,3,Medium - High (0.6-0.8),Europe,Europe & Central Asia
TGO,Togo,rfr,Pop,3.000466985,66,3,"High (8 in 1,000 to 1 in 100)",Africa,Sub-Saharan Africa
FRA,France,drr,Ind,2.998476565,41,2,Medium (0.4-0.6),Europe,Europe & Central Asia
IND,India,bws,One,2.998301841,41,2,Medium - High (20-40%),Asia,South Asia
NIC,Nicaragua,rfr,Pop,2.995826159,67,2,"Medium - High (4 in 1,000 to 8 in 1,000)",Americas,Latin America & Caribbean
THA,Thailand,drr,Dom,2.99509862,43,2,Medium (0.4-0.6),Asia,East Asia & Pacific
PRY,Paraguay,drr,Irr,2.992733745,54,2,Medium (0.4-0.6),Americas,Latin America & Caribbean
ARM,Armenia,bws,Tot,2.9915904,53,2,Medium - High (20-40%),Asia,Europe & Central Asia
BEN,Benin,drr,Irr,2.991061925,55,2,Medium (0.4-0.6),Africa,Sub-Saharan Africa
PAK,Pakistan,drr,Dom,2.990522325,44,2,Medium (0.4-0.6),Asia,South Asia
PHL,Philippines,drr,One,2.989756555,28,2,Medium (0.4-0.6),Asia,East Asia & Pacific
PRT,Portugal,drr,Liv,2.982943555,42,2,Medium (0.4-0.6),Europe,Europe & Central Asia
UGA,Uganda,drr,Dom,2.978830755,45,2,Medium (0.4-0.6),Africa,Sub-Saharan Africa
DOM,Dominican Republic,drr,Ind,2.978492365,42,2,Medium (0.4-0.6),Americas,Latin America & Caribbean
LVA,Latvia,drr,Tot,2.977109295,46,2,Medium (0.4-0.6),Europe,Europe & Central Asia
HRV,Croatia,drr,One,2.97525944,29,2,Medium (0.4-0.6),Europe,Europe & Central Asia
ARG,Argentina,drr,Liv,2.97456101,43,2,Medium (0.4-0.6),Americas,Latin America & Caribbean
LVA,Latvia,drr,Liv,2.97433593,44,2,Medium (0.4-0.6),Europe,Europe & Central Asia
ESP,Spain,drr,Tot,2.97357657,47,2,Medium (0.4-0.6),Europe,Europe & Central Asia
FRA,France,drr,One,2.97252683,30,2,Medium (0.4-0.6),Europe,Europe & Central Asia
SDN,Sudan,bws,One,2.97197728,42,2,Medium - High (20-40%),Africa,Sub-Saharan Africa
KEN,Kenya,drr,Irr,2.9708068,56,2,Medium (0.4-0.6),Africa,Sub-Saharan Africa
MKD,Macedonia,bws,Ind,2.970246482,56,2,Medium - High (20-40%),Europe,Europe & Central Asia
TUR,Turkey,drr,Dom,2.969244865,46,2,Medium (0.4-0.6),Asia,Europe & Central Asia
CIV,CÃ´te d'Ivoire,drr,Tot,2.965271665,48,2,Medium (0.4-0.6),Africa,Sub-Saharan Africa
MAR,Morocco,drr,One,2.96376962,31,2,Medium (0.4-0.6),Africa,Middle East & North Africa
IDN,Indonesia,drr,One,2.963408935,32,2,Medium (0.4-0.6),Asia,East Asia & Pacific
LVA,Latvia,drr,Ind,2.9619502,43,2,Medium (0.4-0.6),Europe,Europe & Central Asia
TJK,Tajikistan,drr,Dom,2.961581775,47,2,Medium (0.4-0.6),Asia,Europe & Central Asia
TUR,Turkey,drr,One,2.95761369,33,2,Medium (0.4-0.6),Asia,Europe & Central Asia
AUS,Australia,bws,Irr,2.955177244,52,2,Medium - High (20-40%),Oceania,East Asia & Pacific
MKD,Macedonia,bws,Dom,2.953981343,50,2,Medium - High (20-40%),Europe,Europe & Central Asia
PER,Peru,rfr,Pop,2.951226705,68,2,"Medium - High (4 in 1,000 to 8 in 1,000)",Americas,Latin America & Caribbean
LSO,Lesotho,bws,Tot,2.94993564,54,2,Medium - High (20-40%),Africa,Sub-Saharan Africa
IRN,Iran,drr,Liv,2.944494735,45,2,Medium (0.4-0.6),Asia,Middle East & North Africa
RUS,Russia,drr,Dom,2.94274014,48,2,Medium (0.4-0.6),Europe,Europe & Central Asia
LVA,Latvia,drr,One,2.94256215,34,2,Medium (0.4-0.6),Europe,Europe & Central Asia
URY,Uruguay,drr,Dom,2.94043464,49,2,Medium (0.4-0.6),Americas,Latin America & Caribbean
ESP,Spain,drr,One,2.940378215,35,2,Medium (0.4-0.6),Europe,Europe & Central Asia
NIC,Nicaragua,drr,Ind,2.9379672,44,2,Medium (0.4-0.6),Americas,Latin America & Caribbean
RUS,Russia,drr,Liv,2.936272935,46,2,Medium (0.4-0.6),Europe,Europe & Central Asia
BEN,Benin,drr,One,2.93571809,36,2,Medium (0.4-0.6),Africa,Sub-Saharan Africa
MKD,Macedonia,bws,Liv,2.935180785,43,2,Medium - High (20-40%),Europe,Europe & Central Asia
JAM,Jamaica,drr,Tot,2.93349781,49,2,Medium (0.4-0.6),Americas,Latin America & Caribbean
LUX,Luxembourg,bws,Ind,2.933028268,57,2,Medium - High (20-40%),Europe,Europe & Central Asia
GNB,Guinea-Bissau,drr,Ind,2.93206841,45,2,Medium (0.4-0.6),Africa,Sub-Saharan Africa
LUX,Luxembourg,bws,Tot,2.931524656,55,2,Medium - High (20-40%),Europe,Europe & Central Asia
TUR,Turkey,drr,Liv,2.930588445,47,2,Medium (0.4-0.6),Asia,Europe & Central Asia
OMN,Oman,rfr,Pop,2.929035138,69,2,"Medium - High (4 in 1,000 to 8 in 1,000)",Asia,Middle East & North Africa
CHN,China,drr,Liv,2.9237226,48,2,Medium (0.4-0.6),Asia,East Asia & Pacific
LUX,Luxembourg,bws,Dom,2.920912394,51,2,Medium - High (20-40%),Europe,Europe & Central Asia
PRT,Portugal,drr,Tot,2.920869715,50,2,Medium (0.4-0.6),Europe,Europe & Central Asia
ITA,Italy,drr,One,2.917680035,37,2,Medium (0.4-0.6),Europe,Europe & Central Asia
THA,Thailand,drr,Ind,2.914954415,46,2,Medium (0.4-0.6),Asia,East Asia & Pacific
NIC,Nicaragua,drr,Dom,2.911363335,50,2,Medium (0.4-0.6),Americas,Latin America & Caribbean
IRN,Iran,drr,Dom,2.908979205,51,2,Medium (0.4-0.6),Asia,Middle East & North Africa
AUS,Australia,bws,Tot,2.906718433,56,2,Medium - High (20-40%),Oceania,East Asia & Pacific
GHA,Ghana,drr,One,2.89768359,38,2,Medium (0.4-0.6),Africa,Sub-Saharan Africa
GHA,Ghana,drr,Liv,2.896243095,49,2,Medium (0.4-0.6),Africa,Sub-Saharan Africa
KEN,Kenya,drr,One,2.89577568,39,2,Medium (0.4-0.6),Africa,Sub-Saharan Africa
SLV,El Salvador,drr,Tot,2.892252325,51,2,Medium (0.4-0.6),Americas,Latin America & Caribbean
NPL,Nepal,bws,Liv,2.889662079,44,2,Medium - High (20-40%),Asia,South Asia
TUR,Turkey,bws,Liv,2.889403121,45,2,Medium - High (20-40%),Asia,Europe & Central Asia
CIV,CÃ´te d'Ivoire,drr,Dom,2.88868874,52,2,Medium (0.4-0.6),Africa,Sub-Saharan Africa
GBR,United Kingdom,drr,Liv,2.88807348,50,2,Medium (0.4-0.6),Europe,Europe & Central Asia
SOM,Somalia,bws,Dom,2.88759277,52,2,Medium - High (20-40%),Africa,Sub-Saharan Africa
SOM,Somalia,bws,Liv,2.883523108,46,2,Medium - High (20-40%),Africa,Sub-Saharan Africa
CIV,CÃ´te d'Ivoire,drr,One,2.88179588,40,2,Medium (0.4-0.6),Africa,Sub-Saharan Africa
THA,Thailand,bws,One,2.880291007,44,2,Medium - High (20-40%),Asia,East Asia & Pacific
IRN,Iran,drr,Tot,2.879745965,52,2,Medium (0.4-0.6),Asia,Middle East & North Africa
PRT,Portugal,drr,One,2.87970804,41,2,Medium (0.4-0.6),Europe,Europe & Central Asia
IRN,Iran,drr,Irr,2.8795453,57,2,Medium (0.4-0.6),Asia,Middle East & North Africa
TJK,Tajikistan,drr,Liv,2.87853515,51,2,Medium (0.4-0.6),Asia,Europe & Central Asia
BFA,Burkina Faso,drr,One,2.87709355,42,2,Medium (0.4-0.6),Africa,Sub-Saharan Africa
AZE,Azerbaijan,drr,Ind,2.87704892,47,2,Medium (0.4-0.6),Asia,Europe & Central Asia
GTM,Guatemala,drr,Irr,2.87576126,58,2,Medium (0.4-0.6),Americas,Latin America & Caribbean
THA,Thailand,drr,One,2.875514255,43,2,Medium (0.4-0.6),Asia,East Asia & Pacific
PRY,Paraguay,drr,Tot,2.87331713,53,2,Medium (0.4-0.6),Americas,Latin America & Caribbean
LSO,Lesotho,drr,Ind,2.872794945,48,2,Medium (0.4-0.6),Africa,Sub-Saharan Africa
BEN,Benin,drr,Liv,2.87244369,52,2,Medium (0.4-0.6),Africa,Sub-Saharan Africa
CIV,CÃ´te d'Ivoire,drr,Ind,2.87238908,49,2,Medium (0.4-0.6),Africa,Sub-Saharan Africa
UZB,Uzbekistan,drr,One,2.872387795,44,2,Medium (0.4-0.6),Asia,Europe & Central Asia
HUN,Hungary,drr,Dom,2.87200575,53,2,Medium (0.4-0.6),Europe,Europe & Central Asia
MAR,Morocco,bws,One,2.870259481,45,2,Medium - High (20-40%),Africa,Middle East & North Africa
TKM,Turkmenistan,drr,Irr,2.86900354,59,2,Medium (0.4-0.6),Asia,Europe & Central Asia
IRL,Ireland,drr,Irr,2.8668681,60,2,Medium (0.4-0.6),Europe,Europe & Central Asia
MKD,Macedonia,drr,Liv,2.86678317,53,2,Medium (0.4-0.6),Europe,Europe & Central Asia
MEX,Mexico,bws,One,2.866467416,46,2,Medium - High (20-40%),Americas,Latin America & Caribbean
PHL,Philippines,drr,Tot,2.86569811,54,2,Medium (0.4-0.6),Asia,East Asia & Pacific
KGZ,Kyrgyzstan,drr,Irr,2.86284607,61,2,Medium (0.4-0.6),Asia,Europe & Central Asia
GTM,Guatemala,drr,Tot,2.86202084,55,2,Medium (0.4-0.6),Americas,Latin America & Caribbean
NPL,Nepal,drr,Ind,2.860042515,50,2,Medium (0.4-0.6),Asia,South Asia
NOR,Norway,rfr,Pop,2.857743481,70,2,"Medium - High (4 in 1,000 to 8 in 1,000)",Europe,Europe & Central Asia
BEN,Benin,drr,Tot,2.85717444,56,2,Medium (0.4-0.6),Africa,Sub-Saharan Africa
DEU,Germany,drr,Irr,2.85613439,62,2,Medium (0.4-0.6),Europe,Europe & Central Asia
IRN,Iran,drr,Ind,2.8548577,51,2,Medium (0.4-0.6),Asia,Middle East & North Africa
BDI,Burundi,drr,Dom,2.85367493,54,2,Medium (0.4-0.6),Africa,Sub-Saharan Africa
NPL,Nepal,drr,Liv,2.851480545,54,2,Medium (0.4-0.6),Asia,South Asia
MDA,Moldova,rfr,Pop,2.850760193,71,2,"Medium - High (4 in 1,000 to 8 in 1,000)",Europe,Europe & Central Asia
SDN,Sudan,bws,Liv,2.850216815,47,2,Medium - High (20-40%),Africa,Sub-Saharan Africa
MKD,Macedonia,drr,One,2.84894523,45,2,Medium (0.4-0.6),Europe,Europe & Central Asia
KHM,Cambodia,drr,One,2.848375665,46,2,Medium (0.4-0.6),Asia,East Asia & Pacific
LSO,Lesotho,drr,Tot,2.8474366,57,2,Medium (0.4-0.6),Africa,Sub-Saharan Africa
AUS,Australia,bws,Dom,2.841142267,53,2,Medium - High (20-40%),Oceania,East Asia & Pacific
LUX,Luxembourg,bws,Liv,2.840960237,48,2,Medium - High (20-40%),Europe,Europe & Central Asia
TKM,Turkmenistan,drr,Tot,2.84021306,58,2,Medium (0.4-0.6),Asia,Europe & Central Asia
AFG,Afghanistan,drr,Tot,2.838686,59,2,Medium (0.4-0.6),Asia,South Asia
KGZ,Kyrgyzstan,drr,One,2.836869135,47,2,Medium (0.4-0.6),Asia,Europe & Central Asia
MKD,Macedonia,bws,One,2.836678662,47,2,Medium - High (20-40%),Europe,Europe & Central Asia
AFG,Afghanistan,drr,Irr,2.83634556,63,2,Medium (0.4-0.6),Asia,South Asia
ESP,Spain,drr,Dom,2.835644895,55,2,Medium (0.4-0.6),Europe,Europe & Central Asia
BDI,Burundi,drr,One,2.83522592,48,2,Medium (0.4-0.6),Africa,Sub-Saharan Africa
CHN,China,bws,Liv,2.833126354,49,2,Medium - High (20-40%),Asia,East Asia & Pacific
PRK,North Korea,drr,One,2.83176173,49,2,Medium (0.4-0.6),Asia,East Asia & Pacific
GTM,Guatemala,drr,Ind,2.83104307,52,2,Medium (0.4-0.6),Americas,Latin America & Caribbean
ZAF,South Africa,drr,Ind,2.83020404,53,2,Medium (0.4-0.6),Africa,Sub-Saharan Africa
TKM,Turkmenistan,drr,Dom,2.82888854,56,2,Medium (0.4-0.6),Asia,Europe & Central Asia
LUX,Luxembourg,bws,Irr,2.828696594,53,2,Medium - High (20-40%),Europe,Europe & Central Asia
KGZ,Kyrgyzstan,drr,Liv,2.828516625,55,2,Medium (0.4-0.6),Asia,Europe & Central Asia
KGZ,Kyrgyzstan,drr,Tot,2.826939875,60,2,Medium (0.4-0.6),Asia,Europe & Central Asia
SWZ,Swaziland,drr,Liv,2.826778425,56,2,Medium (0.4-0.6),Africa,Sub-Saharan Africa
BFA,Burkina Faso,drr,Tot,2.82665289,61,2,Medium (0.4-0.6),Africa,Sub-Saharan Africa
DEU,Germany,drr,Liv,2.82454123,57,2,Medium (0.4-0.6),Europe,Europe & Central Asia
NPL,Nepal,bws,Dom,2.821784367,54,2,Medium - High (20-40%),Asia,South Asia
ARM,Armenia,bws,Irr,2.821011539,54,2,Medium - High (20-40%),Asia,Europe & Central Asia
TUN,Tunisia,rfr,Pop,2.817825386,72,2,"Medium - High (4 in 1,000 to 8 in 1,000)",Africa,Middle East & North Africa
MEX,Mexico,bws,Liv,2.817018885,50,2,Medium - High (20-40%),Americas,Latin America & Caribbean
PAK,Pakistan,drr,Liv,2.81569227,58,2,Medium (0.4-0.6),Asia,South Asia
MWI,Malawi,drr,Dom,2.81401768,57,2,Medium (0.4-0.6),Africa,Sub-Saharan Africa
ARG,Argentina,drr,Ind,2.812248865,54,2,Medium (0.4-0.6),Americas,Latin America & Caribbean
CIV,CÃ´te d'Ivoire,drr,Liv,2.80811683,59,2,Medium (0.4-0.6),Africa,Sub-Saharan Africa
ERI,Eritrea,bws,One,2.806955748,48,2,Medium - High (20-40%),Africa,Sub-Saharan Africa
LSO,Lesotho,drr,Dom,2.806559095,58,2,Medium (0.4-0.6),Africa,Sub-Saharan Africa
NPL,Nepal,drr,Dom,2.80567457,59,2,Medium (0.4-0.6),Asia,South Asia
ZAF,South Africa,drr,Dom,2.80225374,60,2,Medium (0.4-0.6),Africa,Sub-Saharan Africa
URY,Uruguay,drr,Ind,2.801715575,55,2,Medium (0.4-0.6),Americas,Latin America & Caribbean
TLS,Timor-Leste,drr,Irr,2.80056352,64,2,Medium (0.4-0.6),Asia,East Asia & Pacific
CHN,China,bws,Tot,2.800257843,57,2,Medium - High (20-40%),Asia,East Asia & Pacific
KGZ,Kyrgyzstan,bws,Liv,2.797290678,51,2,Medium - High (20-40%),Asia,Europe & Central Asia
GTM,Guatemala,drr,Dom,2.795017795,61,2,Medium (0.4-0.6),Americas,Latin America & Caribbean
SWZ,Swaziland,drr,Dom,2.794889795,62,2,Medium (0.4-0.6),Africa,Sub-Saharan Africa
UGA,Uganda,drr,Irr,2.792261615,65,2,Medium (0.4-0.6),Africa,Sub-Saharan Africa
DJI,Djibouti,bws,Dom,2.791231768,55,2,Medium - High (20-40%),Africa,Middle East & North Africa
DEU,Germany,drr,One,2.789369085,50,2,Medium (0.4-0.6),Europe,Europe & Central Asia
PRT,Portugal,drr,Dom,2.787672135,63,2,Medium (0.4-0.6),Europe,Europe & Central Asia
CHN,China,bws,Irr,2.78669366,55,2,Medium - High (20-40%),Asia,East Asia & Pacific
GNB,Guinea-Bissau,drr,Liv,2.785802695,60,2,Medium (0.4-0.6),Africa,Sub-Saharan Africa
PRY,Paraguay,drr,Ind,2.78381609,56,2,Medium (0.4-0.6),Americas,Latin America & Caribbean
PRT,Portugal,drr,Ind,2.78204459,57,2,Medium (0.4-0.6),Europe,Europe & Central Asia
ESP,Spain,drr,Ind,2.779646305,58,2,Medium (0.4-0.6),Europe,Europe & Central Asia
ERI,Eritrea,bws,Liv,2.779526402,52,2,Medium - High (20-40%),Africa,Sub-Saharan Africa
CYP,Cyprus,drr,Liv,2.779295315,61,2,Medium (0.4-0.6),Asia,Europe & Central Asia
NGA,Nigeria,rfr,Pop,2.776766346,73,2,"Medium - High (4 in 1,000 to 8 in 1,000)",Africa,Sub-Saharan Africa
PRY,Paraguay,drr,Dom,2.776737545,64,2,Medium (0.4-0.6),Americas,Latin America & Caribbean
BEN,Benin,drr,Dom,2.776467375,65,2,Medium (0.4-0.6),Africa,Sub-Saharan Africa
ESP,Spain,drr,Liv,2.77446943,62,2,Medium (0.4-0.6),Europe,Europe & Central Asia
GEO,Georgia,drr,Irr,2.773745075,66,2,Medium (0.4-0.6),Asia,Europe & Central Asia
NPL,Nepal,drr,Tot,2.77358308,62,2,Medium (0.4-0.6),Asia,South Asia
CMR,Cameroon,rfr,Pop,2.773065813,74,2,"Medium - High (4 in 1,000 to 8 in 1,000)",Africa,Sub-Saharan Africa
NPL,Nepal,drr,Irr,2.770985285,67,2,Medium (0.4-0.6),Asia,South Asia
DEU,Germany,drr,Ind,2.77054017,59,2,Medium (0.4-0.6),Europe,Europe & Central Asia
DEU,Germany,drr,Tot,2.768956395,63,2,Medium (0.4-0.6),Europe,Europe & Central Asia
HND,Honduras,drr,Irr,2.76792269,68,2,Medium (0.4-0.6),Americas,Latin America & Caribbean
PHL,Philippines,drr,Ind,2.766620295,60,2,Medium (0.4-0.6),Asia,East Asia & Pacific
SDN,Sudan,bws,Dom,2.764739952,56,2,Medium - High (20-40%),Africa,Sub-Saharan Africa
BFA,Burkina Faso,drr,Irr,2.759353685,69,2,Medium (0.4-0.6),Africa,Sub-Saharan Africa
ZAF,South Africa,drr,Tot,2.7591365,64,2,Medium (0.4-0.6),Africa,Sub-Saharan Africa
SOM,Somalia,bws,One,2.757465329,49,2,Medium - High (20-40%),Africa,Sub-Saharan Africa
EST,Estonia,drr,Irr,2.756465365,70,2,Medium (0.4-0.6),Europe,Europe & Central Asia
URY,Uruguay,drr,Tot,2.754828035,65,2,Medium (0.4-0.6),Americas,Latin America & Caribbean
AZE,Azerbaijan,drr,Dom,2.750514095,66,2,Medium (0.4-0.6),Asia,Europe & Central Asia
ARG,Argentina,drr,Dom,2.750330285,67,2,Medium (0.4-0.6),Americas,Latin America & Caribbean
GBR,United Kingdom,drr,One,2.749072165,51,2,Medium (0.4-0.6),Europe,Europe & Central Asia
HND,Honduras,drr,Dom,2.74418846,68,2,Medium (0.4-0.6),Americas,Latin America & Caribbean
ARM,Armenia,drr,Liv,2.74294372,63,2,Medium (0.4-0.6),Asia,Europe & Central Asia
TUN,Tunisia,drr,Dom,2.74060094,69,2,Medium (0.4-0.6),Africa,Middle East & North Africa
SEN,Senegal,bws,Liv,2.73634405,53,2,Medium - High (20-40%),Africa,Sub-Saharan Africa
DEU,Germany,drr,Dom,2.73590182,70,2,Medium (0.4-0.6),Europe,Europe & Central Asia
PRK,North Korea,drr,Liv,2.7356511,64,2,Medium (0.4-0.6),Asia,East Asia & Pacific
ARM,Armenia,drr,One,2.73251251,52,2,Medium (0.4-0.6),Asia,Europe & Central Asia
CHN,China,bws,Dom,2.729823179,57,2,Medium - High (20-40%),Asia,East Asia & Pacific
MEX,Mexico,drr,Liv,2.729559495,65,2,Medium (0.4-0.6),Americas,Latin America & Caribbean
PRT,Portugal,bws,Liv,2.729479872,54,2,Medium - High (20-40%),Europe,Europe & Central Asia
MRT,Mauritania,bws,Tot,2.727897971,58,2,Medium - High (20-40%),Africa,Sub-Saharan Africa
URY,Uruguay,drr,Liv,2.727563485,66,2,Medium (0.4-0.6),Americas,Latin America & Caribbean
TKM,Turkmenistan,drr,Ind,2.723040805,61,2,Medium (0.4-0.6),Asia,Europe & Central Asia
ZAF,South Africa,drr,Irr,2.718509655,71,2,Medium (0.4-0.6),Africa,Sub-Saharan Africa
MWI,Malawi,drr,Tot,2.718335425,66,2,Medium (0.4-0.6),Africa,Sub-Saharan Africa
ARM,Armenia,drr,Irr,2.717711555,72,2,Medium (0.4-0.6),Asia,Europe & Central Asia
BOL,Bolivia,rfr,Pop,2.716854893,75,2,"Medium - High (4 in 1,000 to 8 in 1,000)",Americas,Latin America & Caribbean
GRC,Greece,drr,Dom,2.713513105,71,2,Medium (0.4-0.6),Europe,Europe & Central Asia
AFG,Afghanistan,drr,Ind,2.711095805,62,2,Medium (0.4-0.6),Asia,South Asia
IDN,Indonesia,bws,Irr,2.710991033,57,2,Medium - High (20-40%),Asia,East Asia & Pacific
MWI,Malawi,drr,Ind,2.70971876,63,2,Medium (0.4-0.6),Africa,Sub-Saharan Africa
HND,Honduras,drr,Tot,2.707179885,67,2,Medium (0.4-0.6),Americas,Latin America & Caribbean
URY,Uruguay,drr,One,2.705186635,53,2,Medium (0.4-0.6),Americas,Latin America & Caribbean
PRT,Portugal,bws,One,2.704998634,50,2,Medium - High (20-40%),Europe,Europe & Central Asia
GTM,Guatemala,drr,Liv,2.703249585,67,2,Medium (0.4-0.6),Americas,Latin America & Caribbean
GUY,Guyana,bws,Irr,2.701815087,58,2,Medium - High (20-40%),Americas,Latin America & Caribbean
HND,Honduras,drr,Liv,2.70114314,68,2,Medium (0.4-0.6),Americas,Latin America & Caribbean
SLV,El Salvador,drr,Irr,2.69754046,73,2,Medium (0.4-0.6),Americas,Latin America & Caribbean
KGZ,Kyrgyzstan,drr,Ind,2.69712416,64,2,Medium (0.4-0.6),Asia,Europe & Central Asia
URY,Uruguay,drr,Irr,2.6958891,74,2,Medium (0.4-0.6),Americas,Latin America & Caribbean
GUY,Guyana,bws,Tot,2.695733857,59,2,Medium - High (20-40%),Americas,Latin America & Caribbean
LSO,Lesotho,drr,Liv,2.693351375,69,2,Medium (0.4-0.6),Africa,Sub-Saharan Africa
BEL,Belgium,drr,Irr,2.68939813,75,2,Medium (0.4-0.6),Europe,Europe & Central Asia
TUN,Tunisia,drr,Ind,2.68772759,65,2,Medium (0.4-0.6),Africa,Middle East & North Africa
AZE,Azerbaijan,bws,Ind,2.687501138,58,2,Medium - High (20-40%),Asia,Europe & Central Asia
MEX,Mexico,drr,Dom,2.68416621,72,2,Medium (0.4-0.6),Americas,Latin America & Caribbean
SWZ,Swaziland,drr,Ind,2.68203386,66,2,Medium (0.4-0.6),Africa,Sub-Saharan Africa
TKM,Turkmenistan,drr,Liv,2.680764135,70,2,Medium (0.4-0.6),Asia,Europe & Central Asia
MWI,Malawi,drr,Irr,2.67886178,76,2,Medium (0.4-0.6),Africa,Sub-Saharan Africa
MWI,Malawi,drr,Liv,2.678596895,71,2,Medium (0.4-0.6),Africa,Sub-Saharan Africa
LSO,Lesotho,drr,One,2.673879295,54,2,Medium (0.4-0.6),Africa,Sub-Saharan Africa
BGD,Bangladesh,bws,Irr,2.673791137,59,2,Medium - High (20-40%),Asia,South Asia
BDI,Burundi,drr,Liv,2.671412765,72,2,Medium (0.4-0.6),Africa,Sub-Saharan Africa
GRC,Greece,drr,Liv,2.66975745,73,2,Medium (0.4-0.6),Europe,Europe & Central Asia
KGZ,Kyrgyzstan,drr,Dom,2.669382085,73,2,Medium (0.4-0.6),Asia,Europe & Central Asia
IDN,Indonesia,bws,Tot,2.669162882,60,2,Medium - High (20-40%),Asia,East Asia & Pacific
UZB,Uzbekistan,rfr,Pop,2.666444479,76,2,"Medium - High (4 in 1,000 to 8 in 1,000)",Asia,Europe & Central Asia
BRA,Brazil,drr,Irr,2.666210775,77,2,Medium (0.4-0.6),Americas,Latin America & Caribbean
SWZ,Swaziland,drr,One,2.66612801,55,2,Medium (0.4-0.6),Africa,Sub-Saharan Africa
BWA,Botswana,drr,Irr,2.66604193,78,2,Medium (0.4-0.6),Africa,Sub-Saharan Africa
BGD,Bangladesh,bws,Ind,2.664882434,59,2,Medium - High (20-40%),Asia,South Asia
IRL,Ireland,drr,Dom,2.66265505,74,2,Medium (0.4-0.6),Europe,Europe & Central Asia
BGD,Bangladesh,bws,Tot,2.660561137,61,2,Medium - High (20-40%),Asia,South Asia
MEX,Mexico,drr,Ind,2.659507105,67,2,Medium (0.4-0.6),Americas,Latin America & Caribbean
ALB,Albania,drr,One,2.65886578,56,2,Medium (0.4-0.6),Europe,Europe & Central Asia
NPL,Nepal,drr,One,2.655811405,57,2,Medium (0.4-0.6),Asia,South Asia
ETH,Ethiopia,drr,Irr,2.65511535,79,2,Medium (0.4-0.6),Africa,Sub-Saharan Africa
ZWE,Zimbabwe,drr,Irr,2.65079524,80,2,Medium (0.4-0.6),Africa,Sub-Saharan Africa
EST,Estonia,drr,Liv,2.644454905,74,2,Medium (0.4-0.6),Europe,Europe & Central Asia
ALB,Albania,drr,Liv,2.641343585,75,2,Medium (0.4-0.6),Europe,Europe & Central Asia
GRC,Greece,drr,Tot,2.64052222,68,2,Medium (0.4-0.6),Europe,Europe & Central Asia
GRC,Greece,drr,Irr,2.639252705,81,2,Medium (0.4-0.6),Europe,Europe & Central Asia
FIN,Finland,rfr,Pop,2.638028513,77,2,"Medium - High (4 in 1,000 to 8 in 1,000)",Europe,Europe & Central Asia
PHL,Philippines,drr,Dom,2.63608182,75,2,Medium (0.4-0.6),Asia,East Asia & Pacific
KAZ,Kazakhstan,bws,Irr,2.634438165,60,2,Medium - High (20-40%),Asia,Europe & Central Asia
MNE,Montenegro,drr,Irr,2.634265505,82,2,Medium (0.4-0.6),Europe,Europe & Central Asia
UKR,Ukraine,rfr,Pop,2.629977155,78,2,"Medium - High (4 in 1,000 to 8 in 1,000)",Europe,Europe & Central Asia
MEX,Mexico,drr,Tot,2.62931722,69,2,Medium (0.4-0.6),Americas,Latin America & Caribbean
ECU,Ecuador,drr,Irr,2.628836275,83,2,Medium (0.4-0.6),Americas,Latin America & Caribbean
IRL,Ireland,drr,Liv,2.6285295,76,2,Medium (0.4-0.6),Europe,Europe & Central Asia
NIC,Nicaragua,drr,One,2.627071725,58,2,Medium (0.4-0.6),Americas,Latin America & Caribbean
GRC,Greece,drr,Ind,2.62660749,68,2,Medium (0.4-0.6),Europe,Europe & Central Asia
ZAF,South Africa,drr,Liv,2.623935625,77,2,Medium (0.4-0.6),Africa,Sub-Saharan Africa
EST,Estonia,drr,Ind,2.62125652,69,2,Medium (0.4-0.6),Europe,Europe & Central Asia
SWE,Sweden,drr,Irr,2.62096881,84,2,Medium (0.4-0.6),Europe,Europe & Central Asia
MEX,Mexico,drr,Irr,2.6203117,85,2,Medium (0.4-0.6),Americas,Latin America & Caribbean
ERI,Eritrea,drr,Ind,2.620177525,70,2,Medium (0.4-0.6),Africa,Sub-Saharan Africa
IRL,Ireland,drr,Tot,2.61739227,70,2,Medium (0.4-0.6),Europe,Europe & Central Asia
ECU,Ecuador,drr,Tot,2.61530902,71,2,Medium (0.4-0.6),Americas,Latin America & Caribbean
TUR,Turkey,bws,One,2.61072929,51,2,Medium - High (20-40%),Asia,Europe & Central Asia
IRL,Ireland,drr,Ind,2.6103395,71,2,Medium (0.4-0.6),Europe,Europe & Central Asia
EST,Estonia,drr,Tot,2.609225565,72,2,Medium (0.4-0.6),Europe,Europe & Central Asia
TKM,Turkmenistan,drr,One,2.605974195,59,2,Medium (0.4-0.6),Asia,Europe & Central Asia
USA,United States,bws,Tot,2.604411175,62,2,Medium - High (20-40%),Americas,North America
COG,Republic of Congo,rfr,Pop,2.603793459,79,2,"Medium - High (4 in 1,000 to 8 in 1,000)",Africa,Sub-Saharan Africa
VNM,Vietnam,drr,Liv,2.603616075,78,2,Medium (0.4-0.6),Asia,East Asia & Pacific
TCD,Chad,bws,One,2.602798521,52,2,Medium - High (20-40%),Africa,Sub-Saharan Africa
ZWE,Zimbabwe,drr,One,2.60025564,60,2,Medium (0.4-0.6),Africa,Sub-Saharan Africa
ETH,Ethiopia,drr,Liv,2.59449214,79,2,Medium (0.4-0.6),Africa,Sub-Saharan Africa
BEL,Belgium,drr,Liv,2.5935733,80,2,Medium (0.4-0.6),Europe,Europe & Central Asia
GEO,Georgia,drr,Liv,2.593251115,81,2,Medium (0.4-0.6),Asia,Europe & Central Asia
AFG,Afghanistan,drr,One,2.58945951,61,2,Medium (0.4-0.6),Asia,South Asia
KAZ,Kazakhstan,drr,Liv,2.58281019,82,2,Medium (0.4-0.6),Asia,Europe & Central Asia
ZWE,Zimbabwe,drr,Liv,2.578265935,83,2,Medium (0.4-0.6),Africa,Sub-Saharan Africa
DJI,Djibouti,bws,One,2.571278573,53,2,Medium - High (20-40%),Africa,Middle East & North Africa
AZE,Azerbaijan,bws,Dom,2.569445346,59,2,Medium - High (20-40%),Asia,Europe & Central Asia
LSO,Lesotho,bws,One,2.565685728,54,2,Medium - High (20-40%),Africa,Sub-Saharan Africa
ZWE,Zimbabwe,drr,Tot,2.56542228,73,2,Medium (0.4-0.6),Africa,Sub-Saharan Africa
MNG,Mongolia,bws,Ind,2.563951336,60,2,Medium - High (20-40%),Asia,East Asia & Pacific
AUS,Australia,bws,Ind,2.562711849,61,2,Medium - High (20-40%),Oceania,East Asia & Pacific
VNM,Vietnam,drr,One,2.560545875,62,2,Medium (0.4-0.6),Asia,East Asia & Pacific
NGA,Nigeria,drr,One,2.559220985,63,2,Medium (0.4-0.6),Africa,Sub-Saharan Africa
ECU,Ecuador,drr,Liv,2.55877367,84,2,Medium (0.4-0.6),Americas,Latin America & Caribbean
ECU,Ecuador,drr,Dom,2.552490125,76,2,Medium (0.4-0.6),Americas,Latin America & Caribbean
BFA,Burkina Faso,bws,Liv,2.552060182,55,2,Medium - High (20-40%),Africa,Sub-Saharan Africa
LSO,Lesotho,bws,Dom,2.54981292,60,2,Medium - High (20-40%),Africa,Sub-Saharan Africa
UGA,Uganda,drr,Tot,2.54878685,74,2,Medium (0.4-0.6),Africa,Sub-Saharan Africa
BFA,Burkina Faso,bws,Dom,2.547709427,61,2,Medium - High (20-40%),Africa,Sub-Saharan Africa
AZE,Azerbaijan,rfr,Pop,2.5472231,80,2,"Medium - High (4 in 1,000 to 8 in 1,000)",Asia,Europe & Central Asia
KAZ,Kazakhstan,drr,Dom,2.54612759,77,2,Medium (0.4-0.6),Asia,Europe & Central Asia
ZWE,Zimbabwe,bws,Ind,2.542363654,62,2,Medium - High (20-40%),Africa,Sub-Saharan Africa
PER,Peru,bws,Dom,2.541890288,62,2,Medium - High (20-40%),Americas,Latin America & Caribbean
BEL,Belgium,drr,Ind,2.53427499,72,2,Medium (0.4-0.6),Europe,Europe & Central Asia
BRA,Brazil,drr,Tot,2.533453435,75,2,Medium (0.4-0.6),Americas,Latin America & Caribbean
TJK,Tajikistan,bws,Liv,2.532927884,56,2,Medium - High (20-40%),Asia,Europe & Central Asia
HND,Honduras,drr,Ind,2.53187639,73,2,Medium (0.4-0.6),Americas,Latin America & Caribbean
BEL,Belgium,drr,One,2.53151262,64,2,Medium (0.4-0.6),Europe,Europe & Central Asia
ETH,Ethiopia,drr,Tot,2.530258,76,2,Medium (0.4-0.6),Africa,Sub-Saharan Africa
ARG,Argentina,drr,Tot,2.528911905,77,2,Medium (0.4-0.6),Americas,Latin America & Caribbean
AFG,Afghanistan,bws,Liv,2.528740924,57,2,Medium - High (20-40%),Asia,South Asia
SSD,South Sudan,drr,Ind,2.52852915,74,2,Medium (0.4-0.6),Africa,Sub-Saharan Africa
BEL,Belgium,drr,Tot,2.52708756,78,2,Medium (0.4-0.6),Europe,Europe & Central Asia
IRL,Ireland,drr,One,2.522723235,65,2,Medium (0.4-0.6),Europe,Europe & Central Asia
GTM,Guatemala,drr,One,2.5217331,66,2,Medium (0.4-0.6),Americas,Latin America & Caribbean
MYS,Malaysia,drr,Irr,2.517234515,86,2,Medium (0.4-0.6),Asia,East Asia & Pacific
CHL,Chile,bws,One,2.516514114,55,2,Medium - High (20-40%),Americas,Latin America & Caribbean
CYP,Cyprus,drr,Irr,2.515156665,87,2,Medium (0.4-0.6),Asia,Europe & Central Asia
ETH,Ethiopia,drr,Dom,2.51495004,78,2,Medium (0.4-0.6),Africa,Sub-Saharan Africa
AZE,Azerbaijan,bws,One,2.514761966,56,2,Medium - High (20-40%),Asia,Europe & Central Asia
AFG,Afghanistan,bws,Dom,2.514169814,63,2,Medium - High (20-40%),Asia,South Asia
KAZ,Kazakhstan,bws,Tot,2.511560337,63,2,Medium - High (20-40%),Asia,Europe & Central Asia
GEO,Georgia,drr,One,2.509278245,67,2,Medium (0.4-0.6),Asia,Europe & Central Asia
MYS,Malaysia,drr,Ind,2.504961085,75,2,Medium (0.4-0.6),Asia,East Asia & Pacific
PAK,Pakistan,bws,One,2.502595412,57,2,Medium - High (20-40%),Asia,South Asia
KAZ,Kazakhstan,drr,Irr,2.501835485,88,2,Medium (0.4-0.6),Asia,Europe & Central Asia
GRC,Greece,drr,One,2.50097636,68,2,Medium (0.4-0.6),Europe,Europe & Central Asia
MRT,Mauritania,bws,Irr,2.500743015,61,2,Medium - High (20-40%),Africa,Sub-Saharan Africa
SLV,El Salvador,rfr,Pop,2.499945388,81,2,"Medium - High (4 in 1,000 to 8 in 1,000)",Americas,Latin America & Caribbean
KAZ,Kazakhstan,drr,Tot,2.49794773,79,2,Medium (0.4-0.6),Asia,Europe & Central Asia
KOR,South Korea,bws,Irr,2.496979365,62,2,Medium - High (20-40%),Asia,East Asia & Pacific
CYP,Cyprus,drr,Tot,2.49572287,80,2,Medium (0.4-0.6),Asia,Europe & Central Asia
ETH,Ethiopia,drr,One,2.49527328,69,2,Medium (0.4-0.6),Africa,Sub-Saharan Africa
KAZ,Kazakhstan,drr,Ind,2.4925312,76,2,Medium (0.4-0.6),Asia,Europe & Central Asia
BRA,Brazil,drr,Ind,2.492015665,77,2,Medium (0.4-0.6),Americas,Latin America & Caribbean
MEX,Mexico,drr,One,2.49183099,70,2,Medium (0.4-0.6),Americas,Latin America & Caribbean
EST,Estonia,drr,One,2.48911652,71,2,Medium (0.4-0.6),Europe,Europe & Central Asia
ZAF,South Africa,drr,One,2.48757321,72,2,Medium (0.4-0.6),Africa,Sub-Saharan Africa
MYS,Malaysia,drr,Tot,2.484837365,81,2,Medium (0.4-0.6),Asia,East Asia & Pacific
ARM,Armenia,bws,One,2.483907569,58,2,Medium - High (20-40%),Asia,Europe & Central Asia
ARG,Argentina,bws,Irr,2.482411389,63,2,Medium - High (20-40%),Americas,Latin America & Caribbean
HND,Honduras,drr,One,2.47500913,73,2,Medium (0.4-0.6),Americas,Latin America & Caribbean
SVN,Slovenia,drr,Irr,2.47121912,89,2,Medium (0.4-0.6),Europe,Europe & Central Asia
EST,Estonia,drr,Dom,2.469707545,79,2,Medium (0.4-0.6),Europe,Europe & Central Asia
AZE,Azerbaijan,bws,Tot,2.468350889,64,2,Medium - High (20-40%),Asia,Europe & Central Asia
PRK,North Korea,bws,Irr,2.465431292,64,2,Medium - High (20-40%),Asia,East Asia & Pacific
BEN,Benin,drr,Ind,2.46393758,78,2,Medium (0.4-0.6),Africa,Sub-Saharan Africa
KAZ,Kazakhstan,drr,One,2.459179515,74,2,Medium (0.4-0.6),Asia,Europe & Central Asia
MYS,Malaysia,drr,Liv,2.45809716,85,2,Medium (0.4-0.6),Asia,East Asia & Pacific
GNB,Guinea-Bissau,drr,Irr,2.45641202,90,2,Medium (0.4-0.6),Africa,Sub-Saharan Africa
BRA,Brazil,drr,Dom,2.45495273,80,2,Medium (0.4-0.6),Americas,Latin America & Caribbean
SSD,South Sudan,drr,One,2.44731848,75,2,Medium (0.4-0.6),Africa,Sub-Saharan Africa
NLD,Netherlands,drr,Liv,2.44714905,86,2,Medium (0.4-0.6),Europe,Europe & Central Asia
ALB,Albania,drr,Dom,2.44619628,81,2,Medium (0.4-0.6),Europe,Europe & Central Asia
MYS,Malaysia,drr,One,2.444454735,76,2,Medium (0.4-0.6),Asia,East Asia & Pacific
GNB,Guinea-Bissau,drr,Tot,2.44416005,82,2,Medium (0.4-0.6),Africa,Sub-Saharan Africa
TZA,Tanzania,drr,Liv,2.44397928,87,2,Medium (0.4-0.6),Africa,Sub-Saharan Africa
CYP,Cyprus,drr,Ind,2.443512925,79,2,Medium (0.4-0.6),Asia,Europe & Central Asia
USA,United States,bws,Liv,2.442776769,58,2,Medium - High (20-40%),Americas,North America
LKA,Sri Lanka,bws,One,2.442696274,59,2,Medium - High (20-40%),Asia,South Asia
JAM,Jamaica,drr,Liv,2.439281285,88,2,Medium (0.4-0.6),Americas,Latin America & Caribbean
SSD,South Sudan,drr,Liv,2.43627798,89,2,Medium (0.4-0.6),Africa,Sub-Saharan Africa
AZE,Azerbaijan,bws,Liv,2.435873839,59,2,Medium - High (20-40%),Asia,Europe & Central Asia
SWZ,Swaziland,drr,Tot,2.43322481,83,2,Medium (0.4-0.6),Africa,Sub-Saharan Africa
PRY,Paraguay,drr,Liv,2.42978939,90,2,Medium (0.4-0.6),Americas,Latin America & Caribbean
CYP,Cyprus,drr,Dom,2.42332596,82,2,Medium (0.4-0.6),Asia,Europe & Central Asia
NLD,Netherlands,drr,Dom,2.4226267,83,2,Medium (0.4-0.6),Europe,Europe & Central Asia
ZWE,Zimbabwe,drr,Dom,2.420182745,84,2,Medium (0.4-0.6),Africa,Sub-Saharan Africa
GNB,Guinea-Bissau,drr,One,2.418804485,77,2,Medium (0.4-0.6),Africa,Sub-Saharan Africa
SOM,Somalia,drr,Irr,2.41461658,91,2,Medium (0.4-0.6),Africa,Sub-Saharan Africa
SOM,Somalia,drr,Tot,2.41188633,84,2,Medium (0.4-0.6),Africa,Sub-Saharan Africa
NLD,Netherlands,drr,Ind,2.411877275,80,2,Medium (0.4-0.6),Europe,Europe & Central Asia
ECU,Ecuador,drr,Ind,2.410752475,81,2,Medium (0.4-0.6),Americas,Latin America & Caribbean
NLD,Netherlands,drr,Tot,2.410525165,85,2,Medium (0.4-0.6),Europe,Europe & Central Asia
SSD,South Sudan,drr,Dom,2.40558154,85,2,Medium (0.4-0.6),Africa,Sub-Saharan Africa
MYS,Malaysia,rfr,Pop,2.404943427,82,2,"Medium - High (4 in 1,000 to 8 in 1,000)",Asia,East Asia & Pacific
NGA,Nigeria,drr,Liv,2.403579075,91,2,Medium (0.4-0.6),Africa,Sub-Saharan Africa
ERI,Eritrea,drr,Liv,2.40214568,92,2,Medium (0.4-0.6),Africa,Sub-Saharan Africa
CIV,CÃ´te d'Ivoire,rfr,Pop,2.401189412,83,2,"Medium - High (4 in 1,000 to 8 in 1,000)",Africa,Sub-Saharan Africa
TLS,Timor-Leste,drr,Tot,2.40009749,86,2,Medium (0.4-0.6),Asia,East Asia & Pacific
PER,Peru,drr,Irr,2.393795455,92,2,Medium (0.4-0.6),Americas,Latin America & Caribbean
NLD,Netherlands,drr,Irr,2.392061875,93,2,Medium (0.4-0.6),Europe,Europe & Central Asia
ZWE,Zimbabwe,drr,Ind,2.39114724,82,2,Medium (0.4-0.6),Africa,Sub-Saharan Africa
USA,United States,bws,Dom,2.39095165,64,2,Medium - High (20-40%),Americas,North America
ALB,Albania,drr,Ind,2.39089165,83,2,Medium (0.4-0.6),Europe,Europe & Central Asia
BGD,Bangladesh,bws,Dom,2.390020309,65,2,Medium - High (20-40%),Asia,South Asia
KOR,South Korea,bws,Liv,2.389878501,60,2,Medium - High (20-40%),Asia,East Asia & Pacific
IDN,Indonesia,bws,Dom,2.388568591,66,2,Medium - High (20-40%),Asia,East Asia & Pacific
KHM,Cambodia,drr,Ind,2.387111735,84,2,Medium (0.4-0.6),Asia,East Asia & Pacific
GUY,Guyana,drr,Dom,2.384131275,86,2,Medium (0.4-0.6),Americas,Latin America & Caribbean
KOR,South Korea,bws,Tot,2.381249355,65,2,Medium - High (20-40%),Asia,East Asia & Pacific
SWZ,Swaziland,drr,Irr,2.37916667,94,2,Medium (0.4-0.6),Africa,Sub-Saharan Africa
CYP,Cyprus,drr,One,2.37857958,78,2,Medium (0.4-0.6),Asia,Europe & Central Asia
TZA,Tanzania,drr,Irr,2.36887317,95,2,Medium (0.4-0.6),Africa,Sub-Saharan Africa
CHN,China,bws,One,2.368529842,60,2,Medium - High (20-40%),Asia,East Asia & Pacific
TJK,Tajikistan,bws,Ind,2.366658906,63,2,Medium - High (20-40%),Asia,Europe & Central Asia
GEO,Georgia,drr,Tot,2.365794105,87,2,Medium (0.4-0.6),Asia,Europe & Central Asia
ALB,Albania,drr,Tot,2.3647478,88,2,Medium (0.4-0.6),Europe,Europe & Central Asia
LKA,Sri Lanka,bws,Irr,2.362092256,65,2,Medium - High (20-40%),Asia,South Asia
LKA,Sri Lanka,bws,Tot,2.361447216,66,2,Medium - High (20-40%),Asia,South Asia
TJK,Tajikistan,drr,One,2.361223665,79,2,Medium (0.4-0.6),Asia,Europe & Central Asia
TZA,Tanzania,drr,Ind,2.36061846,85,2,Medium (0.4-0.6),Africa,Sub-Saharan Africa
BEL,Belgium,drr,Dom,2.360105435,87,2,Medium (0.4-0.6),Europe,Europe & Central Asia
LKA,Sri Lanka,bws,Dom,2.357784812,67,2,Medium - High (20-40%),Asia,South Asia
LKA,Sri Lanka,bws,Ind,2.351842081,64,2,Medium - High (20-40%),Asia,South Asia
KAZ,Kazakhstan,bws,Ind,2.351832807,65,2,Medium - High (20-40%),Asia,Europe & Central Asia
ALB,Albania,drr,Irr,2.35053438,96,2,Medium (0.4-0.6),Europe,Europe & Central Asia
LKA,Sri Lanka,bws,Liv,2.348754822,62,2,Medium - High (20-40%),Asia,South Asia
DJI,Djibouti,drr,Liv,2.346560755,93,2,Medium (0.4-0.6),Africa,Middle East & North Africa
SWE,Sweden,rfr,Pop,2.34570146,84,2,"Medium - High (4 in 1,000 to 8 in 1,000)",Europe,Europe & Central Asia
ALB,Albania,rfr,Pop,2.343377038,85,2,"Medium - High (4 in 1,000 to 8 in 1,000)",Europe,Europe & Central Asia
CHN,China,drr,One,2.34240869,80,2,Medium (0.4-0.6),Asia,East Asia & Pacific
SRB,Serbia,rfr,Pop,2.341911352,86,2,"Medium - High (4 in 1,000 to 8 in 1,000)",Europe,Europe & Central Asia
RUS,Russia,drr,Tot,2.338164235,89,2,Medium (0.4-0.6),Europe,Europe & Central Asia
TJK,Tajikistan,bws,Tot,2.335048113,67,2,Medium - High (20-40%),Asia,Europe & Central Asia
MNE,Montenegro,drr,Ind,2.33350805,86,2,Medium (0.4-0.6),Europe,Europe & Central Asia
PER,Peru,drr,Tot,2.3334373,90,2,Medium (0.4-0.6),Americas,Latin America & Caribbean
NZL,New Zealand,rfr,Pop,2.332007987,87,2,"Medium - High (4 in 1,000 to 8 in 1,000)",Oceania,East Asia & Pacific
PAN,Panama,drr,Liv,2.331330095,94,2,Medium (0.4-0.6),Americas,Latin America & Caribbean
KOR,South Korea,bws,Dom,2.330913161,68,2,Medium - High (20-40%),Asia,East Asia & Pacific
MYS,Malaysia,drr,Dom,2.330097115,88,2,Medium (0.4-0.6),Asia,East Asia & Pacific
KAZ,Kazakhstan,bws,One,2.330049025,61,2,Medium - High (20-40%),Asia,Europe & Central Asia
AUS,Australia,bws,One,2.329228103,62,2,Medium - High (20-40%),Oceania,East Asia & Pacific
TJK,Tajikistan,bws,Dom,2.326811916,69,2,Medium - High (20-40%),Asia,Europe & Central Asia
TJK,Tajikistan,bws,Irr,2.326288767,66,2,Medium - High (20-40%),Asia,Europe & Central Asia
MNE,Montenegro,drr,Tot,2.32534893,91,2,Medium (0.4-0.6),Europe,Europe & Central Asia
MNE,Montenegro,drr,Liv,2.325185345,95,2,Medium (0.4-0.6),Europe,Europe & Central Asia
ZMB,Zambia,drr,Ind,2.32324648,87,2,Medium (0.4-0.6),Africa,Sub-Saharan Africa
PRK,North Korea,bws,Tot,2.322401108,68,2,Medium - High (20-40%),Asia,East Asia & Pacific
KOR,South Korea,bws,Ind,2.321588937,66,2,Medium - High (20-40%),Asia,East Asia & Pacific
ZMB,Zambia,drr,Irr,2.321070095,97,2,Medium (0.4-0.6),Africa,Sub-Saharan Africa
ERI,Eritrea,drr,Tot,2.320886595,92,2,Medium (0.4-0.6),Africa,Sub-Saharan Africa
ZMB,Zambia,drr,Tot,2.31894426,93,2,Medium (0.4-0.6),Africa,Sub-Saharan Africa
NZL,New Zealand,drr,Irr,2.315453635,98,2,Medium (0.4-0.6),Oceania,East Asia & Pacific
TZA,Tanzania,drr,Tot,2.315088155,94,2,Medium (0.4-0.6),Africa,Sub-Saharan Africa
GUY,Guyana,drr,Tot,2.31360249,95,2,Medium (0.4-0.6),Americas,Latin America & Caribbean
GUY,Guyana,drr,Irr,2.31179165,99,2,Medium (0.4-0.6),Americas,Latin America & Caribbean
ZMB,Zambia,drr,Dom,2.310729365,89,2,Medium (0.4-0.6),Africa,Sub-Saharan Africa
CRI,Costa Rica,drr,Irr,2.305847455,100,2,Medium (0.4-0.6),Americas,Latin America & Caribbean
ERI,Eritrea,drr,Irr,2.304914615,101,2,Medium (0.4-0.6),Africa,Sub-Saharan Africa
ZMB,Zambia,drr,One,2.304671765,81,2,Medium (0.4-0.6),Africa,Sub-Saharan Africa
TZA,Tanzania,bws,Irr,2.303220756,67,2,Medium - High (20-40%),Africa,Sub-Saharan Africa
BRA,Brazil,drr,Liv,2.303169835,96,2,Medium (0.4-0.6),Americas,Latin America & Caribbean
PAN,Panama,drr,Irr,2.29914014,102,2,Medium (0.4-0.6),Americas,Latin America & Caribbean
MNE,Montenegro,rfr,Pop,2.292466342,88,2,"Medium - High (4 in 1,000 to 8 in 1,000)",Europe,Europe & Central Asia
JAM,Jamaica,drr,One,2.290812355,82,2,Medium (0.4-0.6),Americas,Latin America & Caribbean
JPN,Japan,drr,Dom,2.29080939,90,2,Medium (0.4-0.6),Asia,East Asia & Pacific
NGA,Nigeria,drr,Tot,2.28800455,96,2,Medium (0.4-0.6),Africa,Sub-Saharan Africa
ERI,Eritrea,drr,Dom,2.28670266,91,2,Medium (0.4-0.6),Africa,Sub-Saharan Africa
MNE,Montenegro,drr,One,2.28633037,83,2,Medium (0.4-0.6),Europe,Europe & Central Asia
NLD,Netherlands,drr,One,2.282134885,84,2,Medium (0.4-0.6),Europe,Europe & Central Asia
KWT,Kuwait,rfr,Pop,2.278464124,89,2,"Medium - High (4 in 1,000 to 8 in 1,000)",Asia,Middle East & North Africa
MWI,Malawi,drr,One,2.267203635,85,2,Medium (0.4-0.6),Africa,Sub-Saharan Africa
GNQ,Equatorial Guinea,drr,Liv,2.264205835,97,2,Medium (0.4-0.6),Africa,Sub-Saharan Africa
AZE,Azerbaijan,bws,Irr,2.260585644,68,2,Medium - High (20-40%),Asia,Europe & Central Asia
CMR,Cameroon,drr,Liv,2.255209855,98,2,Medium (0.4-0.6),Africa,Sub-Saharan Africa
AUT,Austria,drr,Ind,2.254348625,88,2,Medium (0.4-0.6),Europe,Europe & Central Asia
AFG,Afghanistan,bws,Ind,2.251204005,67,2,Medium - High (20-40%),Asia,South Asia
CAN,Canada,rfr,Pop,2.245164121,90,2,"Medium - High (4 in 1,000 to 8 in 1,000)",Americas,North America
ARM,Armenia,drr,Tot,2.243007875,97,2,Medium (0.4-0.6),Asia,Europe & Central Asia
ZMB,Zambia,drr,Liv,2.242896795,99,2,Medium (0.4-0.6),Africa,Sub-Saharan Africa
GMB,Gambia,drr,One,2.241665795,86,2,Medium (0.4-0.6),Africa,Sub-Saharan Africa
HUN,Hungary,rfr,Pop,2.239910776,91,2,"Medium - High (4 in 1,000 to 8 in 1,000)",Europe,Europe & Central Asia
ZWE,Zimbabwe,bws,Dom,2.239038114,70,2,Medium - High (20-40%),Africa,Sub-Saharan Africa
BWA,Botswana,drr,Ind,2.238928755,89,2,Medium (0.4-0.6),Africa,Sub-Saharan Africa
GMB,Gambia,drr,Dom,2.237763585,92,2,Medium (0.4-0.6),Africa,Sub-Saharan Africa
BGD,Bangladesh,bws,Liv,2.237641802,63,2,Medium - High (20-40%),Asia,South Asia
UGA,Uganda,drr,Ind,2.234785275,90,2,Medium (0.4-0.6),Africa,Sub-Saharan Africa
MNG,Mongolia,drr,Ind,2.233374085,91,2,Medium (0.4-0.6),Asia,East Asia & Pacific
RUS,Russia,drr,Ind,2.22593219,92,2,Medium (0.4-0.6),Europe,Europe & Central Asia
TUN,Tunisia,drr,One,2.224233125,87,2,Medium (0.4-0.6),Africa,Middle East & North Africa
VEN,Venezuela,drr,Irr,2.22417512,103,2,Medium (0.4-0.6),Americas,Latin America & Caribbean
AUT,Austria,drr,Tot,2.220543905,98,2,Medium (0.4-0.6),Europe,Europe & Central Asia
SVN,Slovenia,drr,Dom,2.22023341,93,2,Medium (0.4-0.6),Europe,Europe & Central Asia
SEN,Senegal,bws,Tot,2.220100987,69,2,Medium - High (20-40%),Africa,Sub-Saharan Africa
NZL,New Zealand,drr,Liv,2.217982415,100,2,Medium (0.4-0.6),Oceania,East Asia & Pacific
IRN,Iran,drr,One,2.217812685,88,2,Medium (0.4-0.6),Asia,Middle East & North Africa
BWA,Botswana,drr,Tot,2.217199745,99,2,Medium (0.4-0.6),Africa,Sub-Saharan Africa
KOR,South Korea,bws,One,2.208198106,63,2,Medium - High (20-40%),Asia,East Asia & Pacific
TZA,Tanzania,drr,One,2.207311185,89,2,Medium (0.4-0.6),Africa,Sub-Saharan Africa
ARG,Argentina,drr,One,2.19770521,90,2,Medium (0.4-0.6),Americas,Latin America & Caribbean
IDN,Indonesia,bws,Ind,2.196856034,68,2,Medium - High (20-40%),Asia,East Asia & Pacific
PHL,Philippines,bws,Irr,2.191148731,69,2,Medium - High (20-40%),Asia,East Asia & Pacific
ARM,Armenia,drr,Ind,2.190879145,93,2,Medium (0.4-0.6),Asia,Europe & Central Asia
MLI,Mali,bws,Dom,2.18984803,71,2,Medium - High (20-40%),Africa,Sub-Saharan Africa
AUT,Austria,drr,One,2.18376094,91,2,Medium (0.4-0.6),Europe,Europe & Central Asia
FIN,Finland,drr,Irr,2.182892165,104,2,Medium (0.4-0.6),Europe,Europe & Central Asia
CAN,Canada,bws,Irr,2.179800081,70,2,Medium - High (20-40%),Americas,North America
MDG,Madagascar,drr,Dom,2.17735791,94,2,Medium (0.4-0.6),Africa,Sub-Saharan Africa
GMB,Gambia,drr,Tot,2.174840695,100,2,Medium (0.4-0.6),Africa,Sub-Saharan Africa
ZWE,Zimbabwe,bws,Tot,2.174587686,70,2,Medium - High (20-40%),Africa,Sub-Saharan Africa
DJI,Djibouti,drr,One,2.17451053,92,2,Medium (0.4-0.6),Africa,Middle East & North Africa
PRY,Paraguay,drr,One,2.169616205,93,2,Medium (0.4-0.6),Americas,Latin America & Caribbean
SOM,Somalia,drr,Liv,2.169368525,101,2,Medium (0.4-0.6),Africa,Sub-Saharan Africa
MOZ,Mozambique,drr,Liv,2.169161035,102,2,Medium (0.4-0.6),Africa,Sub-Saharan Africa
LBR,Liberia,drr,Ind,2.16896719,94,2,Medium (0.4-0.6),Africa,Sub-Saharan Africa
GMB,Gambia,drr,Irr,2.168376435,105,2,Medium (0.4-0.6),Africa,Sub-Saharan Africa
COD,Democratic Republic of the Congo,drr,Ind,2.167744775,95,2,Medium (0.4-0.6),Africa,Sub-Saharan Africa
BFA,Burkina Faso,bws,One,2.164627596,64,2,Medium - High (20-40%),Africa,Sub-Saharan Africa
MDG,Madagascar,drr,Liv,2.161369085,103,2,Medium (0.4-0.6),Africa,Sub-Saharan Africa
AUS,Australia,bws,Liv,2.160982702,64,2,Medium - High (20-40%),Oceania,East Asia & Pacific
ARG,Argentina,drr,Irr,2.15741253,106,2,Medium (0.4-0.6),Americas,Latin America & Caribbean
VEN,Venezuela,drr,Tot,2.15647755,101,2,Medium (0.4-0.6),Americas,Latin America & Caribbean
MOZ,Mozambique,drr,Irr,2.153832635,107,2,Medium (0.4-0.6),Africa,Sub-Saharan Africa
LTU,Lithuania,bws,Ind,2.153786505,69,2,Medium - High (20-40%),Europe,Europe & Central Asia
CHL,Chile,bws,Liv,2.153459341,65,2,Medium - High (20-40%),Americas,Latin America & Caribbean
ARM,Armenia,bws,Liv,2.152368601,66,2,Medium - High (20-40%),Asia,Europe & Central Asia
VNM,Vietnam,bws,Irr,2.148110656,71,2,Medium - High (20-40%),Asia,East Asia & Pacific
UGA,Uganda,rfr,Pop,2.147514651,92,2,"Medium - High (4 in 1,000 to 8 in 1,000)",Africa,Sub-Saharan Africa
SEN,Senegal,bws,One,2.146255527,65,2,Medium - High (20-40%),Africa,Sub-Saharan Africa
JAM,Jamaica,drr,Ind,2.14502367,96,2,Medium (0.4-0.6),Americas,Latin America & Caribbean
SVN,Slovenia,drr,Tot,2.143194755,102,2,Medium (0.4-0.6),Europe,Europe & Central Asia
MDG,Madagascar,drr,One,2.141956015,94,2,Medium (0.4-0.6),Africa,Sub-Saharan Africa
ARM,Armenia,rfr,Pop,2.141103651,93,2,"Medium - High (4 in 1,000 to 8 in 1,000)",Asia,Europe & Central Asia
MOZ,Mozambique,drr,Tot,2.140937735,103,2,Medium (0.4-0.6),Africa,Sub-Saharan Africa
GEO,Georgia,drr,Ind,2.140491515,97,2,Medium (0.4-0.6),Asia,Europe & Central Asia
CZE,Czech Republic,bws,Irr,2.140294747,72,2,Medium - High (20-40%),Europe,Europe & Central Asia
LTU,Lithuania,bws,Tot,2.139633569,71,2,Medium - High (20-40%),Europe,Europe & Central Asia
MMR,Myanmar,bws,Irr,2.139531742,73,2,Medium - High (20-40%),Asia,East Asia & Pacific
SVN,Slovenia,drr,Liv,2.13929049,104,2,Medium (0.4-0.6),Europe,Europe & Central Asia
SLV,El Salvador,bws,Irr,2.137673361,74,2,Medium - High (20-40%),Americas,Latin America & Caribbean
SEN,Senegal,bws,Irr,2.136581068,75,2,Medium - High (20-40%),Africa,Sub-Saharan Africa
SVN,Slovenia,drr,Ind,2.13634418,98,2,Medium (0.4-0.6),Europe,Europe & Central Asia
PER,Peru,drr,Liv,2.13233831,105,2,Medium (0.4-0.6),Americas,Latin America & Caribbean
GMB,Gambia,drr,Ind,2.131927395,99,2,Medium (0.4-0.6),Africa,Sub-Saharan Africa
MMR,Myanmar,bws,Tot,2.131153639,72,2,Medium - High (20-40%),Asia,East Asia & Pacific
PAN,Panama,drr,Tot,2.131049075,104,2,Medium (0.4-0.6),Americas,Latin America & Caribbean
DJI,Djibouti,drr,Dom,2.12827339,95,2,Medium (0.4-0.6),Africa,Middle East & North Africa
JPN,Japan,bws,Dom,2.125961915,72,2,Medium - High (20-40%),Asia,East Asia & Pacific
AUT,Austria,drr,Liv,2.12527587,106,2,Medium (0.4-0.6),Europe,Europe & Central Asia
GUY,Guyana,drr,Ind,2.12089876,100,2,Medium (0.4-0.6),Americas,Latin America & Caribbean
MOZ,Mozambique,drr,One,2.116869005,95,2,Medium (0.4-0.6),Africa,Sub-Saharan Africa
MNG,Mongolia,drr,Tot,2.11578932,105,2,Medium (0.4-0.6),Asia,East Asia & Pacific
USA,United States,bws,Ind,2.114327892,70,2,Medium - High (20-40%),Americas,North America
KHM,Cambodia,bws,Dom,2.113602035,73,2,Medium - High (20-40%),Asia,East Asia & Pacific
ZWE,Zimbabwe,bws,Irr,2.112838285,76,2,Medium - High (20-40%),Africa,Sub-Saharan Africa
VNM,Vietnam,bws,Tot,2.112769594,73,2,Medium - High (20-40%),Asia,East Asia & Pacific
MDG,Madagascar,drr,Tot,2.11250934,106,2,Medium (0.4-0.6),Africa,Sub-Saharan Africa
CHE,Switzerland,drr,Liv,2.11150981,107,2,Medium (0.4-0.6),Europe,Europe & Central Asia
MDG,Madagascar,drr,Irr,2.11078481,108,2,Medium (0.4-0.6),Africa,Sub-Saharan Africa
USA,United States,drr,Liv,2.106879725,108,2,Medium (0.4-0.6),Americas,North America
BFA,Burkina Faso,rfr,Pop,2.106289422,94,2,"Medium - High (4 in 1,000 to 8 in 1,000)",Africa,Sub-Saharan Africa
BTN,Bhutan,drr,Liv,2.105277345,109,2,Medium (0.4-0.6),Asia,South Asia
CHL,Chile,drr,Irr,2.100937985,109,2,Medium (0.4-0.6),Americas,Latin America & Caribbean
LAO,Laos,drr,Ind,2.100373905,101,2,Medium (0.4-0.6),Asia,East Asia & Pacific
ZWE,Zimbabwe,bws,Liv,2.098874313,67,2,Medium - High (20-40%),Africa,Sub-Saharan Africa
COL,Colombia,drr,Irr,2.09761858,110,2,Medium (0.4-0.6),Americas,Latin America & Caribbean
ERI,Eritrea,drr,One,2.096310635,96,2,Medium (0.4-0.6),Africa,Sub-Saharan Africa
ECU,Ecuador,rfr,Pop,2.094648411,95,2,"Medium - High (4 in 1,000 to 8 in 1,000)",Americas,Latin America & Caribbean
LTU,Lithuania,bws,Dom,2.094074672,74,2,Medium - High (20-40%),Europe,Europe & Central Asia
MEX,Mexico,rfr,Pop,2.093034654,96,2,"Medium - High (4 in 1,000 to 8 in 1,000)",Americas,Latin America & Caribbean
TUR,Turkey,rfr,Pop,2.090419868,97,2,"Medium - High (4 in 1,000 to 8 in 1,000)",Asia,Europe & Central Asia
MOZ,Mozambique,drr,Dom,2.088156695,96,2,Medium (0.4-0.6),Africa,Sub-Saharan Africa
MLI,Mali,bws,Liv,2.087718008,68,2,Medium - High (20-40%),Africa,Sub-Saharan Africa
SVN,Slovenia,drr,One,2.08673947,97,2,Medium (0.4-0.6),Europe,Europe & Central Asia
PER,Peru,drr,Dom,2.082339725,97,2,Medium (0.4-0.6),Americas,Latin America & Caribbean
SOM,Somalia,drr,One,2.081238095,98,2,Medium (0.4-0.6),Africa,Sub-Saharan Africa
SOM,Somalia,drr,Dom,2.07909968,98,2,Medium (0.4-0.6),Africa,Sub-Saharan Africa
PRK,North Korea,bws,Dom,2.078785094,75,2,Medium - High (20-40%),Asia,East Asia & Pacific
NZL,New Zealand,drr,Tot,2.07615692,107,2,Medium (0.4-0.6),Oceania,East Asia & Pacific
PAN,Panama,drr,Dom,2.075379335,99,2,Medium (0.4-0.6),Americas,Latin America & Caribbean
BIH,Bosnia and Herzegovina,rfr,Pop,2.075005444,98,2,"Medium - High (4 in 1,000 to 8 in 1,000)",Europe,Europe & Central Asia
PAN,Panama,drr,Ind,2.062601535,102,2,Medium (0.4-0.6),Americas,Latin America & Caribbean
ECU,Ecuador,drr,One,2.05861276,99,2,Medium (0.4-0.6),Americas,Latin America & Caribbean
TZA,Tanzania,drr,Dom,2.05850736,100,2,Medium (0.4-0.6),Africa,Sub-Saharan Africa
BTN,Bhutan,drr,Dom,2.05806094,101,2,Medium (0.4-0.6),Asia,South Asia
BWA,Botswana,drr,Dom,2.056361445,102,2,Medium (0.4-0.6),Africa,Sub-Saharan Africa
JPN,Japan,drr,Tot,2.05630799,108,2,Medium (0.4-0.6),Asia,East Asia & Pacific
ROU,Romania,rfr,Pop,2.052807941,99,2,"Medium - High (4 in 1,000 to 8 in 1,000)",Europe,Europe & Central Asia
PER,Peru,drr,Ind,2.052328405,103,2,Medium (0.4-0.6),Americas,Latin America & Caribbean
DEU,Germany,bws,Ind,2.051544436,71,2,Medium - High (20-40%),Europe,Europe & Central Asia
COL,Colombia,drr,Tot,2.050606065,109,2,Medium (0.4-0.6),Americas,Latin America & Caribbean
MKD,Macedonia,rfr,Pop,2.04890484,100,2,"Medium - High (4 in 1,000 to 8 in 1,000)",Europe,Europe & Central Asia
KOR,South Korea,drr,Liv,2.044958855,110,2,Medium (0.4-0.6),Asia,East Asia & Pacific
DEU,Germany,bws,Tot,2.041904513,74,2,Medium - High (20-40%),Europe,Europe & Central Asia
KAZ,Kazakhstan,bws,Dom,2.040118931,76,2,Medium - High (20-40%),Asia,Europe & Central Asia
GUY,Guyana,bws,Dom,2.036136241,77,2,Medium - High (20-40%),Americas,Latin America & Caribbean
NZL,New Zealand,drr,One,2.03597657,100,2,Medium (0.4-0.6),Oceania,East Asia & Pacific
NZL,New Zealand,drr,Ind,2.03525883,104,2,Medium (0.4-0.6),Oceania,East Asia & Pacific
VEN,Venezuela,bws,Irr,2.034285477,77,2,Medium - High (20-40%),Americas,Latin America & Caribbean
BTN,Bhutan,drr,Ind,2.031347875,105,2,Medium (0.4-0.6),Asia,South Asia
GEO,Georgia,drr,Dom,2.027158035,103,2,Medium (0.4-0.6),Asia,Europe & Central Asia
GIN,Guinea,drr,One,2.026597375,101,2,Medium (0.4-0.6),Africa,Sub-Saharan Africa
PHL,Philippines,bws,Tot,2.026275245,75,2,Medium - High (20-40%),Asia,East Asia & Pacific
CHL,Chile,drr,Tot,2.02350777,110,2,Medium (0.4-0.6),Americas,Latin America & Caribbean
JPN,Japan,drr,Ind,2.01404907,106,2,Medium (0.4-0.6),Asia,East Asia & Pacific
JPN,Japan,drr,Irr,2.01211038,111,2,Medium (0.4-0.6),Asia,East Asia & Pacific
USA,United States,drr,Ind,2.011040775,107,2,Medium (0.4-0.6),Americas,North America
SWZ,Swaziland,rfr,Pop,2.009500327,101,2,"Medium - High (4 in 1,000 to 8 in 1,000)",Africa,Sub-Saharan Africa
KAZ,Kazakhstan,bws,Liv,2.00782339,69,2,Medium - High (20-40%),Asia,Europe & Central Asia
JPN,Japan,bws,Irr,2.006841207,78,2,Medium - High (20-40%),Asia,East Asia & Pacific
BWA,Botswana,drr,Liv,2.006816,111,2,Medium (0.4-0.6),Africa,Sub-Saharan Africa
GNQ,Equatorial Guinea,rfr,Pop,2.005878594,102,2,"Medium - High (4 in 1,000 to 8 in 1,000)",Africa,Sub-Saharan Africa
KOR,South Korea,drr,Irr,2.005327035,112,2,Medium (0.4-0.6),Asia,East Asia & Pacific
GIN,Guinea,drr,Liv,2.00359458,112,2,Medium (0.4-0.6),Africa,Sub-Saharan Africa
TLS,Timor-Leste,bws,One,2.002749864,66,2,Medium - High (20-40%),Asia,East Asia & Pacific
COL,Colombia,drr,Ind,2.00272165,108,2,Medium (0.4-0.6),Americas,Latin America & Caribbean
FIN,Finland,drr,Dom,2.0005703,104,2,Medium (0.4-0.6),Europe,Europe & Central Asia
MOZ,Mozambique,drr,Ind,1.99925999,109,1,Low - Medium (0.2-0.4),Africa,Sub-Saharan Africa
DEU,Germany,bws,Dom,1.999212434,78,1,Low - Medium (10-20%),Europe,Europe & Central Asia
TKM,Turkmenistan,rfr,Pop,1.997996195,103,1,"Low - Medium (2 in 1,000 to 4 in 1,000)",Asia,Europe & Central Asia
GIN,Guinea,drr,Dom,1.99746898,105,1,Low - Medium (0.2-0.4),Africa,Sub-Saharan Africa
CHN,China,rfr,Pop,1.987883277,104,1,"Low - Medium (2 in 1,000 to 4 in 1,000)",Asia,East Asia & Pacific
COL,Colombia,drr,Dom,1.98740005,106,1,Low - Medium (0.2-0.4),Americas,Latin America & Caribbean
CRI,Costa Rica,drr,Tot,1.986112915,111,1,Low - Medium (0.2-0.4),Americas,Latin America & Caribbean
GNB,Guinea-Bissau,drr,Dom,1.98244673,107,1,Low - Medium (0.2-0.4),Africa,Sub-Saharan Africa
ZWE,Zimbabwe,bws,One,1.976009199,67,1,Low - Medium (10-20%),Africa,Sub-Saharan Africa
VEN,Venezuela,drr,Liv,1.975289725,113,1,Low - Medium (0.2-0.4),Americas,Latin America & Caribbean
USA,United States,drr,Tot,1.974499975,112,1,Low - Medium (0.2-0.4),Americas,North America
USA,United States,drr,Dom,1.972024695,108,1,Low - Medium (0.2-0.4),Americas,North America
AGO,Angola,drr,Liv,1.96862,114,1,Low - Medium (0.2-0.4),Africa,Sub-Saharan Africa
JPN,Japan,bws,Tot,1.967749978,76,1,Low - Medium (10-20%),Asia,East Asia & Pacific
CHL,Chile,drr,Dom,1.967094195,109,1,Low - Medium (0.2-0.4),Americas,Latin America & Caribbean
CHE,Switzerland,drr,Irr,1.96069998,113,1,Low - Medium (0.2-0.4),Europe,Europe & Central Asia
VEN,Venezuela,drr,Ind,1.955394605,110,1,Low - Medium (0.2-0.4),Americas,Latin America & Caribbean
CHE,Switzerland,drr,Ind,1.951616075,111,1,Low - Medium (0.2-0.4),Europe,Europe & Central Asia
DEU,Germany,bws,Liv,1.949308589,70,1,Low - Medium (10-20%),Europe,Europe & Central Asia
AUT,Austria,drr,Dom,1.94924439,110,1,Low - Medium (0.2-0.4),Europe,Europe & Central Asia
SLV,El Salvador,bws,Tot,1.947996154,77,1,Low - Medium (10-20%),Americas,Latin America & Caribbean
JPN,Japan,drr,Liv,1.94616564,115,1,Low - Medium (0.2-0.4),Asia,East Asia & Pacific
CHE,Switzerland,drr,Tot,1.9412985,113,1,Low - Medium (0.2-0.4),Europe,Europe & Central Asia
AGO,Angola,drr,Dom,1.94027413,111,1,Low - Medium (0.2-0.4),Africa,Sub-Saharan Africa
GIN,Guinea,drr,Irr,1.93990979,114,1,Low - Medium (0.2-0.4),Africa,Sub-Saharan Africa
FRA,France,bws,Dom,1.937635903,79,1,Low - Medium (10-20%),Europe,Europe & Central Asia
CMR,Cameroon,drr,Dom,1.93695265,112,1,Low - Medium (0.2-0.4),Africa,Sub-Saharan Africa
NZL,New Zealand,drr,Dom,1.935674975,113,1,Low - Medium (0.2-0.4),Oceania,East Asia & Pacific
PRK,North Korea,bws,Ind,1.934467373,72,1,Low - Medium (10-20%),Asia,East Asia & Pacific
PHL,Philippines,bws,Ind,1.933213943,73,1,Low - Medium (10-20%),Asia,East Asia & Pacific
DZA,Algeria,rfr,Pop,1.931800122,105,1,"Low - Medium (2 in 1,000 to 4 in 1,000)",Africa,Middle East & North Africa
KOR,South Korea,drr,One,1.92968013,102,1,Low - Medium (0.2-0.4),Asia,East Asia & Pacific
FRA,France,bws,Ind,1.929524162,74,1,Low - Medium (10-20%),Europe,Europe & Central Asia
MNG,Mongolia,drr,Irr,1.929341515,115,1,Low - Medium (0.2-0.4),Asia,East Asia & Pacific
COD,Democratic Republic of the Congo,drr,Irr,1.92508437,116,1,Low - Medium (0.2-0.4),Africa,Sub-Saharan Africa
FRA,France,bws,Liv,1.922251905,71,1,Low - Medium (10-20%),Europe,Europe & Central Asia
FRA,France,bws,Tot,1.916452159,78,1,Low - Medium (10-20%),Europe,Europe & Central Asia
GIN,Guinea,drr,Tot,1.912589305,114,1,Low - Medium (0.2-0.4),Africa,Sub-Saharan Africa
KGZ,Kyrgyzstan,bws,One,1.91191844,68,1,Low - Medium (10-20%),Asia,Europe & Central Asia
MNG,Mongolia,drr,Dom,1.911449595,114,1,Low - Medium (0.2-0.4),Asia,East Asia & Pacific
CAF,Central African Republic,drr,Liv,1.9106237,116,1,Low - Medium (0.2-0.4),Africa,Sub-Saharan Africa
CHE,Switzerland,drr,One,1.90831858,103,1,Low - Medium (0.2-0.4),Europe,Europe & Central Asia
CZE,Czech Republic,bws,Liv,1.907811171,72,1,Low - Medium (10-20%),Europe,Europe & Central Asia
TZA,Tanzania,bws,Tot,1.90521696,81,1,Low - Medium (10-20%),Africa,Sub-Saharan Africa
PAK,Pakistan,drr,One,1.904278625,104,1,Low - Medium (0.2-0.4),Asia,South Asia
SLV,El Salvador,bws,One,1.903298576,71,1,Low - Medium (10-20%),Americas,Latin America & Caribbean
GNQ,Equatorial Guinea,drr,One,1.90119332,105,1,Low - Medium (0.2-0.4),Africa,Sub-Saharan Africa
MNE,Montenegro,drr,Dom,1.897666675,115,1,Low - Medium (0.2-0.4),Europe,Europe & Central Asia
KOR,South Korea,drr,Ind,1.89751367,112,1,Low - Medium (0.2-0.4),Asia,East Asia & Pacific
CHE,Switzerland,drr,Dom,1.89686351,116,1,Low - Medium (0.2-0.4),Europe,Europe & Central Asia
LAO,Laos,drr,Tot,1.893682,115,1,Low - Medium (0.2-0.4),Asia,East Asia & Pacific
GNQ,Equatorial Guinea,drr,Dom,1.89157472,117,1,Low - Medium (0.2-0.4),Africa,Sub-Saharan Africa
SSD,South Sudan,drr,Tot,1.88389478,116,1,Low - Medium (0.2-0.4),Africa,Sub-Saharan Africa
URY,Uruguay,bws,Irr,1.881781051,79,1,Low - Medium (10-20%),Americas,Latin America & Caribbean
NPL,Nepal,bws,One,1.881413858,72,1,Low - Medium (10-20%),Asia,South Asia
LAO,Laos,drr,Irr,1.87931528,117,1,Low - Medium (0.2-0.4),Asia,East Asia & Pacific
CMR,Cameroon,drr,One,1.879248665,106,1,Low - Medium (0.2-0.4),Africa,Sub-Saharan Africa
BTN,Bhutan,drr,One,1.87922908,107,1,Low - Medium (0.2-0.4),Asia,South Asia
SWE,Sweden,drr,Dom,1.87640675,118,1,Low - Medium (0.2-0.4),Europe,Europe & Central Asia
COL,Colombia,drr,Liv,1.874143315,117,1,Low - Medium (0.2-0.4),Americas,Latin America & Caribbean
JPN,Japan,drr,One,1.873409655,108,1,Low - Medium (0.2-0.4),Asia,East Asia & Pacific
KHM,Cambodia,bws,Tot,1.87051284,82,1,Low - Medium (10-20%),Asia,East Asia & Pacific
COD,Democratic Republic of the Congo,drr,Tot,1.86949397,117,1,Low - Medium (0.2-0.4),Africa,Sub-Saharan Africa
KHM,Cambodia,bws,Irr,1.868534682,80,1,Low - Medium (10-20%),Asia,East Asia & Pacific
AGO,Angola,drr,Tot,1.867009335,118,1,Low - Medium (0.2-0.4),Africa,Sub-Saharan Africa
BOL,Bolivia,drr,Irr,1.86610113,118,1,Low - Medium (0.2-0.4),Americas,Latin America & Caribbean
AGO,Angola,drr,Irr,1.863318245,119,1,Low - Medium (0.2-0.4),Africa,Sub-Saharan Africa
CZE,Czech Republic,bws,Ind,1.859114292,77,1,Low - Medium (10-20%),Europe,Europe & Central Asia
BTN,Bhutan,drr,Tot,1.85837139,119,1,Low - Medium (0.2-0.4),Asia,South Asia
POL,Poland,bws,Irr,1.855492896,81,1,Low - Medium (10-20%),Europe,Europe & Central Asia
VNM,Vietnam,bws,Dom,1.852652583,81,1,Low - Medium (10-20%),Asia,East Asia & Pacific
AUS,Australia,drr,Irr,1.850655505,120,1,Low - Medium (0.2-0.4),Oceania,East Asia & Pacific
AGO,Angola,drr,Ind,1.846982205,113,1,Low - Medium (0.2-0.4),Africa,Sub-Saharan Africa
ETH,Ethiopia,drr,Ind,1.845166195,114,1,Low - Medium (0.2-0.4),Africa,Sub-Saharan Africa
JPN,Japan,bws,Ind,1.841293392,78,1,Low - Medium (10-20%),Asia,East Asia & Pacific
IRN,Iran,rfr,Pop,1.84082625,106,1,"Low - Medium (2 in 1,000 to 4 in 1,000)",Asia,Middle East & North Africa
VNM,Vietnam,bws,Ind,1.839933801,80,1,Low - Medium (10-20%),Asia,East Asia & Pacific
USA,United States,drr,Irr,1.8387652,121,1,Low - Medium (0.2-0.4),Americas,North America
SLE,Sierra Leone,drr,Irr,1.83644623,122,1,Low - Medium (0.2-0.4),Africa,Sub-Saharan Africa
CZE,Czech Republic,bws,Tot,1.835970493,84,1,Low - Medium (10-20%),Europe,Europe & Central Asia
ARG,Argentina,bws,Tot,1.834917254,85,1,Low - Medium (10-20%),Americas,Latin America & Caribbean
JAM,Jamaica,drr,Dom,1.83485826,119,1,Low - Medium (0.2-0.4),Americas,Latin America & Caribbean
BOL,Bolivia,drr,Tot,1.8343923,120,1,Low - Medium (0.2-0.4),Americas,Latin America & Caribbean
URY,Uruguay,bws,Tot,1.832983309,86,1,Low - Medium (10-20%),Americas,Latin America & Caribbean
SLV,El Salvador,bws,Dom,1.828718902,83,1,Low - Medium (10-20%),Americas,Latin America & Caribbean
LUX,Luxembourg,drr,Irr,1.828065975,123,1,Low - Medium (0.2-0.4),Europe,Europe & Central Asia
PHL,Philippines,bws,Dom,1.827379098,84,1,Low - Medium (10-20%),Asia,East Asia & Pacific
CMR,Cameroon,drr,Ind,1.82696732,115,1,Low - Medium (0.2-0.4),Africa,Sub-Saharan Africa
SLE,Sierra Leone,drr,Liv,1.82691124,118,1,Low - Medium (0.2-0.4),Africa,Sub-Saharan Africa
DEU,Germany,bws,One,1.82392039,74,1,Low - Medium (10-20%),Europe,Europe & Central Asia
FIN,Finland,drr,Tot,1.82366301,121,1,Low - Medium (0.2-0.4),Europe,Europe & Central Asia
BTN,Bhutan,drr,Irr,1.82288425,124,1,Low - Medium (0.2-0.4),Asia,South Asia
VEN,Venezuela,drr,Dom,1.82145958,120,1,Low - Medium (0.2-0.4),Americas,Latin America & Caribbean
VEN,Venezuela,bws,Tot,1.820253759,87,1,Low - Medium (10-20%),Americas,Latin America & Caribbean
ARG,Argentina,bws,One,1.813717434,75,1,Low - Medium (10-20%),Americas,Latin America & Caribbean
FIN,Finland,drr,Ind,1.81005499,116,1,Low - Medium (0.2-0.4),Europe,Europe & Central Asia
MNG,Mongolia,drr,Liv,1.80752351,119,1,Low - Medium (0.2-0.4),Asia,East Asia & Pacific
FRA,France,bws,Irr,1.801104271,83,1,Low - Medium (10-20%),Europe,Europe & Central Asia
AUS,Australia,drr,Tot,1.80087136,122,1,Low - Medium (0.2-0.4),Oceania,East Asia & Pacific
ZWE,Zimbabwe,rfr,Pop,1.800339204,107,1,"Low - Medium (2 in 1,000 to 4 in 1,000)",Africa,Sub-Saharan Africa
CRI,Costa Rica,drr,Liv,1.79926322,120,1,Low - Medium (0.2-0.4),Americas,Latin America & Caribbean
BOL,Bolivia,drr,Ind,1.794904225,117,1,Low - Medium (0.2-0.4),Americas,Latin America & Caribbean
SWE,Sweden,drr,Liv,1.79132681,121,1,Low - Medium (0.2-0.4),Europe,Europe & Central Asia
KOR,South Korea,drr,Tot,1.78575865,123,1,Low - Medium (0.2-0.4),Asia,East Asia & Pacific
LTU,Lithuania,bws,Irr,1.776512707,84,1,Low - Medium (10-20%),Europe,Europe & Central Asia
SLE,Sierra Leone,drr,One,1.7733823,109,1,Low - Medium (0.2-0.4),Africa,Sub-Saharan Africa
PAN,Panama,drr,One,1.77298568,110,1,Low - Medium (0.2-0.4),Americas,Latin America & Caribbean
TLS,Timor-Leste,bws,Liv,1.772625858,74,1,Low - Medium (10-20%),Asia,East Asia & Pacific
TLS,Timor-Leste,bws,Tot,1.772192187,88,1,Low - Medium (10-20%),Asia,East Asia & Pacific
TLS,Timor-Leste,bws,Dom,1.772192161,85,1,Low - Medium (10-20%),Asia,East Asia & Pacific
TLS,Timor-Leste,bws,Ind,1.772192161,81,1,Low - Medium (10-20%),Asia,East Asia & Pacific
TLS,Timor-Leste,bws,Irr,1.772192161,85,1,Low - Medium (10-20%),Asia,East Asia & Pacific
GAB,Gabon,drr,Irr,1.77081659,125,1,Low - Medium (0.2-0.4),Africa,Sub-Saharan Africa
LAO,Laos,drr,Liv,1.762553125,122,1,Low - Medium (0.2-0.4),Asia,East Asia & Pacific
SVK,Slovakia,bws,Liv,1.760433757,75,1,Low - Medium (10-20%),Europe,Europe & Central Asia
CZE,Czech Republic,bws,Dom,1.758437659,86,1,Low - Medium (10-20%),Europe,Europe & Central Asia
USA,United States,bws,One,1.757645008,76,1,Low - Medium (10-20%),Americas,North America
IDN,Indonesia,bws,Liv,1.751802728,77,1,Low - Medium (10-20%),Asia,East Asia & Pacific
LAO,Laos,drr,Dom,1.745268695,121,1,Low - Medium (0.2-0.4),Asia,East Asia & Pacific
MNG,Mongolia,drr,One,1.743891505,111,1,Low - Medium (0.2-0.4),Asia,East Asia & Pacific
RUS,Russia,bws,Irr,1.74377565,86,1,Low - Medium (10-20%),Europe,Europe & Central Asia
NGA,Nigeria,drr,Irr,1.737186615,126,1,Low - Medium (0.2-0.4),Africa,Sub-Saharan Africa
DEU,Germany,bws,Irr,1.731174453,87,1,Low - Medium (10-20%),Europe,Europe & Central Asia
AGO,Angola,drr,One,1.728667255,112,1,Low - Medium (0.2-0.4),Africa,Sub-Saharan Africa
SSD,South Sudan,bws,Liv,1.728612207,78,1,Low - Medium (10-20%),Africa,Sub-Saharan Africa
CAN,Canada,bws,Liv,1.728585056,79,1,Low - Medium (10-20%),Americas,North America
NAM,Namibia,drr,Liv,1.726410925,123,1,Low - Medium (0.2-0.4),Africa,Sub-Saharan Africa
SUR,Suriname,bws,Irr,1.726181865,88,1,Low - Medium (10-20%),Americas,Latin America & Caribbean
JPN,Japan,bws,Liv,1.72390245,80,1,Low - Medium (10-20%),Asia,East Asia & Pacific
PER,Peru,bws,One,1.720849615,77,1,Low - Medium (10-20%),Americas,Latin America & Caribbean
CRI,Costa Rica,drr,One,1.71982425,113,1,Low - Medium (0.2-0.4),Americas,Latin America & Caribbean
BOL,Bolivia,drr,Dom,1.718353515,122,1,Low - Medium (0.2-0.4),Americas,Latin America & Caribbean
CUB,Cuba,bws,Irr,1.717783071,89,1,Low - Medium (10-20%),Americas,Latin America & Caribbean
CAF,Central African Republic,drr,Irr,1.71626601,127,1,Low - Medium (0.2-0.4),Africa,Sub-Saharan Africa
GRC,Greece,rfr,Pop,1.711805576,108,1,"Low - Medium (2 in 1,000 to 4 in 1,000)",Europe,Europe & Central Asia
ARM,Armenia,drr,Dom,1.711356935,123,1,Low - Medium (0.2-0.4),Asia,Europe & Central Asia
POL,Poland,bws,Dom,1.697667901,87,1,Low - Medium (10-20%),Europe,Europe & Central Asia
SLE,Sierra Leone,drr,Tot,1.69727449,124,1,Low - Medium (0.2-0.4),Africa,Sub-Saharan Africa
CRI,Costa Rica,drr,Ind,1.69221225,118,1,Low - Medium (0.2-0.4),Americas,Latin America & Caribbean
DJI,Djibouti,drr,Tot,1.687404525,125,1,Low - Medium (0.2-0.4),Africa,Middle East & North Africa
CAF,Central African Republic,drr,One,1.68201345,114,1,Low - Medium (0.2-0.4),Africa,Sub-Saharan Africa
SLV,El Salvador,bws,Ind,1.676598687,82,1,Low - Medium (10-20%),Americas,Latin America & Caribbean
BRA,Brazil,drr,One,1.67653832,115,1,Low - Medium (0.2-0.4),Americas,Latin America & Caribbean
GMB,Gambia,drr,Liv,1.67641704,124,1,Low - Medium (0.2-0.4),Africa,Sub-Saharan Africa
LAO,Laos,drr,One,1.6756151,116,1,Low - Medium (0.2-0.4),Asia,East Asia & Pacific
SOM,Somalia,bws,Tot,1.674658334,89,1,Low - Medium (10-20%),Africa,Sub-Saharan Africa
LBR,Liberia,drr,Dom,1.67013166,124,1,Low - Medium (0.2-0.4),Africa,Sub-Saharan Africa
NAM,Namibia,drr,Dom,1.66990838,125,1,Low - Medium (0.2-0.4),Africa,Sub-Saharan Africa
SUR,Suriname,bws,Tot,1.667553064,90,1,Low - Medium (10-20%),Americas,Latin America & Caribbean
LUX,Luxembourg,drr,Dom,1.665951985,126,1,Low - Medium (0.2-0.4),Europe,Europe & Central Asia
NLD,Netherlands,bws,Irr,1.663487932,90,1,Low - Medium (10-20%),Europe,Europe & Central Asia
BOL,Bolivia,drr,Liv,1.66243065,125,1,Low - Medium (0.2-0.4),Americas,Latin America & Caribbean
CUB,Cuba,bws,Ind,1.660114859,83,1,Low - Medium (10-20%),Americas,Latin America & Caribbean
POL,Poland,bws,Tot,1.65863867,91,1,Low - Medium (10-20%),Europe,Europe & Central Asia
LUX,Luxembourg,drr,Tot,1.655550765,126,1,Low - Medium (0.2-0.4),Europe,Europe & Central Asia
UKR,Ukraine,bws,Irr,1.654951531,91,1,Low - Medium (10-20%),Europe,Europe & Central Asia
LUX,Luxembourg,drr,Ind,1.65463923,119,1,Low - Medium (0.2-0.4),Europe,Europe & Central Asia
LUX,Luxembourg,drr,Liv,1.653873775,126,1,Low - Medium (0.2-0.4),Europe,Europe & Central Asia
CUB,Cuba,bws,Tot,1.650924902,92,1,Low - Medium (10-20%),Americas,Latin America & Caribbean
POL,Poland,bws,Ind,1.650141884,84,1,Low - Medium (10-20%),Europe,Europe & Central Asia
FRA,France,bws,One,1.649834054,79,1,Low - Medium (10-20%),Europe,Europe & Central Asia
SOM,Somalia,bws,Irr,1.64755299,92,1,Low - Medium (10-20%),Africa,Sub-Saharan Africa
BFA,Burkina Faso,bws,Tot,1.646041049,93,1,Low - Medium (10-20%),Africa,Sub-Saharan Africa
DJI,Djibouti,drr,Irr,1.644765745,128,1,Low - Medium (0.2-0.4),Africa,Middle East & North Africa
AUS,Australia,drr,Liv,1.64344108,127,1,Low - Medium (0.2-0.4),Oceania,East Asia & Pacific
CHL,Chile,drr,Ind,1.642556695,120,1,Low - Medium (0.2-0.4),Americas,Latin America & Caribbean
CZE,Czech Republic,bws,One,1.637214018,80,1,Low - Medium (10-20%),Europe,Europe & Central Asia
ARG,Argentina,rfr,Pop,1.628398117,109,1,"Low - Medium (2 in 1,000 to 4 in 1,000)",Americas,Latin America & Caribbean
CAF,Central African Republic,drr,Dom,1.625866895,127,1,Low - Medium (0.2-0.4),Africa,Sub-Saharan Africa
BRA,Brazil,rfr,Pop,1.624863181,110,1,"Low - Medium (2 in 1,000 to 4 in 1,000)",Americas,Latin America & Caribbean
SVK,Slovakia,bws,Irr,1.623644858,93,1,Low - Medium (10-20%),Europe,Europe & Central Asia
VEN,Venezuela,rfr,Pop,1.622782887,111,1,"Low - Medium (2 in 1,000 to 4 in 1,000)",Americas,Latin America & Caribbean
POL,Poland,bws,Liv,1.619863822,81,1,Low - Medium (10-20%),Europe,Europe & Central Asia
SVK,Slovakia,bws,Ind,1.61808539,85,1,Low - Medium (10-20%),Europe,Europe & Central Asia
LUX,Luxembourg,drr,One,1.615840125,117,1,Low - Medium (0.2-0.4),Europe,Europe & Central Asia
SVK,Slovakia,bws,Tot,1.615225882,94,1,Low - Medium (10-20%),Europe,Europe & Central Asia
LSO,Lesotho,bws,Liv,1.608977298,82,1,Low - Medium (10-20%),Africa,Sub-Saharan Africa
DOM,Dominican Republic,bws,One,1.604479359,81,1,Low - Medium (10-20%),Americas,Latin America & Caribbean
DOM,Dominican Republic,bws,Tot,1.604479359,95,1,Low - Medium (10-20%),Americas,Latin America & Caribbean
DOM,Dominican Republic,bws,Dom,1.604479359,88,1,Low - Medium (10-20%),Americas,Latin America & Caribbean
DOM,Dominican Republic,bws,Ind,1.604479359,86,1,Low - Medium (10-20%),Americas,Latin America & Caribbean
DOM,Dominican Republic,bws,Irr,1.604479359,94,1,Low - Medium (10-20%),Americas,Latin America & Caribbean
DOM,Dominican Republic,bws,Liv,1.604479359,83,1,Low - Medium (10-20%),Americas,Latin America & Caribbean
HTI,Haiti,bws,Ind,1.604479359,87,1,Low - Medium (10-20%),Americas,Latin America & Caribbean
HTI,Haiti,bws,Irr,1.604479358,95,1,Low - Medium (10-20%),Americas,Latin America & Caribbean
HTI,Haiti,bws,Tot,1.602577632,96,1,Low - Medium (10-20%),Americas,Latin America & Caribbean
AUS,Australia,drr,Dom,1.60234717,128,1,Low - Medium (0.2-0.4),Oceania,East Asia & Pacific
TLS,Timor-Leste,drr,Ind,1.602063625,121,1,Low - Medium (0.2-0.4),Asia,East Asia & Pacific
HTI,Haiti,bws,Liv,1.601326712,84,1,Low - Medium (10-20%),Americas,Latin America & Caribbean
KAZ,Kazakhstan,rfr,Pop,1.600860534,112,1,"Low - Medium (2 in 1,000 to 4 in 1,000)",Asia,Europe & Central Asia
CUB,Cuba,bws,Dom,1.598551579,89,1,Low - Medium (10-20%),Americas,Latin America & Caribbean
SUR,Suriname,drr,Irr,1.598258875,129,1,Low - Medium (0.2-0.4),Americas,Latin America & Caribbean
AGO,Angola,bws,Liv,1.598239217,85,1,Low - Medium (10-20%),Africa,Sub-Saharan Africa
HTI,Haiti,bws,Dom,1.595806638,90,1,Low - Medium (10-20%),Americas,Latin America & Caribbean
NAM,Namibia,rfr,Pop,1.590315066,113,1,"Low - Medium (2 in 1,000 to 4 in 1,000)",Africa,Sub-Saharan Africa
AUS,Australia,rfr,Pop,1.589633919,114,1,"Low - Medium (2 in 1,000 to 4 in 1,000)",Oceania,East Asia & Pacific
GBR,United Kingdom,bws,Irr,1.58867991,96,1,Low - Medium (10-20%),Europe,Europe & Central Asia
BWA,Botswana,drr,One,1.58461546,118,1,Low - Medium (0.2-0.4),Africa,Sub-Saharan Africa
NLD,Netherlands,bws,Ind,1.584415435,88,1,Low - Medium (10-20%),Europe,Europe & Central Asia
NLD,Netherlands,bws,Tot,1.581120297,97,1,Low - Medium (10-20%),Europe,Europe & Central Asia
JPN,Japan,bws,One,1.581071948,82,1,Low - Medium (10-20%),Asia,East Asia & Pacific
SRB,Serbia,bws,One,1.577507062,83,1,Low - Medium (10-20%),Europe,Europe & Central Asia
SVK,Slovakia,bws,Dom,1.576237332,91,1,Low - Medium (10-20%),Europe,Europe & Central Asia
SLE,Sierra Leone,drr,Dom,1.56546024,129,1,Low - Medium (0.2-0.4),Africa,Sub-Saharan Africa
MMR,Myanmar,bws,Dom,1.565420562,92,1,Low - Medium (10-20%),Asia,East Asia & Pacific
GBR,United Kingdom,bws,Dom,1.561019692,93,1,Low - Medium (10-20%),Europe,Europe & Central Asia
MMR,Myanmar,bws,Ind,1.557481253,89,1,Low - Medium (10-20%),Asia,East Asia & Pacific
SRB,Serbia,bws,Liv,1.55654141,86,1,Low - Medium (10-20%),Europe,Europe & Central Asia
LBR,Liberia,drr,Tot,1.556526885,127,1,Low - Medium (0.2-0.4),Africa,Sub-Saharan Africa
BOL,Bolivia,drr,One,1.55495945,119,1,Low - Medium (0.2-0.4),Americas,Latin America & Caribbean
SWE,Sweden,drr,Tot,1.553504005,128,1,Low - Medium (0.2-0.4),Europe,Europe & Central Asia
COD,Democratic Republic of the Congo,drr,Dom,1.55000988,130,1,Low - Medium (0.2-0.4),Africa,Sub-Saharan Africa
CHL,Chile,drr,Liv,1.54621169,128,1,Low - Medium (0.2-0.4),Americas,Latin America & Caribbean
NLD,Netherlands,bws,Dom,1.538337707,94,1,Low - Medium (10-20%),Europe,Europe & Central Asia
VEN,Venezuela,bws,Dom,1.529343161,95,1,Low - Medium (10-20%),Americas,Latin America & Caribbean
CRI,Costa Rica,drr,Dom,1.528885755,131,1,Low - Medium (0.2-0.4),Americas,Latin America & Caribbean
AUS,Australia,drr,Ind,1.525864575,122,1,Low - Medium (0.2-0.4),Oceania,East Asia & Pacific
BGD,Bangladesh,bws,One,1.523824536,84,1,Low - Medium (10-20%),Asia,South Asia
NAM,Namibia,drr,Tot,1.517327185,129,1,Low - Medium (0.2-0.4),Africa,Sub-Saharan Africa
USA,United States,drr,One,1.517048125,120,1,Low - Medium (0.2-0.4),Americas,North America
FIN,Finland,drr,Liv,1.514586945,129,1,Low - Medium (0.2-0.4),Europe,Europe & Central Asia
CUB,Cuba,bws,Liv,1.511473539,87,1,Low - Medium (10-20%),Americas,Latin America & Caribbean
AGO,Angola,bws,Ind,1.509020767,90,1,Low - Medium (10-20%),Africa,Sub-Saharan Africa
COG,Republic of Congo,drr,Irr,1.506010935,130,1,Low - Medium (0.2-0.4),Africa,Sub-Saharan Africa
BGR,Bulgaria,bws,One,1.491775958,85,1,Low - Medium (10-20%),Europe,Europe & Central Asia
COD,Democratic Republic of the Congo,drr,Liv,1.489287525,130,1,Low - Medium (0.2-0.4),Africa,Sub-Saharan Africa
DJI,Djibouti,drr,Ind,1.488628855,123,1,Low - Medium (0.2-0.4),Africa,Middle East & North Africa
AGO,Angola,bws,One,1.479840719,86,1,Low - Medium (10-20%),Africa,Sub-Saharan Africa
URY,Uruguay,bws,Dom,1.479313998,96,1,Low - Medium (10-20%),Americas,Latin America & Caribbean
NLD,Netherlands,bws,Liv,1.476595249,88,1,Low - Medium (10-20%),Europe,Europe & Central Asia
GAB,Gabon,drr,Tot,1.470653455,130,1,Low - Medium (0.2-0.4),Africa,Sub-Saharan Africa
SSD,South Sudan,bws,Dom,1.468145677,97,1,Low - Medium (10-20%),Africa,Sub-Saharan Africa
BGR,Bulgaria,bws,Ind,1.464547771,91,1,Low - Medium (10-20%),Europe,Europe & Central Asia
ISL,Iceland,rfr,Pop,1.459558784,115,1,"Low - Medium (2 in 1,000 to 4 in 1,000)",Europe,Europe & Central Asia
HTI,Haiti,bws,One,1.458617599,87,1,Low - Medium (10-20%),Americas,Latin America & Caribbean
SDN,Sudan,bws,Tot,1.457958178,98,1,Low - Medium (10-20%),Africa,Sub-Saharan Africa
BGR,Bulgaria,bws,Tot,1.45732336,99,1,Low - Medium (10-20%),Europe,Europe & Central Asia
NAM,Namibia,drr,Irr,1.45340185,131,1,Low - Medium (0.2-0.4),Africa,Sub-Saharan Africa
SVK,Slovakia,rfr,Pop,1.448087198,116,1,"Low - Medium (2 in 1,000 to 4 in 1,000)",Europe,Europe & Central Asia
ROU,Romania,bws,Dom,1.445817204,98,1,Low - Medium (10-20%),Europe,Europe & Central Asia
ETH,Ethiopia,bws,Ind,1.444253019,92,1,Low - Medium (10-20%),Africa,Sub-Saharan Africa
ZMB,Zambia,rfr,Pop,1.442897161,117,1,"Low - Medium (2 in 1,000 to 4 in 1,000)",Africa,Sub-Saharan Africa
GUY,Guyana,bws,Ind,1.433768225,93,1,Low - Medium (10-20%),Americas,Latin America & Caribbean
ARG,Argentina,bws,Liv,1.428215665,89,1,Low - Medium (10-20%),Americas,Latin America & Caribbean
COD,Democratic Republic of the Congo,drr,One,1.42499284,121,1,Low - Medium (0.2-0.4),Africa,Sub-Saharan Africa
TCD,Chad,bws,Liv,1.424417161,90,1,Low - Medium (10-20%),Africa,Sub-Saharan Africa
SWE,Sweden,drr,Ind,1.420930345,124,1,Low - Medium (0.2-0.4),Europe,Europe & Central Asia
BGR,Bulgaria,bws,Liv,1.420337282,91,1,Low - Medium (10-20%),Europe,Europe & Central Asia
MYS,Malaysia,bws,Irr,1.418781498,98,1,Low - Medium (10-20%),Asia,East Asia & Pacific
SVN,Slovenia,rfr,Pop,1.417806317,118,1,"Low - Medium (2 in 1,000 to 4 in 1,000)",Europe,Europe & Central Asia
KHM,Cambodia,bws,Ind,1.414486839,94,1,Low - Medium (10-20%),Asia,East Asia & Pacific
ROU,Romania,bws,Ind,1.40875578,95,1,Low - Medium (10-20%),Europe,Europe & Central Asia
LBR,Liberia,drr,One,1.40842541,122,1,Low - Medium (0.2-0.4),Africa,Sub-Saharan Africa
LBR,Liberia,drr,Liv,1.404278005,131,1,Low - Medium (0.2-0.4),Africa,Sub-Saharan Africa
TJK,Tajikistan,bws,One,1.402099567,88,1,Low - Medium (10-20%),Asia,Europe & Central Asia
PHL,Philippines,bws,Liv,1.398567024,92,1,Low - Medium (10-20%),Asia,East Asia & Pacific
CMR,Cameroon,drr,Tot,1.398330155,131,1,Low - Medium (0.2-0.4),Africa,Sub-Saharan Africa
IRL,Ireland,rfr,Pop,1.39562074,119,1,"Low - Medium (2 in 1,000 to 4 in 1,000)",Europe,Europe & Central Asia
POL,Poland,bws,One,1.395397442,89,1,Low - Medium (10-20%),Europe,Europe & Central Asia
SSD,South Sudan,bws,Tot,1.393236802,101,1,Low - Medium (10-20%),Africa,Sub-Saharan Africa
LSO,Lesotho,rfr,Pop,1.391868787,120,1,"Low - Medium (2 in 1,000 to 4 in 1,000)",Africa,Sub-Saharan Africa
SLV,El Salvador,bws,Liv,1.39033578,93,1,Low - Medium (10-20%),Americas,Latin America & Caribbean
FIN,Finland,drr,One,1.382752945,123,1,Low - Medium (0.2-0.4),Europe,Europe & Central Asia
MDA,Moldova,bws,Irr,1.373650754,99,1,Low - Medium (10-20%),Europe,Europe & Central Asia
UKR,Ukraine,bws,Tot,1.372503853,102,1,Low - Medium (10-20%),Europe,Europe & Central Asia
ROU,Romania,bws,Liv,1.371686374,94,1,Low - Medium (10-20%),Europe,Europe & Central Asia
COG,Republic of Congo,drr,Liv,1.369397755,132,1,Low - Medium (0.2-0.4),Africa,Sub-Saharan Africa
ZAF,South Africa,rfr,Pop,1.365721773,121,1,"Low - Medium (2 in 1,000 to 4 in 1,000)",Africa,Sub-Saharan Africa
UKR,Ukraine,bws,Dom,1.364716972,100,1,Low - Medium (10-20%),Europe,Europe & Central Asia
SDN,Sudan,bws,Irr,1.363607495,101,1,Low - Medium (10-20%),Africa,Sub-Saharan Africa
VNM,Vietnam,bws,Liv,1.356965233,96,1,Low - Medium (10-20%),Asia,East Asia & Pacific
PRK,North Korea,bws,One,1.355352118,90,1,Low - Medium (10-20%),Asia,East Asia & Pacific
BGR,Bulgaria,bws,Irr,1.349452831,102,1,Low - Medium (10-20%),Europe,Europe & Central Asia
CRI,Costa Rica,rfr,Pop,1.348706416,122,1,"Low - Medium (2 in 1,000 to 4 in 1,000)",Americas,Latin America & Caribbean
VNM,Vietnam,bws,One,1.343689888,92,1,Low - Medium (10-20%),Asia,East Asia & Pacific
ARG,Argentina,bws,Ind,1.333086279,98,1,Low - Medium (10-20%),Americas,Latin America & Caribbean
LTU,Lithuania,bws,Liv,1.332688732,97,1,Low - Medium (10-20%),Europe,Europe & Central Asia
SVK,Slovakia,bws,One,1.331444137,93,1,Low - Medium (10-20%),Europe,Europe & Central Asia
KHM,Cambodia,bws,Liv,1.324185195,98,1,Low - Medium (10-20%),Asia,East Asia & Pacific
EST,Estonia,rfr,Pop,1.32330111,123,1,"Low - Medium (2 in 1,000 to 4 in 1,000)",Europe,Europe & Central Asia
LBR,Liberia,drr,Irr,1.32320589,132,1,Low - Medium (0.2-0.4),Africa,Sub-Saharan Africa
PRY,Paraguay,rfr,Pop,1.322072281,124,1,"Low - Medium (2 in 1,000 to 4 in 1,000)",Americas,Latin America & Caribbean
GUY,Guyana,drr,Liv,1.321326885,133,1,Low - Medium (0.2-0.4),Americas,Latin America & Caribbean
DNK,Denmark,rfr,Pop,1.320225767,125,1,"Low - Medium (2 in 1,000 to 4 in 1,000)",Europe,Europe & Central Asia
GUY,Guyana,drr,One,1.31991749,124,1,Low - Medium (0.2-0.4),Americas,Latin America & Caribbean
UKR,Ukraine,bws,Ind,1.316689611,99,1,Low - Medium (10-20%),Europe,Europe & Central Asia
AUS,Australia,drr,One,1.314901875,125,1,Low - Medium (0.2-0.4),Oceania,East Asia & Pacific
CAN,Canada,bws,Dom,1.313637254,102,1,Low - Medium (10-20%),Americas,North America
CUB,Cuba,bws,One,1.312191099,94,1,Low - Medium (10-20%),Americas,Latin America & Caribbean
RUS,Russia,bws,Dom,1.307567583,103,1,Low - Medium (10-20%),Europe,Europe & Central Asia
NAM,Namibia,drr,Ind,1.301772225,125,1,Low - Medium (0.2-0.4),Africa,Sub-Saharan Africa
SSD,South Sudan,drr,Irr,1.29953131,133,1,Low - Medium (0.2-0.4),Africa,Sub-Saharan Africa
BRA,Brazil,bws,Irr,1.299088514,103,1,Low - Medium (10-20%),Americas,Latin America & Caribbean
GBR,United Kingdom,bws,Tot,1.298003739,104,1,Low - Medium (10-20%),Europe,Europe & Central Asia
PHL,Philippines,bws,One,1.295124424,95,1,Low - Medium (10-20%),Asia,East Asia & Pacific
BGR,Bulgaria,bws,Dom,1.293675592,104,1,Low - Medium (10-20%),Europe,Europe & Central Asia
EST,Estonia,bws,Dom,1.290528938,105,1,Low - Medium (10-20%),Europe,Europe & Central Asia
NOR,Norway,drr,Irr,1.289054555,134,1,Low - Medium (0.2-0.4),Europe,Europe & Central Asia
COL,Colombia,drr,One,1.286595345,126,1,Low - Medium (0.2-0.4),Americas,Latin America & Caribbean
BDI,Burundi,drr,Ind,1.285928085,126,1,Low - Medium (0.2-0.4),Africa,Sub-Saharan Africa
GTM,Guatemala,bws,Irr,1.284465376,104,1,Low - Medium (10-20%),Americas,Latin America & Caribbean
PER,Peru,drr,One,1.281330905,127,1,Low - Medium (0.2-0.4),Americas,Latin America & Caribbean
GAB,Gabon,drr,Ind,1.268894745,127,1,Low - Medium (0.2-0.4),Africa,Sub-Saharan Africa
MDA,Moldova,bws,Tot,1.262222811,105,1,Low - Medium (10-20%),Europe,Europe & Central Asia
GNQ,Equatorial Guinea,drr,Tot,1.26204411,132,1,Low - Medium (0.2-0.4),Africa,Sub-Saharan Africa
SUR,Suriname,drr,Tot,1.26156873,133,1,Low - Medium (0.2-0.4),Americas,Latin America & Caribbean
SRB,Serbia,bws,Ind,1.256320237,100,1,Low - Medium (10-20%),Europe,Europe & Central Asia
GAB,Gabon,drr,Dom,1.25631782,132,1,Low - Medium (0.2-0.4),Africa,Sub-Saharan Africa
VEN,Venezuela,drr,One,1.25603868,128,1,Low - Medium (0.2-0.4),Americas,Latin America & Caribbean
NGA,Nigeria,bws,Irr,1.247018525,105,1,Low - Medium (10-20%),Africa,Sub-Saharan Africa
SRB,Serbia,bws,Tot,1.235523742,106,1,Low - Medium (10-20%),Europe,Europe & Central Asia
MDA,Moldova,bws,Ind,1.23342383,101,1,Low - Medium (10-20%),Europe,Europe & Central Asia
CAN,Canada,bws,Tot,1.233315456,107,1,Low - Medium (10-20%),Americas,North America
NAM,Namibia,drr,One,1.23173091,129,1,Low - Medium (0.2-0.4),Africa,Sub-Saharan Africa
GBR,United Kingdom,bws,Ind,1.229556414,102,1,Low - Medium (10-20%),Europe,Europe & Central Asia
EST,Estonia,bws,Tot,1.218060312,108,1,Low - Medium (10-20%),Europe,Europe & Central Asia
VEN,Venezuela,bws,Ind,1.217037845,103,1,Low - Medium (10-20%),Americas,Latin America & Caribbean
GIN,Guinea,drr,Ind,1.209475765,128,1,Low - Medium (0.2-0.4),Africa,Sub-Saharan Africa
EST,Estonia,bws,Ind,1.20652956,104,1,Low - Medium (10-20%),Europe,Europe & Central Asia
LVA,Latvia,rfr,Pop,1.20496139,126,1,"Low - Medium (2 in 1,000 to 4 in 1,000)",Europe,Europe & Central Asia
UKR,Ukraine,bws,Liv,1.20015006,99,1,Low - Medium (10-20%),Europe,Europe & Central Asia
BLR,Belarus,bws,Dom,1.198282362,106,1,Low - Medium (10-20%),Europe,Europe & Central Asia
CAF,Central African Republic,drr,Tot,1.19454456,134,1,Low - Medium (0.2-0.4),Africa,Sub-Saharan Africa
GEO,Georgia,bws,Irr,1.188535547,106,1,Low - Medium (10-20%),Asia,Europe & Central Asia
BLR,Belarus,bws,Ind,1.188192766,105,1,Low - Medium (10-20%),Europe,Europe & Central Asia
CAN,Canada,bws,Ind,1.188040556,106,1,Low - Medium (10-20%),Americas,North America
ROU,Romania,bws,Tot,1.188014819,109,1,Low - Medium (10-20%),Europe,Europe & Central Asia
COG,Republic of Congo,drr,Ind,1.1879041,129,1,Low - Medium (0.2-0.4),Africa,Sub-Saharan Africa
SEN,Senegal,drr,One,1.18158373,130,1,Low - Medium (0.2-0.4),Africa,Sub-Saharan Africa
BLR,Belarus,bws,Tot,1.180970816,110,1,Low - Medium (10-20%),Europe,Europe & Central Asia
HRV,Croatia,rfr,Pop,1.175193609,127,1,"Low - Medium (2 in 1,000 to 4 in 1,000)",Europe,Europe & Central Asia
MDA,Moldova,bws,Liv,1.173951996,100,1,Low - Medium (10-20%),Europe,Europe & Central Asia
NLD,Netherlands,bws,One,1.168671195,96,1,Low - Medium (10-20%),Europe,Europe & Central Asia
RUS,Russia,bws,Tot,1.167592537,111,1,Low - Medium (10-20%),Europe,Europe & Central Asia
GAB,Gabon,drr,One,1.161496165,131,1,Low - Medium (0.2-0.4),Africa,Sub-Saharan Africa
AGO,Angola,bws,Irr,1.15355142,107,1,Low - Medium (10-20%),Africa,Sub-Saharan Africa
DOM,Dominican Republic,rfr,Pop,1.153499917,128,1,"Low - Medium (2 in 1,000 to 4 in 1,000)",Americas,Latin America & Caribbean
SWE,Sweden,bws,Irr,1.14879249,108,1,Low - Medium (10-20%),Europe,Europe & Central Asia
UKR,Ukraine,bws,One,1.147716209,97,1,Low - Medium (10-20%),Europe,Europe & Central Asia
GAB,Gabon,drr,Liv,1.14561584,134,1,Low - Medium (0.2-0.4),Africa,Sub-Saharan Africa
MWI,Malawi,bws,Irr,1.142079906,109,1,Low - Medium (10-20%),Africa,Sub-Saharan Africa
AGO,Angola,bws,Tot,1.130789734,112,1,Low - Medium (10-20%),Africa,Sub-Saharan Africa
COG,Republic of Congo,drr,One,1.12963322,132,1,Low - Medium (0.2-0.4),Africa,Sub-Saharan Africa
MDA,Moldova,bws,One,1.128429378,98,1,Low - Medium (10-20%),Europe,Europe & Central Asia
MDA,Moldova,bws,Dom,1.126166407,107,1,Low - Medium (10-20%),Europe,Europe & Central Asia
BLR,Belarus,rfr,Pop,1.121915206,129,1,"Low - Medium (2 in 1,000 to 4 in 1,000)",Europe,Europe & Central Asia
SRB,Serbia,bws,Dom,1.113798725,108,1,Low - Medium (10-20%),Europe,Europe & Central Asia
COG,Republic of Congo,drr,Tot,1.107005155,135,1,Low - Medium (0.2-0.4),Africa,Sub-Saharan Africa
COL,Colombia,rfr,Pop,1.104787465,130,1,"Low - Medium (2 in 1,000 to 4 in 1,000)",Americas,Latin America & Caribbean
ITA,Italy,rfr,Pop,1.104594595,131,1,"Low - Medium (2 in 1,000 to 4 in 1,000)",Europe,Europe & Central Asia
RUS,Russia,rfr,Pop,1.094355737,132,1,"Low - Medium (2 in 1,000 to 4 in 1,000)",Europe,Europe & Central Asia
LTU,Lithuania,bws,One,1.093558143,99,1,Low - Medium (10-20%),Europe,Europe & Central Asia
RUS,Russia,bws,Ind,1.088447145,107,1,Low - Medium (10-20%),Europe,Europe & Central Asia
ROU,Romania,bws,One,1.087211006,100,1,Low - Medium (10-20%),Europe,Europe & Central Asia
KOR,South Korea,drr,Dom,1.085858055,133,1,Low - Medium (0.2-0.4),Asia,East Asia & Pacific
KHM,Cambodia,bws,One,1.079480837,101,1,Low - Medium (10-20%),Asia,East Asia & Pacific
PER,Peru,bws,Liv,1.059186507,102,1,Low - Medium (10-20%),Americas,Latin America & Caribbean
ETH,Ethiopia,bws,Irr,1.054087495,111,1,Low - Medium (10-20%),Africa,Sub-Saharan Africa
ZMB,Zambia,bws,Irr,1.046824309,112,1,Low - Medium (10-20%),Africa,Sub-Saharan Africa
SDN,Sudan,bws,Ind,1.045364679,110,1,Low - Medium (10-20%),Africa,Sub-Saharan Africa
URY,Uruguay,bws,Ind,1.045319607,111,1,Low - Medium (10-20%),Americas,Latin America & Caribbean
SWE,Sweden,bws,Dom,1.041201478,110,1,Low - Medium (10-20%),Europe,Europe & Central Asia
CHL,Chile,rfr,Pop,1.040572805,133,1,"Low - Medium (2 in 1,000 to 4 in 1,000)",Americas,Latin America & Caribbean
BRA,Brazil,bws,Tot,1.037909741,115,1,Low - Medium (10-20%),Americas,Latin America & Caribbean
CHL,Chile,drr,One,1.037099235,133,1,Low - Medium (0.2-0.4),Americas,Latin America & Caribbean
TCD,Chad,bws,Dom,1.033245906,111,1,Low - Medium (10-20%),Africa,Sub-Saharan Africa
MYS,Malaysia,bws,Tot,1.032631026,116,1,Low - Medium (10-20%),Asia,East Asia & Pacific
GTM,Guatemala,bws,Tot,1.026662175,117,1,Low - Medium (10-20%),Americas,Latin America & Caribbean
BRN,Brunei,rfr,Pop,1.016926967,134,1,"Low - Medium (2 in 1,000 to 4 in 1,000)",Asia,East Asia & Pacific
MMR,Myanmar,bws,Liv,0.988640295,103,0,Low (<10%),Asia,East Asia & Pacific
KEN,Kenya,bws,Irr,0.98534151,114,0,Low (<10%),Africa,Sub-Saharan Africa
BEL,Belgium,rfr,Pop,0.983081376,135,0,"Low (0 to 2 in 1,000)",Europe,Europe & Central Asia
FIN,Finland,bws,Irr,0.980012612,115,0,Low (<10%),Europe,Europe & Central Asia
DNK,Denmark,bws,Dom,0.979738802,112,0,Low (<10%),Europe,Europe & Central Asia
MNE,Montenegro,bws,Irr,0.971428012,116,0,Low (<10%),Europe,Europe & Central Asia
ETH,Ethiopia,bws,Tot,0.961237436,118,0,Low (<10%),Africa,Sub-Saharan Africa
JPN,Japan,rfr,Pop,0.95985365,136,0,"Low (0 to 2 in 1,000)",Asia,East Asia & Pacific
DNK,Denmark,bws,Tot,0.951421243,119,0,Low (<10%),Europe,Europe & Central Asia
EST,Estonia,bws,Irr,0.948702619,117,0,Low (<10%),Europe,Europe & Central Asia
BFA,Burkina Faso,bws,Irr,0.948667666,118,0,Low (<10%),Africa,Sub-Saharan Africa
DNK,Denmark,bws,Ind,0.945390369,112,0,Low (<10%),Europe,Europe & Central Asia
SAU,Saudi Arabia,rfr,Pop,0.941247328,137,0,"Low (0 to 2 in 1,000)",Asia,Middle East & North Africa
RUS,Russia,bws,Liv,0.938809957,104,0,Low (<10%),Europe,Europe & Central Asia
FIN,Finland,bws,Dom,0.937901569,113,0,Low (<10%),Europe,Europe & Central Asia
MMR,Myanmar,bws,One,0.93572925,104,0,Low (<10%),Asia,East Asia & Pacific
RUS,Russia,drr,One,0.934951565,134,0,Low (0.0-0.2),Europe,Europe & Central Asia
GEO,Georgia,bws,Dom,0.933362186,114,0,Low (<10%),Asia,Europe & Central Asia
SEN,Senegal,drr,Liv,0.933257265,135,0,Low (0.0-0.2),Africa,Sub-Saharan Africa
GEO,Georgia,bws,Tot,0.928146972,120,0,Low (<10%),Asia,Europe & Central Asia
AGO,Angola,bws,Dom,0.928102282,115,0,Low (<10%),Africa,Sub-Saharan Africa
SWE,Sweden,drr,One,0.923518645,135,0,Low (0.0-0.2),Europe,Europe & Central Asia
ARG,Argentina,bws,Dom,0.919890132,116,0,Low (<10%),Americas,Latin America & Caribbean
NOR,Norway,drr,Dom,0.91800691,134,0,Low (0.0-0.2),Europe,Europe & Central Asia
BRA,Brazil,bws,Dom,0.907644657,117,0,Low (<10%),Americas,Latin America & Caribbean
MDG,Madagascar,bws,Irr,0.904898791,119,0,Low (<10%),Africa,Sub-Saharan Africa
CYP,Cyprus,rfr,Pop,0.89935695,138,0,"Low (0 to 2 in 1,000)",Asia,Europe & Central Asia
MDG,Madagascar,bws,Tot,0.898642942,122,0,Low (<10%),Africa,Sub-Saharan Africa
EST,Estonia,bws,Liv,0.893091818,105,0,Low (<10%),Europe,Europe & Central Asia
SSD,South Sudan,bws,One,0.885590188,105,0,Low (<10%),Africa,Sub-Saharan Africa
NGA,Nigeria,bws,Liv,0.882299129,106,0,Low (<10%),Africa,Sub-Saharan Africa
DNK,Denmark,bws,Irr,0.880676265,120,0,Low (<10%),Europe,Europe & Central Asia
URY,Uruguay,bws,Liv,0.876703875,107,0,Low (<10%),Americas,Latin America & Caribbean
JAM,Jamaica,rfr,Pop,0.861368175,139,0,"Low (0 to 2 in 1,000)",Americas,Latin America & Caribbean
CMR,Cameroon,drr,Irr,0.85997445,135,0,Low (0.0-0.2),Africa,Sub-Saharan Africa
TCD,Chad,bws,Tot,0.853364564,123,0,Low (<10%),Africa,Sub-Saharan Africa
BWA,Botswana,rfr,Pop,0.851381699,140,0,"Low (0 to 2 in 1,000)",Africa,Sub-Saharan Africa
GTM,Guatemala,bws,Ind,0.845614147,113,0,Low (<10%),Americas,Latin America & Caribbean
ZMB,Zambia,bws,Tot,0.84556736,124,0,Low (<10%),Africa,Sub-Saharan Africa
PAN,Panama,bws,Irr,0.834281602,121,0,Low (<10%),Americas,Latin America & Caribbean
USA,United States,rfr,Pop,0.833962534,141,0,"Low (0 to 2 in 1,000)",Americas,North America
GMB,Gambia,bws,One,0.833333333,106,0,Low (<10%),Africa,Sub-Saharan Africa
MDG,Madagascar,bws,Liv,0.832224577,108,0,Low (<10%),Africa,Sub-Saharan Africa
AUT,Austria,rfr,Pop,0.83167214,142,0,"Low (0 to 2 in 1,000)",Europe,Europe & Central Asia
FRA,France,rfr,Pop,0.828877528,143,0,"Low (0 to 2 in 1,000)",Europe,Europe & Central Asia
ECU,Ecuador,bws,Irr,0.827659825,122,0,Low (<10%),Americas,Latin America & Caribbean
TCD,Chad,bws,Irr,0.824905508,123,0,Low (<10%),Africa,Sub-Saharan Africa
GEO,Georgia,bws,Ind,0.82435277,114,0,Low (<10%),Asia,Europe & Central Asia
BGR,Bulgaria,rfr,Pop,0.818662671,144,0,"Low (0 to 2 in 1,000)",Europe,Europe & Central Asia
TZA,Tanzania,bws,Ind,0.817642486,115,0,Low (<10%),Africa,Sub-Saharan Africa
ESP,Spain,rfr,Pop,0.816565704,145,0,"Low (0 to 2 in 1,000)",Europe,Europe & Central Asia
LIE,Liechtenstein,bws,One,0.813133463,107,0,Low (<10%),Europe,Europe & Central Asia
LIE,Liechtenstein,bws,Tot,0.813133463,125,0,Low (<10%),Europe,Europe & Central Asia
LIE,Liechtenstein,bws,Dom,0.813133463,118,0,Low (<10%),Europe,Europe & Central Asia
LIE,Liechtenstein,bws,Ind,0.813133463,116,0,Low (<10%),Europe,Europe & Central Asia
LIE,Liechtenstein,bws,Liv,0.813133463,109,0,Low (<10%),Europe,Europe & Central Asia
AGO,Angola,rfr,Pop,0.81134321,146,0,"Low (0 to 2 in 1,000)",Africa,Sub-Saharan Africa
FIN,Finland,bws,Tot,0.80862528,126,0,Low (<10%),Europe,Europe & Central Asia
KEN,Kenya,bws,Liv,0.803075263,110,0,Low (<10%),Africa,Sub-Saharan Africa
NGA,Nigeria,bws,Tot,0.801556379,127,0,Low (<10%),Africa,Sub-Saharan Africa
PRK,North Korea,bws,Liv,0.800588858,111,0,Low (<10%),Asia,East Asia & Pacific
BLR,Belarus,bws,One,0.798396079,108,0,Low (<10%),Europe,Europe & Central Asia
SEN,Senegal,drr,Irr,0.79648154,136,0,Low (0.0-0.2),Africa,Sub-Saharan Africa
ETH,Ethiopia,bws,One,0.794139416,109,0,Low (<10%),Africa,Sub-Saharan Africa
HTI,Haiti,rfr,Pop,0.791358964,147,0,"Low (0 to 2 in 1,000)",Americas,Latin America & Caribbean
FIN,Finland,bws,Ind,0.789855024,117,0,Low (<10%),Europe,Europe & Central Asia
COL,Colombia,bws,Irr,0.788693515,124,0,Low (<10%),Americas,Latin America & Caribbean
KEN,Kenya,bws,Tot,0.788210351,128,0,Low (<10%),Africa,Sub-Saharan Africa
SWE,Sweden,bws,Liv,0.785385734,112,0,Low (<10%),Europe,Europe & Central Asia
NGA,Nigeria,bws,One,0.784270403,110,0,Low (<10%),Africa,Sub-Saharan Africa
KEN,Kenya,bws,Ind,0.782779039,118,0,Low (<10%),Africa,Sub-Saharan Africa
SWE,Sweden,bws,Tot,0.781293393,129,0,Low (<10%),Europe,Europe & Central Asia
URY,Uruguay,bws,One,0.779503398,111,0,Low (<10%),Americas,Latin America & Caribbean
GTM,Guatemala,bws,Liv,0.77938417,113,0,Low (<10%),Americas,Latin America & Caribbean
BLR,Belarus,bws,Irr,0.767209747,125,0,Low (<10%),Europe,Europe & Central Asia
SEN,Senegal,drr,Tot,0.759330915,136,0,Low (0.0-0.2),Africa,Sub-Saharan Africa
PAN,Panama,bws,Dom,0.759153401,119,0,Low (<10%),Americas,Latin America & Caribbean
SWZ,Swaziland,bws,Liv,0.755169737,114,0,Low (<10%),Africa,Sub-Saharan Africa
MWI,Malawi,bws,Tot,0.75280282,130,0,Low (<10%),Africa,Sub-Saharan Africa
DNK,Denmark,bws,Liv,0.749036741,115,0,Low (<10%),Europe,Europe & Central Asia
PAN,Panama,bws,Tot,0.745018749,131,0,Low (<10%),Americas,Latin America & Caribbean
AUT,Austria,bws,Irr,0.744149433,126,0,Low (<10%),Europe,Europe & Central Asia
BLR,Belarus,bws,Liv,0.742313216,116,0,Low (<10%),Europe,Europe & Central Asia
LAO,Laos,bws,Irr,0.742193788,127,0,Low (<10%),Asia,East Asia & Pacific
LAO,Laos,bws,Tot,0.741620199,132,0,Low (<10%),Asia,East Asia & Pacific
DNK,Denmark,bws,One,0.73972399,112,0,Low (<10%),Europe,Europe & Central Asia
BTN,Bhutan,bws,Liv,0.739011059,117,0,Low (<10%),Asia,South Asia
ZMB,Zambia,bws,One,0.737916634,113,0,Low (<10%),Africa,Sub-Saharan Africa
LAO,Laos,bws,Ind,0.729692931,119,0,Low (<10%),Asia,East Asia & Pacific
LTU,Lithuania,rfr,Pop,0.729059862,148,0,"Low (0 to 2 in 1,000)",Europe,Europe & Central Asia
GEO,Georgia,bws,Liv,0.728935881,118,0,Low (<10%),Asia,Europe & Central Asia
KEN,Kenya,bws,One,0.728200374,114,0,Low (<10%),Africa,Sub-Saharan Africa
LAO,Laos,bws,Dom,0.726117561,120,0,Low (<10%),Asia,East Asia & Pacific
PRT,Portugal,rfr,Pop,0.724555952,149,0,"Low (0 to 2 in 1,000)",Europe,Europe & Central Asia
BRA,Brazil,bws,Ind,0.724249972,120,0,Low (<10%),Americas,Latin America & Caribbean
MDG,Madagascar,bws,Dom,0.722891918,121,0,Low (<10%),Africa,Sub-Saharan Africa
ZMB,Zambia,bws,Liv,0.721832055,119,0,Low (<10%),Africa,Sub-Saharan Africa
NGA,Nigeria,bws,Dom,0.717741205,122,0,Low (<10%),Africa,Sub-Saharan Africa
NOR,Norway,drr,Liv,0.71574594,136,0,Low (0.0-0.2),Europe,Europe & Central Asia
MNE,Montenegro,bws,Tot,0.715174797,133,0,Low (<10%),Europe,Europe & Central Asia
GTM,Guatemala,bws,Dom,0.714911018,123,0,Low (<10%),Americas,Latin America & Caribbean
MNE,Montenegro,bws,Ind,0.712457279,121,0,Low (<10%),Europe,Europe & Central Asia
ROU,Romania,bws,Irr,0.702927863,128,0,Low (<10%),Europe,Europe & Central Asia
EST,Estonia,bws,One,0.69225419,115,0,Low (<10%),Europe,Europe & Central Asia
CRI,Costa Rica,bws,Dom,0.687064926,124,0,Low (<10%),Americas,Latin America & Caribbean
GEO,Georgia,bws,One,0.686778803,116,0,Low (<10%),Asia,Europe & Central Asia
MLI,Mali,bws,Tot,0.677467506,134,0,Low (<10%),Africa,Sub-Saharan Africa
MNE,Montenegro,bws,Liv,0.672742981,120,0,Low (<10%),Europe,Europe & Central Asia
LAO,Laos,bws,Liv,0.664640555,121,0,Low (<10%),Asia,East Asia & Pacific
LVA,Latvia,bws,Irr,0.659765235,129,0,Low (<10%),Europe,Europe & Central Asia
SRB,Serbia,bws,Irr,0.659632091,130,0,Low (<10%),Europe,Europe & Central Asia
ECU,Ecuador,bws,Tot,0.6573219,135,0,Low (<10%),Americas,Latin America & Caribbean
LVA,Latvia,bws,Dom,0.655230173,125,0,Low (<10%),Europe,Europe & Central Asia
CRI,Costa Rica,bws,Tot,0.648226696,136,0,Low (<10%),Americas,Latin America & Caribbean
CRI,Costa Rica,bws,Irr,0.646774621,131,0,Low (<10%),Americas,Latin America & Caribbean
ETH,Ethiopia,bws,Dom,0.641741135,126,0,Low (<10%),Africa,Sub-Saharan Africa
SEN,Senegal,drr,Dom,0.63733399,135,0,Low (0.0-0.2),Africa,Sub-Saharan Africa
LVA,Latvia,bws,One,0.636946248,117,0,Low (<10%),Europe,Europe & Central Asia
SLE,Sierra Leone,drr,Ind,0.63687287,130,0,Low (0.0-0.2),Africa,Sub-Saharan Africa
BOL,Bolivia,bws,One,0.635380428,118,0,Low (<10%),Americas,Latin America & Caribbean
KEN,Kenya,bws,Dom,0.634317896,127,0,Low (<10%),Africa,Sub-Saharan Africa
VEN,Venezuela,bws,Liv,0.633840818,122,0,Low (<10%),Americas,Latin America & Caribbean
GBR,United Kingdom,bws,One,0.628654586,119,0,Low (<10%),Europe,Europe & Central Asia
LAO,Laos,bws,One,0.628187592,120,0,Low (<10%),Asia,East Asia & Pacific
NOR,Norway,drr,Tot,0.624842935,137,0,Low (0.0-0.2),Europe,Europe & Central Asia
MDG,Madagascar,bws,One,0.624252704,121,0,Low (<10%),Africa,Sub-Saharan Africa
PAN,Panama,bws,Ind,0.622893382,122,0,Low (<10%),Americas,Latin America & Caribbean
GTM,Guatemala,bws,One,0.616249633,122,0,Low (<10%),Americas,Latin America & Caribbean
MYS,Malaysia,bws,Dom,0.613561091,128,0,Low (<10%),Asia,East Asia & Pacific
BTN,Bhutan,bws,Ind,0.604928664,123,0,Low (<10%),Asia,South Asia
SWE,Sweden,bws,Ind,0.603499926,124,0,Low (<10%),Europe,Europe & Central Asia
SUR,Suriname,drr,Liv,0.60241708,137,0,Low (0.0-0.2),Americas,Latin America & Caribbean
KOR,South Korea,rfr,Pop,0.599077532,150,0,"Low (0 to 2 in 1,000)",Asia,East Asia & Pacific
ISL,Iceland,drr,Dom,0.59048957,136,0,Low (0.0-0.2),Europe,Europe & Central Asia
TZA,Tanzania,bws,Dom,0.589661695,129,0,Low (<10%),Africa,Sub-Saharan Africa
SWZ,Swaziland,bws,Dom,0.582695839,130,0,Low (<10%),Africa,Sub-Saharan Africa
MLI,Mali,bws,Irr,0.581758788,132,0,Low (<10%),Africa,Sub-Saharan Africa
ZMB,Zambia,bws,Ind,0.579858766,125,0,Low (<10%),Africa,Sub-Saharan Africa
LVA,Latvia,bws,Tot,0.571722006,137,0,Low (<10%),Europe,Europe & Central Asia
NOR,Norway,drr,Ind,0.571455025,131,0,Low (0.0-0.2),Europe,Europe & Central Asia
GBR,United Kingdom,bws,Liv,0.56670606,123,0,Low (<10%),Europe,Europe & Central Asia
GBR,United Kingdom,rfr,Pop,0.565270563,151,0,"Low (0 to 2 in 1,000)",Europe,Europe & Central Asia
MNE,Montenegro,bws,Dom,0.555903725,131,0,Low (<10%),Europe,Europe & Central Asia
ISL,Iceland,drr,Tot,0.55302843,138,0,Low (0.0-0.2),Europe,Europe & Central Asia
SUR,Suriname,drr,One,0.552381525,136,0,Low (0.0-0.2),Americas,Latin America & Caribbean
ISL,Iceland,drr,One,0.551048505,137,0,Low (0.0-0.2),Europe,Europe & Central Asia
ISL,Iceland,drr,Ind,0.545626975,132,0,Low (0.0-0.2),Europe,Europe & Central Asia
POL,Poland,rfr,Pop,0.545165738,152,0,"Low (0 to 2 in 1,000)",Europe,Europe & Central Asia
SVN,Slovenia,bws,Ind,0.542718164,126,0,Low (<10%),Europe,Europe & Central Asia
FIN,Finland,bws,Liv,0.540384913,124,0,Low (<10%),Europe,Europe & Central Asia
LVA,Latvia,bws,Ind,0.538069009,127,0,Low (<10%),Europe,Europe & Central Asia
COG,Republic of Congo,drr,Dom,0.530686165,137,0,Low (0.0-0.2),Africa,Sub-Saharan Africa
CZE,Czech Republic,rfr,Pop,0.526419424,153,0,"Low (0 to 2 in 1,000)",Europe,Europe & Central Asia
SVN,Slovenia,bws,Tot,0.526117478,142,0,Low (<10%),Europe,Europe & Central Asia
ECU,Ecuador,bws,Liv,0.521701038,126,0,Low (<10%),Americas,Latin America & Caribbean
IDN,Indonesia,bws,One,0.521134512,128,0,Low (<10%),Asia,East Asia & Pacific
DEU,Germany,rfr,Pop,0.520744196,154,0,"Low (0 to 2 in 1,000)",Europe,Europe & Central Asia
CRI,Costa Rica,bws,Ind,0.519549665,132,0,Low (<10%),Americas,Latin America & Caribbean
HUN,Hungary,bws,Liv,0.518204657,127,0,Low (<10%),Europe,Europe & Central Asia
BTN,Bhutan,bws,Dom,0.513914317,134,0,Low (<10%),Asia,South Asia
IRL,Ireland,bws,Dom,0.511840092,135,0,Low (<10%),Europe,Europe & Central Asia
CAF,Central African Republic,drr,Ind,0.50660459,133,0,Low (0.0-0.2),Africa,Sub-Saharan Africa
CHE,Switzerland,bws,Liv,0.506564294,128,0,Low (<10%),Europe,Europe & Central Asia
HUN,Hungary,bws,Irr,0.502237647,136,0,Low (<10%),Europe,Europe & Central Asia
NOR,Norway,drr,One,0.500245585,138,0,Low (0.0-0.2),Europe,Europe & Central Asia
MYS,Malaysia,bws,Ind,0.499730597,133,0,Low (<10%),Asia,East Asia & Pacific
SUR,Suriname,drr,Ind,0.499094185,134,0,Low (0.0-0.2),Americas,Latin America & Caribbean
COL,Colombia,bws,Tot,0.496141456,143,0,Low (<10%),Americas,Latin America & Caribbean
TCD,Chad,bws,Ind,0.493815213,134,0,Low (<10%),Africa,Sub-Saharan Africa
MWI,Malawi,bws,One,0.482279128,129,0,Low (<10%),Africa,Sub-Saharan Africa
AUT,Austria,bws,One,0.480716229,130,0,Low (<10%),Europe,Europe & Central Asia
MOZ,Mozambique,bws,One,0.46919415,131,0,Low (<10%),Africa,Sub-Saharan Africa
MOZ,Mozambique,bws,Liv,0.464667347,129,0,Low (<10%),Africa,Sub-Saharan Africa
ZMB,Zambia,bws,Dom,0.460622821,136,0,Low (<10%),Africa,Sub-Saharan Africa
SVN,Slovenia,bws,One,0.457386221,132,0,Low (<10%),Europe,Europe & Central Asia
SWE,Sweden,bws,One,0.45167852,133,0,Low (<10%),Europe,Europe & Central Asia
RUS,Russia,bws,One,0.449703159,134,0,Low (<10%),Europe,Europe & Central Asia
CHE,Switzerland,bws,One,0.448795243,135,0,Low (<10%),Europe,Europe & Central Asia
CHE,Switzerland,bws,Ind,0.445425411,135,0,Low (<10%),Europe,Europe & Central Asia
LVA,Latvia,bws,Liv,0.443847169,130,0,Low (<10%),Europe,Europe & Central Asia
CHE,Switzerland,bws,Irr,0.435680646,137,0,Low (<10%),Europe,Europe & Central Asia
ISL,Iceland,drr,Liv,0.435183165,138,0,Low (0.0-0.2),Europe,Europe & Central Asia
ETH,Ethiopia,bws,Liv,0.432205032,131,0,Low (<10%),Africa,Sub-Saharan Africa
MOZ,Mozambique,bws,Irr,0.431824599,138,0,Low (<10%),Africa,Sub-Saharan Africa
HUN,Hungary,bws,Ind,0.430660849,136,0,Low (<10%),Europe,Europe & Central Asia
BTN,Bhutan,bws,One,0.429314966,136,0,Low (<10%),Asia,South Asia
CHE,Switzerland,rfr,Pop,0.427347948,155,0,"Low (0 to 2 in 1,000)",Europe,Europe & Central Asia
HUN,Hungary,bws,Tot,0.425174735,144,0,Low (<10%),Europe,Europe & Central Asia
HUN,Hungary,bws,One,0.424468066,137,0,Low (<10%),Europe,Europe & Central Asia
ECU,Ecuador,bws,One,0.423038548,138,0,Low (<10%),Americas,Latin America & Caribbean
VEN,Venezuela,bws,One,0.4222994,139,0,Low (<10%),Americas,Latin America & Caribbean
MNE,Montenegro,bws,One,0.418859355,140,0,Low (<10%),Europe,Europe & Central Asia
SVN,Slovenia,bws,Liv,0.417028418,132,0,Low (<10%),Europe,Europe & Central Asia
MLI,Mali,bws,Ind,0.413382265,137,0,Low (<10%),Africa,Sub-Saharan Africa
URY,Uruguay,rfr,Pop,0.40842066,156,0,"Low (0 to 2 in 1,000)",Americas,Latin America & Caribbean
GUY,Guyana,bws,One,0.406879191,141,0,Low (<10%),Americas,Latin America & Caribbean
CHE,Switzerland,bws,Tot,0.405618449,145,0,Low (<10%),Europe,Europe & Central Asia
SVN,Slovenia,bws,Dom,0.402326621,137,0,Low (<10%),Europe,Europe & Central Asia
CRI,Costa Rica,bws,Liv,0.401207907,133,0,Low (<10%),Americas,Latin America & Caribbean
BIH,Bosnia and Herzegovina,bws,Dom,0.40044908,138,0,Low (<10%),Europe,Europe & Central Asia
UGA,Uganda,bws,One,0.396813023,142,0,Low (<10%),Africa,Sub-Saharan Africa
BIH,Bosnia and Herzegovina,bws,Ind,0.396156349,138,0,Low (<10%),Europe,Europe & Central Asia
BIH,Bosnia and Herzegovina,bws,Tot,0.395887518,146,0,Low (<10%),Europe,Europe & Central Asia
NOR,Norway,bws,Dom,0.389504364,139,0,Low (<10%),Europe,Europe & Central Asia
QAT,Qatar,rfr,Pop,0.389484803,157,0,"Low (0 to 2 in 1,000)",Asia,Middle East & North Africa
HUN,Hungary,bws,Dom,0.387907217,140,0,Low (<10%),Europe,Europe & Central Asia
SVN,Slovenia,bws,Irr,0.377541438,139,0,Low (<10%),Europe,Europe & Central Asia
NOR,Norway,bws,Irr,0.37741604,140,0,Low (<10%),Europe,Europe & Central Asia
IRL,Ireland,bws,Irr,0.375317677,141,0,Low (<10%),Europe,Europe & Central Asia
MYS,Malaysia,bws,One,0.375294735,143,0,Low (<10%),Asia,East Asia & Pacific
GIN,Guinea,bws,Irr,0.37503429,142,0,Low (<10%),Africa,Sub-Saharan Africa
UGA,Uganda,bws,Liv,0.372002641,134,0,Low (<10%),Africa,Sub-Saharan Africa
MOZ,Mozambique,bws,Tot,0.37050251,147,0,Low (<10%),Africa,Sub-Saharan Africa
BTN,Bhutan,bws,Tot,0.367776177,148,0,Low (<10%),Asia,South Asia
IRL,Ireland,bws,Tot,0.363338153,149,0,Low (<10%),Europe,Europe & Central Asia
NIC,Nicaragua,bws,Irr,0.359298217,143,0,Low (<10%),Americas,Latin America & Caribbean
GIN,Guinea,bws,Tot,0.355084919,150,0,Low (<10%),Africa,Sub-Saharan Africa
SWZ,Swaziland,bws,Ind,0.347840135,139,0,Low (<10%),Africa,Sub-Saharan Africa
FIN,Finland,bws,One,0.343155931,144,0,Low (<10%),Europe,Europe & Central Asia
UGA,Uganda,bws,Dom,0.338784652,141,0,Low (<10%),Africa,Sub-Saharan Africa
GNB,Guinea-Bissau,bws,One,0.337856533,145,0,Low (<10%),Africa,Sub-Saharan Africa
ECU,Ecuador,bws,Ind,0.335299388,140,0,Low (<10%),Americas,Latin America & Caribbean
JOR,Jordan,rfr,Pop,0.335119688,158,0,"Low (0 to 2 in 1,000)",Asia,Middle East & North Africa
CHE,Switzerland,bws,Dom,0.332566217,142,0,Low (<10%),Europe,Europe & Central Asia
MYS,Malaysia,bws,Liv,0.328732932,135,0,Low (<10%),Asia,East Asia & Pacific
TZA,Tanzania,bws,One,0.328221947,146,0,Low (<10%),Africa,Sub-Saharan Africa
GNB,Guinea-Bissau,bws,Irr,0.321989563,144,0,Low (<10%),Africa,Sub-Saharan Africa
ECU,Ecuador,bws,Dom,0.31783729,143,0,Low (<10%),Americas,Latin America & Caribbean
CAN,Canada,bws,One,0.316446747,147,0,Low (<10%),Americas,North America
SWZ,Swaziland,bws,Tot,0.313848799,151,0,Low (<10%),Africa,Sub-Saharan Africa
IRL,Ireland,bws,Ind,0.311762242,141,0,Low (<10%),Europe,Europe & Central Asia
BRA,Brazil,bws,Liv,0.310636505,136,0,Low (<10%),Americas,Latin America & Caribbean
GNB,Guinea-Bissau,bws,Tot,0.307489251,152,0,Low (<10%),Africa,Sub-Saharan Africa
BTN,Bhutan,bws,Irr,0.302818493,145,0,Low (<10%),Asia,South Asia
BRA,Brazil,bws,One,0.298003186,148,0,Low (<10%),Americas,Latin America & Caribbean
LUX,Luxembourg,rfr,Pop,0.287466829,159,0,"Low (0 to 2 in 1,000)",Europe,Europe & Central Asia
BIH,Bosnia and Herzegovina,bws,Liv,0.282177667,137,0,Low (<10%),Europe,Europe & Central Asia
SSD,South Sudan,bws,Irr,0.279598099,146,0,Low (<10%),Africa,Sub-Saharan Africa
GNQ,Equatorial Guinea,drr,Ind,0.275196805,135,0,Low (0.0-0.2),Africa,Sub-Saharan Africa
IRL,Ireland,bws,One,0.273212808,149,0,Low (<10%),Europe,Europe & Central Asia
GNB,Guinea-Bissau,bws,Ind,0.269305901,142,0,Low (<10%),Africa,Sub-Saharan Africa
MWI,Malawi,bws,Dom,0.265264562,144,0,Low (<10%),Africa,Sub-Saharan Africa
AUT,Austria,bws,Tot,0.26150335,153,0,Low (<10%),Europe,Europe & Central Asia
AUT,Austria,bws,Ind,0.257614829,143,0,Low (<10%),Europe,Europe & Central Asia
SWZ,Swaziland,bws,One,0.255900962,150,0,Low (<10%),Africa,Sub-Saharan Africa
GNB,Guinea-Bissau,bws,Liv,0.254075078,138,0,Low (<10%),Africa,Sub-Saharan Africa
TZA,Tanzania,bws,Liv,0.25318232,139,0,Low (<10%),Africa,Sub-Saharan Africa
SUR,Suriname,drr,Dom,0.242617935,138,0,Low (0.0-0.2),Americas,Latin America & Caribbean
CRI,Costa Rica,bws,One,0.242508763,151,0,Low (<10%),Americas,Latin America & Caribbean
NGA,Nigeria,bws,Ind,0.241068807,144,0,Low (<10%),Africa,Sub-Saharan Africa
HRV,Croatia,bws,Dom,0.238709396,145,0,Low (<10%),Europe,Europe & Central Asia
COL,Colombia,bws,Ind,0.237136036,145,0,Low (<10%),Americas,Latin America & Caribbean
AUT,Austria,bws,Liv,0.228323143,140,0,Low (<10%),Europe,Europe & Central Asia
HND,Honduras,bws,Dom,0.227509847,146,0,Low (<10%),Americas,Latin America & Caribbean
SEN,Senegal,drr,Ind,0.221213085,136,0,Low (0.0-0.2),Africa,Sub-Saharan Africa
NIC,Nicaragua,bws,Tot,0.213853504,154,0,Low (<10%),Americas,Latin America & Caribbean
GHA,Ghana,bws,Irr,0.211936217,147,0,Low (<10%),Africa,Sub-Saharan Africa
GIN,Guinea,bws,Dom,0.209610066,147,0,Low (<10%),Africa,Sub-Saharan Africa
AUT,Austria,bws,Dom,0.206299315,148,0,Low (<10%),Europe,Europe & Central Asia
IRL,Ireland,bws,Liv,0.203815558,141,0,Low (<10%),Europe,Europe & Central Asia
HND,Honduras,bws,One,0.20212519,153,0,Low (<10%),Americas,Latin America & Caribbean
BIH,Bosnia and Herzegovina,bws,One,0.199898616,154,0,Low (<10%),Europe,Europe & Central Asia
UGA,Uganda,bws,Tot,0.198089531,155,0,Low (<10%),Africa,Sub-Saharan Africa
SWZ,Swaziland,bws,Irr,0.195877588,148,0,Low (<10%),Africa,Sub-Saharan Africa
GNB,Guinea-Bissau,bws,Dom,0.19248528,149,0,Low (<10%),Africa,Sub-Saharan Africa
TGO,Togo,bws,One,0.192307692,155,0,Low (<10%),Africa,Sub-Saharan Africa
NOR,Norway,bws,Tot,0.188372239,156,0,Low (<10%),Europe,Europe & Central Asia
MWI,Malawi,bws,Liv,0.187512384,142,0,Low (<10%),Africa,Sub-Saharan Africa
BOL,Bolivia,bws,Irr,0.178851698,149,0,Low (<10%),Americas,Latin America & Caribbean
MWI,Malawi,bws,Ind,0.178718967,146,0,Low (<10%),Africa,Sub-Saharan Africa
COL,Colombia,bws,Dom,0.178056631,150,0,Low (<10%),Americas,Latin America & Caribbean
BLZ,Belize,bws,One,0.177925655,156,0,Low (<10%),Americas,Latin America & Caribbean
NIC,Nicaragua,bws,Ind,0.177235608,147,0,Low (<10%),Americas,Latin America & Caribbean
BHR,Bahrain,rfr,Pop,0.177025673,160,0,"Low (0 to 2 in 1,000)",Asia,Middle East & North Africa
HND,Honduras,bws,Liv,0.170108703,143,0,Low (<10%),Americas,Latin America & Caribbean
HRV,Croatia,bws,Tot,0.167654501,157,0,Low (<10%),Europe,Europe & Central Asia
COL,Colombia,bws,One,0.166032226,157,0,Low (<10%),Americas,Latin America & Caribbean
HRV,Croatia,bws,Ind,0.16533865,148,0,Low (<10%),Europe,Europe & Central Asia
COG,Republic of Congo,bws,One,0.164835165,158,0,Low (<10%),Africa,Sub-Saharan Africa
SUR,Suriname,bws,One,0.161477228,159,0,Low (<10%),Americas,Latin America & Caribbean
PAN,Panama,bws,Liv,0.160280183,144,0,Low (<10%),Americas,Latin America & Caribbean
HRV,Croatia,bws,One,0.15892875,160,0,Low (<10%),Europe,Europe & Central Asia
NLD,Netherlands,rfr,Pop,0.156661462,161,0,"Low (0 to 2 in 1,000)",Europe,Europe & Central Asia
BOL,Bolivia,bws,Tot,0.155531505,158,0,Low (<10%),Americas,Latin America & Caribbean
GHA,Ghana,bws,Liv,0.152943599,145,0,Low (<10%),Africa,Sub-Saharan Africa
UGA,Uganda,bws,Irr,0.133923171,150,0,Low (<10%),Africa,Sub-Saharan Africa
NIC,Nicaragua,bws,Dom,0.133336624,151,0,Low (<10%),Americas,Latin America & Caribbean
GIN,Guinea,bws,Ind,0.131192597,149,0,Low (<10%),Africa,Sub-Saharan Africa
PAN,Panama,bws,One,0.130374061,161,0,Low (<10%),Americas,Latin America & Caribbean
TGO,Togo,bws,Liv,0.130288836,146,0,Low (<10%),Africa,Sub-Saharan Africa
BLZ,Belize,bws,Liv,0.130149217,147,0,Low (<10%),Americas,Latin America & Caribbean
MOZ,Mozambique,bws,Dom,0.129040702,152,0,Low (<10%),Africa,Sub-Saharan Africa
BOL,Bolivia,bws,Ind,0.123315984,150,0,Low (<10%),Americas,Latin America & Caribbean
NOR,Norway,bws,Ind,0.122884395,151,0,Low (<10%),Europe,Europe & Central Asia
GIN,Guinea,bws,Liv,0.121380007,148,0,Low (<10%),Africa,Sub-Saharan Africa
BOL,Bolivia,bws,Dom,0.121094026,153,0,Low (<10%),Americas,Latin America & Caribbean
HND,Honduras,bws,Tot,0.112622036,159,0,Low (<10%),Americas,Latin America & Caribbean
GHA,Ghana,bws,Tot,0.112402618,160,0,Low (<10%),Africa,Sub-Saharan Africa
SUR,Suriname,bws,Ind,0.109225195,152,0,Low (<10%),Americas,Latin America & Caribbean
NIC,Nicaragua,bws,One,0.106971912,162,0,Low (<10%),Americas,Latin America & Caribbean
HND,Honduras,bws,Ind,0.104930439,153,0,Low (<10%),Americas,Latin America & Caribbean
HRV,Croatia,bws,Liv,0.101888202,149,0,Low (<10%),Europe,Europe & Central Asia
CAF,Central African Republic,bws,One,0.098039216,163,0,Low (<10%),Africa,Sub-Saharan Africa
COL,Colombia,bws,Liv,0.093939944,150,0,Low (<10%),Americas,Latin America & Caribbean
GMB,Gambia,bws,Liv,0.093596806,151,0,Low (<10%),Africa,Sub-Saharan Africa
SUR,Suriname,bws,Dom,0.092546818,154,0,Low (<10%),Americas,Latin America & Caribbean
HND,Honduras,bws,Irr,0.091981557,151,0,Low (<10%),Americas,Latin America & Caribbean
ISR,Israel,rfr,Pop,0.090269752,162,0,"Low (0 to 2 in 1,000)",Asia,Middle East & North Africa
GHA,Ghana,bws,One,0.089844151,164,0,Low (<10%),Africa,Sub-Saharan Africa
BLZ,Belize,bws,Ind,0.079889654,154,0,Low (<10%),Americas,Latin America & Caribbean
NOR,Norway,bws,One,0.077796466,165,0,Low (<10%),Europe,Europe & Central Asia
GHA,Ghana,bws,Ind,0.076373977,155,0,Low (<10%),Africa,Sub-Saharan Africa
GHA,Ghana,bws,Dom,0.074602138,155,0,Low (<10%),Africa,Sub-Saharan Africa
COG,Republic of Congo,bws,Liv,0.073006019,152,0,Low (<10%),Africa,Sub-Saharan Africa
BLZ,Belize,bws,Irr,0.068353345,152,0,Low (<10%),Americas,Latin America & Caribbean
BLZ,Belize,bws,Tot,0.068201146,161,0,Low (<10%),Americas,Latin America & Caribbean
GIN,Guinea,bws,One,0.064914727,166,0,Low (<10%),Africa,Sub-Saharan Africa
PRY,Paraguay,bws,One,0.063451751,167,0,Low (<10%),Americas,Latin America & Caribbean
NIC,Nicaragua,bws,Liv,0.06250598,153,0,Low (<10%),Americas,Latin America & Caribbean
NZL,New Zealand,bws,Ind,0.061913854,156,0,Low (<10%),Oceania,East Asia & Pacific
NZL,New Zealand,bws,Dom,0.061340909,156,0,Low (<10%),Oceania,East Asia & Pacific
BOL,Bolivia,bws,Liv,0.060599769,154,0,Low (<10%),Americas,Latin America & Caribbean
MOZ,Mozambique,bws,Ind,0.057172389,157,0,Low (<10%),Africa,Sub-Saharan Africa
BLZ,Belize,bws,Dom,0.056441735,157,0,Low (<10%),Americas,Latin America & Caribbean
HRV,Croatia,bws,Irr,0.056348552,153,0,Low (<10%),Europe,Europe & Central Asia
NOR,Norway,bws,Liv,0.056262792,155,0,Low (<10%),Europe,Europe & Central Asia
GMB,Gambia,bws,Dom,0.054810599,158,0,Low (<10%),Africa,Sub-Saharan Africa
NZL,New Zealand,bws,Tot,0.050880091,162,0,Low (<10%),Oceania,East Asia & Pacific
NZL,New Zealand,bws,One,0.050235856,168,0,Low (<10%),Oceania,East Asia & Pacific
BIH,Bosnia and Herzegovina,bws,Irr,0.043314303,154,0,Low (<10%),Europe,Europe & Central Asia
CMR,Cameroon,bws,One,0.042249966,169,0,Low (<10%),Africa,Sub-Saharan Africa
COD,Democratic Republic of the Congo,bws,One,0.033758555,170,0,Low (<10%),Africa,Sub-Saharan Africa
GUY,Guyana,bws,Liv,0.030543362,156,0,Low (<10%),Americas,Latin America & Caribbean
SUR,Suriname,bws,Liv,0.030074495,157,0,Low (<10%),Americas,Latin America & Caribbean
COG,Republic of Congo,bws,Ind,0.02484236,158,0,Low (<10%),Africa,Sub-Saharan Africa
CMR,Cameroon,bws,Liv,0.024746166,158,0,Low (<10%),Africa,Sub-Saharan Africa
GMB,Gambia,bws,Tot,0.024514391,163,0,Low (<10%),Africa,Sub-Saharan Africa
CAF,Central African Republic,bws,Liv,0.024512636,159,0,Low (<10%),Africa,Sub-Saharan Africa
NZL,New Zealand,bws,Irr,0.023462544,155,0,Low (<10%),Oceania,East Asia & Pacific
CMR,Cameroon,bws,Dom,0.022138473,159,0,Low (<10%),Africa,Sub-Saharan Africa
PRY,Paraguay,bws,Liv,0.020994811,160,0,Low (<10%),Americas,Latin America & Caribbean
GMB,Gambia,bws,Irr,0.020818342,156,0,Low (<10%),Africa,Sub-Saharan Africa
CAF,Central African Republic,bws,Dom,0.020063934,160,0,Low (<10%),Africa,Sub-Saharan Africa
COD,Democratic Republic of the Congo,bws,Dom,0.018746837,161,0,Low (<10%),Africa,Sub-Saharan Africa
COG,Republic of Congo,bws,Tot,0.014405137,164,0,Low (<10%),Africa,Sub-Saharan Africa
COD,Democratic Republic of the Congo,bws,Tot,0.012159601,165,0,Low (<10%),Africa,Sub-Saharan Africa
UGA,Uganda,bws,Ind,0.012025524,159,0,Low (<10%),Africa,Sub-Saharan Africa
NZL,New Zealand,bws,Liv,0.011061777,161,0,Low (<10%),Oceania,East Asia & Pacific
COG,Republic of Congo,bws,Dom,0.010511241,162,0,Low (<10%),Africa,Sub-Saharan Africa
CAF,Central African Republic,bws,Tot,0.010127157,166,0,Low (<10%),Africa,Sub-Saharan Africa
CMR,Cameroon,bws,Tot,0.008131338,167,0,Low (<10%),Africa,Sub-Saharan Africa
CMR,Cameroon,bws,Ind,0.008053281,160,0,Low (<10%),Africa,Sub-Saharan Africa
COD,Democratic Republic of the Congo,bws,Liv,0.007390806,162,0,Low (<10%),Africa,Sub-Saharan Africa
BEN,Benin,bws,Dom,0.004491207,164,0,Low (<10%),Africa,Sub-Saharan Africa
TGO,Togo,bws,Dom,0.004346457,165,0,Low (<10%),Africa,Sub-Saharan Africa
BEN,Benin,bws,Ind,0.003668047,161,0,Low (<10%),Africa,Sub-Saharan Africa
BEN,Benin,bws,Tot,0.003432064,168,0,Low (<10%),Africa,Sub-Saharan Africa
TGO,Togo,bws,Tot,0.003242327,169,0,Low (<10%),Africa,Sub-Saharan Africa
BEN,Benin,bws,Liv,0.001865983,163,0,Low (<10%),Africa,Sub-Saharan Africa
BEN,Benin,bws,One,0.000953435,171,0,Low (<10%),Africa,Sub-Saharan Africa
PRY,Paraguay,bws,Tot,0.000343884,170,0,Low (<10%),Americas,Latin America & Caribbean
COD,Democratic Republic of the Congo,bws,Ind,0.000253203,163,0,Low (<10%),Africa,Sub-Saharan Africa
BEN,Benin,bws,Irr,0.000211258,157,0,Low (<10%),Africa,Sub-Saharan Africa
TGO,Togo,bws,Ind,0.000137529,164,0,Low (<10%),Africa,Sub-Saharan Africa
PRY,Paraguay,bws,Dom,7.36e-05,166,0,Low (<10%),Americas,Latin America & Caribbean
CMR,Cameroon,bws,Irr,3.26e-09,158,0,Low (<10%),Africa,Sub-Saharan Africa
COD,Democratic Republic of the Congo,bws,Irr,5.88e-10,159,0,Low (<10%),Africa,Sub-Saharan Africa
BDI,Burundi,bws,One,0,182,0,Low (<10%),Africa,Sub-Saharan Africa
BDI,Burundi,bws,Tot,0,181.5,0,Low (<10%),Africa,Sub-Saharan Africa
BDI,Burundi,bws,Dom,0,179.5,0,Low (<10%),Africa,Sub-Saharan Africa
BDI,Burundi,bws,Ind,0,178.5,0,Low (<10%),Africa,Sub-Saharan Africa
BDI,Burundi,bws,Irr,0,176,0,Low (<10%),Africa,Sub-Saharan Africa
BDI,Burundi,bws,Liv,0,178.5,0,Low (<10%),Africa,Sub-Saharan Africa
BRN,Brunei,bws,One,0,182,0,Low (<10%),Asia,East Asia & Pacific
BRN,Brunei,bws,Tot,0,181.5,0,Low (<10%),Asia,East Asia & Pacific
BRN,Brunei,bws,Dom,0,179.5,0,Low (<10%),Asia,East Asia & Pacific
BRN,Brunei,bws,Ind,0,178.5,0,Low (<10%),Asia,East Asia & Pacific
BRN,Brunei,bws,Irr,0,176,0,Low (<10%),Asia,East Asia & Pacific
BRN,Brunei,bws,Liv,0,178.5,0,Low (<10%),Asia,East Asia & Pacific
CAF,Central African Republic,bws,Ind,0,178.5,0,Low (<10%),Africa,Sub-Saharan Africa
CAF,Central African Republic,bws,Irr,0,176,0,Low (<10%),Africa,Sub-Saharan Africa
CIV,CÃ´te d'Ivoire,bws,One,0,182,0,Low (<10%),Africa,Sub-Saharan Africa
CIV,CÃ´te d'Ivoire,bws,Tot,0,181.5,0,Low (<10%),Africa,Sub-Saharan Africa
CIV,CÃ´te d'Ivoire,bws,Dom,0,179.5,0,Low (<10%),Africa,Sub-Saharan Africa
CIV,CÃ´te d'Ivoire,bws,Ind,0,178.5,0,Low (<10%),Africa,Sub-Saharan Africa
CIV,CÃ´te d'Ivoire,bws,Irr,0,176,0,Low (<10%),Africa,Sub-Saharan Africa
CIV,CÃ´te d'Ivoire,bws,Liv,0,178.5,0,Low (<10%),Africa,Sub-Saharan Africa
COG,Republic of Congo,bws,Irr,0,176,0,Low (<10%),Africa,Sub-Saharan Africa
GAB,Gabon,bws,One,0,182,0,Low (<10%),Africa,Sub-Saharan Africa
GAB,Gabon,bws,Tot,0,181.5,0,Low (<10%),Africa,Sub-Saharan Africa
GAB,Gabon,bws,Dom,0,179.5,0,Low (<10%),Africa,Sub-Saharan Africa
GAB,Gabon,bws,Ind,0,178.5,0,Low (<10%),Africa,Sub-Saharan Africa
GAB,Gabon,bws,Irr,0,176,0,Low (<10%),Africa,Sub-Saharan Africa
GAB,Gabon,bws,Liv,0,178.5,0,Low (<10%),Africa,Sub-Saharan Africa
GMB,Gambia,bws,Ind,0,178.5,0,Low (<10%),Africa,Sub-Saharan Africa
GNQ,Equatorial Guinea,bws,One,0,182,0,Low (<10%),Africa,Sub-Saharan Africa
GNQ,Equatorial Guinea,bws,Tot,0,181.5,0,Low (<10%),Africa,Sub-Saharan Africa
GNQ,Equatorial Guinea,bws,Dom,0,179.5,0,Low (<10%),Africa,Sub-Saharan Africa
GNQ,Equatorial Guinea,bws,Ind,0,178.5,0,Low (<10%),Africa,Sub-Saharan Africa
GNQ,Equatorial Guinea,bws,Liv,0,178.5,0,Low (<10%),Africa,Sub-Saharan Africa
ISL,Iceland,bws,One,0,182,0,Low (<10%),Europe,Europe & Central Asia
ISL,Iceland,bws,Tot,0,181.5,0,Low (<10%),Europe,Europe & Central Asia
ISL,Iceland,bws,Dom,0,179.5,0,Low (<10%),Europe,Europe & Central Asia
ISL,Iceland,bws,Ind,0,178.5,0,Low (<10%),Europe,Europe & Central Asia
ISL,Iceland,bws,Liv,0,178.5,0,Low (<10%),Europe,Europe & Central Asia
JAM,Jamaica,bws,One,0,182,0,Low (<10%),Americas,Latin America & Caribbean
JAM,Jamaica,bws,Tot,0,181.5,0,Low (<10%),Americas,Latin America & Caribbean
JAM,Jamaica,bws,Dom,0,179.5,0,Low (<10%),Americas,Latin America & Caribbean
JAM,Jamaica,bws,Ind,0,178.5,0,Low (<10%),Americas,Latin America & Caribbean
JAM,Jamaica,bws,Irr,0,176,0,Low (<10%),Americas,Latin America & Caribbean
JAM,Jamaica,bws,Liv,0,178.5,0,Low (<10%),Americas,Latin America & Caribbean
LBR,Liberia,bws,One,0,182,0,Low (<10%),Africa,Sub-Saharan Africa
LBR,Liberia,bws,Tot,0,181.5,0,Low (<10%),Africa,Sub-Saharan Africa
LBR,Liberia,bws,Dom,0,179.5,0,Low (<10%),Africa,Sub-Saharan Africa
LBR,Liberia,bws,Ind,0,178.5,0,Low (<10%),Africa,Sub-Saharan Africa
LBR,Liberia,bws,Irr,0,176,0,Low (<10%),Africa,Sub-Saharan Africa
LBR,Liberia,bws,Liv,0,178.5,0,Low (<10%),Africa,Sub-Saharan Africa
PNG,Papua New Guinea,bws,One,0,182,0,Low (<10%),Oceania,East Asia & Pacific
PNG,Papua New Guinea,bws,Tot,0,181.5,0,Low (<10%),Oceania,East Asia & Pacific
PNG,Papua New Guinea,bws,Dom,0,179.5,0,Low (<10%),Oceania,East Asia & Pacific
PNG,Papua New Guinea,bws,Ind,0,178.5,0,Low (<10%),Oceania,East Asia & Pacific
PNG,Papua New Guinea,bws,Liv,0,178.5,0,Low (<10%),Oceania,East Asia & Pacific
PRY,Paraguay,bws,Ind,0,178.5,0,Low (<10%),Americas,Latin America & Caribbean
PRY,Paraguay,bws,Irr,0,176,0,Low (<10%),Americas,Latin America & Caribbean
RWA,Rwanda,bws,One,0,182,0,Low (<10%),Africa,Sub-Saharan Africa
RWA,Rwanda,bws,Tot,0,181.5,0,Low (<10%),Africa,Sub-Saharan Africa
RWA,Rwanda,bws,Dom,0,179.5,0,Low (<10%),Africa,Sub-Saharan Africa
RWA,Rwanda,bws,Ind,0,178.5,0,Low (<10%),Africa,Sub-Saharan Africa
RWA,Rwanda,bws,Irr,0,176,0,Low (<10%),Africa,Sub-Saharan Africa
RWA,Rwanda,bws,Liv,0,178.5,0,Low (<10%),Africa,Sub-Saharan Africa
SLE,Sierra Leone,bws,One,0,182,0,Low (<10%),Africa,Sub-Saharan Africa
SLE,Sierra Leone,bws,Tot,0,181.5,0,Low (<10%),Africa,Sub-Saharan Africa
SLE,Sierra Leone,bws,Dom,0,179.5,0,Low (<10%),Africa,Sub-Saharan Africa
SLE,Sierra Leone,bws,Ind,0,178.5,0,Low (<10%),Africa,Sub-Saharan Africa
SLE,Sierra Leone,bws,Irr,0,176,0,Low (<10%),Africa,Sub-Saharan Africa
SLE,Sierra Leone,bws,Liv,0,178.5,0,Low (<10%),Africa,Sub-Saharan Africa
SMR,San Marino,bws,Irr,0,176,0,Low (<10%),Europe,Europe & Central Asia
SSD,South Sudan,bws,Ind,0,178.5,0,Low (<10%),Africa,Sub-Saharan Africa
TGO,Togo,bws,Irr,0,176,0,Low (<10%),Africa,Sub-Saharan Africa
GNQ,Equatorial Guinea,bws,Irr,0,176,0,Low (<10%),Africa,Sub-Saharan Africa
ISL,Iceland,bws,Irr,0,176,0,Low (<10%),Europe,Europe & Central Asia
LIE,Liechtenstein,bws,Irr,0,176,0,Low (<10%),Europe,Europe & Central Asia
MDG,Madagascar,bws,Ind,0,178.5,0,Low (<10%),Africa,Sub-Saharan Africa
PNG,Papua New Guinea,bws,Irr,0,176,0,Low (<10%),Oceania,East Asia & Pacific
SOM,Somalia,bws,Ind,0,178.5,0,Low (<10%),Africa,Sub-Saharan Africa
AND,Andorra,rfr,Pop,0,163,0,"Low (0 to 2 in 1,000)",Europe,Europe & Central Asia
SMR,San Marino,rfr,Pop,0,163,0,"Low (0 to 2 in 1,000)",Europe,Europe & Central Asia
COM,Comoros,bws,One,-9999,-9999,-9999,NoData,Africa,Sub-Saharan Africa
ATG,Antigua and Barbuda,bws,One,-9999,-9999,-9999,NoData,Americas,Latin America & Caribbean
ATG,Antigua and Barbuda,bws,Tot,-9999,-9999,-9999,NoData,Americas,Latin America & Caribbean
ATG,Antigua and Barbuda,bws,Ind,-9999,-9999,-9999,NoData,Americas,Latin America & Caribbean
ATG,Antigua and Barbuda,bws,Liv,-9999,-9999,-9999,NoData,Americas,Latin America & Caribbean
BHS,Bahamas,bws,One,-9999,-9999,-9999,NoData,Americas,Latin America & Caribbean
BHS,Bahamas,bws,Tot,-9999,-9999,-9999,NoData,Americas,Latin America & Caribbean
BHS,Bahamas,bws,Dom,-9999,-9999,-9999,NoData,Americas,Latin America & Caribbean
BHS,Bahamas,bws,Ind,-9999,-9999,-9999,NoData,Americas,Latin America & Caribbean
BHS,Bahamas,bws,Liv,-9999,-9999,-9999,NoData,Americas,Latin America & Caribbean
BRB,Barbados,bws,One,-9999,-9999,-9999,NoData,Americas,Latin America & Caribbean
BRB,Barbados,bws,Tot,-9999,-9999,-9999,NoData,Americas,Latin America & Caribbean
BRB,Barbados,bws,Ind,-9999,-9999,-9999,NoData,Americas,Latin America & Caribbean
BRB,Barbados,bws,Liv,-9999,-9999,-9999,NoData,Americas,Latin America & Caribbean
COM,Comoros,bws,Tot,-9999,-9999,-9999,NoData,Africa,Sub-Saharan Africa
COM,Comoros,bws,Ind,-9999,-9999,-9999,NoData,Africa,Sub-Saharan Africa
COM,Comoros,bws,Liv,-9999,-9999,-9999,NoData,Africa,Sub-Saharan Africa
CPV,Cape Verde,bws,One,-9999,-9999,-9999,NoData,Africa,Sub-Saharan Africa
CPV,Cape Verde,bws,Tot,-9999,-9999,-9999,NoData,Africa,Sub-Saharan Africa
CPV,Cape Verde,bws,Ind,-9999,-9999,-9999,NoData,Africa,Sub-Saharan Africa
DMA,Dominica,bws,One,-9999,-9999,-9999,NoData,Americas,Latin America & Caribbean
DMA,Dominica,bws,Tot,-9999,-9999,-9999,NoData,Americas,Latin America & Caribbean
DMA,Dominica,bws,Ind,-9999,-9999,-9999,NoData,Americas,Latin America & Caribbean
DMA,Dominica,bws,Liv,-9999,-9999,-9999,NoData,Americas,Latin America & Caribbean
FJI,Fiji,bws,One,-9999,-9999,-9999,NoData,Oceania,East Asia & Pacific
FJI,Fiji,bws,Tot,-9999,-9999,-9999,NoData,Oceania,East Asia & Pacific
FJI,Fiji,bws,Dom,-9999,-9999,-9999,NoData,Oceania,East Asia & Pacific
FJI,Fiji,bws,Ind,-9999,-9999,-9999,NoData,Oceania,East Asia & Pacific
FJI,Fiji,bws,Irr,-9999,-9999,-9999,NoData,Oceania,East Asia & Pacific
FSM,Micronesia,bws,One,-9999,-9999,-9999,NoData,Oceania,East Asia & Pacific
GRD,Grenada,bws,One,-9999,-9999,-9999,NoData,Americas,Latin America & Caribbean
GRD,Grenada,bws,Tot,-9999,-9999,-9999,NoData,Americas,Latin America & Caribbean
GRD,Grenada,bws,Ind,-9999,-9999,-9999,NoData,Americas,Latin America & Caribbean
GRD,Grenada,bws,Liv,-9999,-9999,-9999,NoData,Americas,Latin America & Caribbean
KNA,Saint Kitts and Nevis,bws,One,-9999,-9999,-9999,NoData,Americas,Latin America & Caribbean
KNA,Saint Kitts and Nevis,bws,Tot,-9999,-9999,-9999,NoData,Americas,Latin America & Caribbean
KNA,Saint Kitts and Nevis,bws,Ind,-9999,-9999,-9999,NoData,Americas,Latin America & Caribbean
KNA,Saint Kitts and Nevis,bws,Liv,-9999,-9999,-9999,NoData,Americas,Latin America & Caribbean
LCA,Saint Lucia,bws,One,-9999,-9999,-9999,NoData,Americas,Latin America & Caribbean
LCA,Saint Lucia,bws,Tot,-9999,-9999,-9999,NoData,Americas,Latin America & Caribbean
LCA,Saint Lucia,bws,Ind,-9999,-9999,-9999,NoData,Americas,Latin America & Caribbean
LCA,Saint Lucia,bws,Liv,-9999,-9999,-9999,NoData,Americas,Latin America & Caribbean
MLT,Malta,bws,One,-9999,-9999,-9999,NoData,Europe,Middle East & North Africa
MLT,Malta,bws,Tot,-9999,-9999,-9999,NoData,Europe,Middle East & North Africa
MLT,Malta,bws,Dom,-9999,-9999,-9999,NoData,Europe,Middle East & North Africa
MLT,Malta,bws,Ind,-9999,-9999,-9999,NoData,Europe,Middle East & North Africa
MLT,Malta,bws,Irr,-9999,-9999,-9999,NoData,Europe,Middle East & North Africa
MLT,Malta,bws,Liv,-9999,-9999,-9999,NoData,Europe,Middle East & North Africa
MUS,Mauritius,bws,One,-9999,-9999,-9999,NoData,Africa,Sub-Saharan Africa
MUS,Mauritius,bws,Tot,-9999,-9999,-9999,NoData,Africa,Sub-Saharan Africa
MUS,Mauritius,bws,Ind,-9999,-9999,-9999,NoData,Africa,Sub-Saharan Africa
NRU,Nauru,bws,One,-9999,-9999,-9999,NoData,Oceania,East Asia & Pacific
PLW,Palau,bws,One,-9999,-9999,-9999,NoData,Oceania,East Asia & Pacific
SGP,Singapore,bws,One,-9999,-9999,-9999,NoData,Asia,East Asia & Pacific
SGP,Singapore,bws,Tot,-9999,-9999,-9999,NoData,Asia,East Asia & Pacific
SGP,Singapore,bws,Dom,-9999,-9999,-9999,NoData,Asia,East Asia & Pacific
SGP,Singapore,bws,Ind,-9999,-9999,-9999,NoData,Asia,East Asia & Pacific
SGP,Singapore,bws,Liv,-9999,-9999,-9999,NoData,Asia,East Asia & Pacific
SLB,Solomon Islands,bws,One,-9999,-9999,-9999,NoData,Oceania,East Asia & Pacific
SLB,Solomon Islands,bws,Tot,-9999,-9999,-9999,NoData,Oceania,East Asia & Pacific
SLB,Solomon Islands,bws,Dom,-9999,-9999,-9999,NoData,Oceania,East Asia & Pacific
SLB,Solomon Islands,bws,Ind,-9999,-9999,-9999,NoData,Oceania,East Asia & Pacific
SLB,Solomon Islands,bws,Liv,-9999,-9999,-9999,NoData,Oceania,East Asia & Pacific
STP,SÃ£o TomÃ© and PrÃ­ncipe,bws,One,-9999,-9999,-9999,NoData,Africa,Sub-Saharan Africa
STP,SÃ£o TomÃ© and PrÃ­ncipe,bws,Tot,-9999,-9999,-9999,NoData,Africa,Sub-Saharan Africa
STP,SÃ£o TomÃ© and PrÃ­ncipe,bws,Ind,-9999,-9999,-9999,NoData,Africa,Sub-Saharan Africa
STP,SÃ£o TomÃ© and PrÃ­ncipe,bws,Liv,-9999,-9999,-9999,NoData,Africa,Sub-Saharan Africa
SYC,Seychelles,bws,One,-9999,-9999,-9999,NoData,Africa,Sub-Saharan Africa
TON,Tonga,bws,One,-9999,-9999,-9999,NoData,Oceania,East Asia & Pacific
TON,Tonga,bws,Tot,-9999,-9999,-9999,NoData,Oceania,East Asia & Pacific
TON,Tonga,bws,Ind,-9999,-9999,-9999,NoData,Oceania,East Asia & Pacific
TTO,Trinidad and Tobago,bws,One,-9999,-9999,-9999,NoData,Americas,Latin America & Caribbean
TTO,Trinidad and Tobago,bws,Tot,-9999,-9999,-9999,NoData,Americas,Latin America & Caribbean
TTO,Trinidad and Tobago,bws,Dom,-9999,-9999,-9999,NoData,Americas,Latin America & Caribbean
TTO,Trinidad and Tobago,bws,Ind,-9999,-9999,-9999,NoData,Americas,Latin America & Caribbean
TTO,Trinidad and Tobago,bws,Irr,-9999,-9999,-9999,NoData,Americas,Latin America & Caribbean
TUV,Tuvalu,bws,One,-9999,-9999,-9999,NoData,Oceania,East Asia & Pacific
VCT,Saint Vincent and the Grenadines,bws,One,-9999,-9999,-9999,NoData,Americas,Latin America & Caribbean
VCT,Saint Vincent and the Grenadines,bws,Tot,-9999,-9999,-9999,NoData,Americas,Latin America & Caribbean
VCT,Saint Vincent and the Grenadines,bws,Ind,-9999,-9999,-9999,NoData,Americas,Latin America & Caribbean
VCT,Saint Vincent and the Grenadines,bws,Liv,-9999,-9999,-9999,NoData,Americas,Latin America & Caribbean
VUT,Vanuatu,bws,One,-9999,-9999,-9999,NoData,Oceania,East Asia & Pacific
VUT,Vanuatu,bws,Tot,-9999,-9999,-9999,NoData,Oceania,East Asia & Pacific
VUT,Vanuatu,bws,Ind,-9999,-9999,-9999,NoData,Oceania,East Asia & Pacific
VUT,Vanuatu,bws,Liv,-9999,-9999,-9999,NoData,Oceania,East Asia & Pacific
WSM,Samoa,bws,One,-9999,-9999,-9999,NoData,Oceania,East Asia & Pacific
WSM,Samoa,bws,Tot,-9999,-9999,-9999,NoData,Oceania,East Asia & Pacific
WSM,Samoa,bws,Ind,-9999,-9999,-9999,NoData,Oceania,East Asia & Pacific
ATG,Antigua and Barbuda,bws,Dom,-9999,-9999,-9999,NoData,Americas,Latin America & Caribbean
ATG,Antigua and Barbuda,bws,Irr,-9999,-9999,-9999,NoData,Americas,Latin America & Caribbean
BHS,Bahamas,bws,Irr,-9999,-9999,-9999,NoData,Americas,Latin America & Caribbean
BRB,Barbados,bws,Dom,-9999,-9999,-9999,NoData,Americas,Latin America & Caribbean
BRB,Barbados,bws,Irr,-9999,-9999,-9999,NoData,Americas,Latin America & Caribbean
COM,Comoros,bws,Dom,-9999,-9999,-9999,NoData,Africa,Sub-Saharan Africa
COM,Comoros,bws,Irr,-9999,-9999,-9999,NoData,Africa,Sub-Saharan Africa
CPV,Cape Verde,bws,Dom,-9999,-9999,-9999,NoData,Africa,Sub-Saharan Africa
CPV,Cape Verde,bws,Irr,-9999,-9999,-9999,NoData,Africa,Sub-Saharan Africa
CPV,Cape Verde,bws,Liv,-9999,-9999,-9999,NoData,Africa,Sub-Saharan Africa
DMA,Dominica,bws,Dom,-9999,-9999,-9999,NoData,Americas,Latin America & Caribbean
DMA,Dominica,bws,Irr,-9999,-9999,-9999,NoData,Americas,Latin America & Caribbean
FJI,Fiji,bws,Liv,-9999,-9999,-9999,NoData,Oceania,East Asia & Pacific
FSM,Micronesia,bws,Tot,-9999,-9999,-9999,NoData,Oceania,East Asia & Pacific
FSM,Micronesia,bws,Dom,-9999,-9999,-9999,NoData,Oceania,East Asia & Pacific
FSM,Micronesia,bws,Ind,-9999,-9999,-9999,NoData,Oceania,East Asia & Pacific
FSM,Micronesia,bws,Irr,-9999,-9999,-9999,NoData,Oceania,East Asia & Pacific
FSM,Micronesia,bws,Liv,-9999,-9999,-9999,NoData,Oceania,East Asia & Pacific
GRD,Grenada,bws,Dom,-9999,-9999,-9999,NoData,Americas,Latin America & Caribbean
GRD,Grenada,bws,Irr,-9999,-9999,-9999,NoData,Americas,Latin America & Caribbean
KNA,Saint Kitts and Nevis,bws,Dom,-9999,-9999,-9999,NoData,Americas,Latin America & Caribbean
KNA,Saint Kitts and Nevis,bws,Irr,-9999,-9999,-9999,NoData,Americas,Latin America & Caribbean
LCA,Saint Lucia,bws,Dom,-9999,-9999,-9999,NoData,Americas,Latin America & Caribbean
LCA,Saint Lucia,bws,Irr,-9999,-9999,-9999,NoData,Americas,Latin America & Caribbean
MUS,Mauritius,bws,Dom,-9999,-9999,-9999,NoData,Africa,Sub-Saharan Africa
MUS,Mauritius,bws,Irr,-9999,-9999,-9999,NoData,Africa,Sub-Saharan Africa
MUS,Mauritius,bws,Liv,-9999,-9999,-9999,NoData,Africa,Sub-Saharan Africa
NRU,Nauru,bws,Tot,-9999,-9999,-9999,NoData,Oceania,East Asia & Pacific
NRU,Nauru,bws,Dom,-9999,-9999,-9999,NoData,Oceania,East Asia & Pacific
NRU,Nauru,bws,Ind,-9999,-9999,-9999,NoData,Oceania,East Asia & Pacific
NRU,Nauru,bws,Irr,-9999,-9999,-9999,NoData,Oceania,East Asia & Pacific
NRU,Nauru,bws,Liv,-9999,-9999,-9999,NoData,Oceania,East Asia & Pacific
PLW,Palau,bws,Tot,-9999,-9999,-9999,NoData,Oceania,East Asia & Pacific
PLW,Palau,bws,Dom,-9999,-9999,-9999,NoData,Oceania,East Asia & Pacific
PLW,Palau,bws,Ind,-9999,-9999,-9999,NoData,Oceania,East Asia & Pacific
PLW,Palau,bws,Irr,-9999,-9999,-9999,NoData,Oceania,East Asia & Pacific
PLW,Palau,bws,Liv,-9999,-9999,-9999,NoData,Oceania,East Asia & Pacific
SGP,Singapore,bws,Irr,-9999,-9999,-9999,NoData,Asia,East Asia & Pacific
SLB,Solomon Islands,bws,Irr,-9999,-9999,-9999,NoData,Oceania,East Asia & Pacific
STP,SÃ£o TomÃ© and PrÃ­ncipe,bws,Dom,-9999,-9999,-9999,NoData,Africa,Sub-Saharan Africa
STP,SÃ£o TomÃ© and PrÃ­ncipe,bws,Irr,-9999,-9999,-9999,NoData,Africa,Sub-Saharan Africa
SYC,Seychelles,bws,Tot,-9999,-9999,-9999,NoData,Africa,Sub-Saharan Africa
SYC,Seychelles,bws,Dom,-9999,-9999,-9999,NoData,Africa,Sub-Saharan Africa
SYC,Seychelles,bws,Ind,-9999,-9999,-9999,NoData,Africa,Sub-Saharan Africa
SYC,Seychelles,bws,Irr,-9999,-9999,-9999,NoData,Africa,Sub-Saharan Africa
SYC,Seychelles,bws,Liv,-9999,-9999,-9999,NoData,Africa,Sub-Saharan Africa
TON,Tonga,bws,Dom,-9999,-9999,-9999,NoData,Oceania,East Asia & Pacific
TON,Tonga,bws,Irr,-9999,-9999,-9999,NoData,Oceania,East Asia & Pacific
TON,Tonga,bws,Liv,-9999,-9999,-9999,NoData,Oceania,East Asia & Pacific
TTO,Trinidad and Tobago,bws,Liv,-9999,-9999,-9999,NoData,Americas,Latin America & Caribbean
TUV,Tuvalu,bws,Tot,-9999,-9999,-9999,NoData,Oceania,East Asia & Pacific
TUV,Tuvalu,bws,Dom,-9999,-9999,-9999,NoData,Oceania,East Asia & Pacific
TUV,Tuvalu,bws,Ind,-9999,-9999,-9999,NoData,Oceania,East Asia & Pacific
TUV,Tuvalu,bws,Irr,-9999,-9999,-9999,NoData,Oceania,East Asia & Pacific
TUV,Tuvalu,bws,Liv,-9999,-9999,-9999,NoData,Oceania,East Asia & Pacific
VCT,Saint Vincent and the Grenadines,bws,Dom,-9999,-9999,-9999,NoData,Americas,Latin America & Caribbean
VCT,Saint Vincent and the Grenadines,bws,Irr,-9999,-9999,-9999,NoData,Americas,Latin America & Caribbean
VUT,Vanuatu,bws,Dom,-9999,-9999,-9999,NoData,Oceania,East Asia & Pacific
VUT,Vanuatu,bws,Irr,-9999,-9999,-9999,NoData,Oceania,East Asia & Pacific
WSM,Samoa,bws,Dom,-9999,-9999,-9999,NoData,Oceania,East Asia & Pacific
WSM,Samoa,bws,Irr,-9999,-9999,-9999,NoData,Oceania,East Asia & Pacific
WSM,Samoa,bws,Liv,-9999,-9999,-9999,NoData,Oceania,East Asia & Pacific
EGY,Egypt,drr,One,-9999,139,-9999,NoData,Africa,Middle East & North Africa
AND,Andorra,drr,Liv,-9999,139,-9999,NoData,Europe,Europe & Central Asia
TCD,Chad,drr,One,-9999,139,-9999,NoData,Africa,Sub-Saharan Africa
TCD,Chad,drr,Tot,-9999,139,-9999,NoData,Africa,Sub-Saharan Africa
TCD,Chad,drr,Dom,-9999,139,-9999,NoData,Africa,Sub-Saharan Africa
TCD,Chad,drr,Ind,-9999,137,-9999,NoData,Africa,Sub-Saharan Africa
TCD,Chad,drr,Irr,-9999,137,-9999,NoData,Africa,Sub-Saharan Africa
TCD,Chad,drr,Liv,-9999,139,-9999,NoData,Africa,Sub-Saharan Africa
IRQ,Iraq,drr,One,-9999,139,-9999,NoData,Asia,Middle East & North Africa
IRQ,Iraq,drr,Tot,-9999,139,-9999,NoData,Asia,Middle East & North Africa
IRQ,Iraq,drr,Dom,-9999,139,-9999,NoData,Asia,Middle East & North Africa
IRQ,Iraq,drr,Ind,-9999,137,-9999,NoData,Asia,Middle East & North Africa
IRQ,Iraq,drr,Irr,-9999,137,-9999,NoData,Asia,Middle East & North Africa
IRQ,Iraq,drr,Liv,-9999,139,-9999,NoData,Asia,Middle East & North Africa
MLI,Mali,drr,One,-9999,139,-9999,NoData,Africa,Sub-Saharan Africa
MLI,Mali,drr,Tot,-9999,139,-9999,NoData,Africa,Sub-Saharan Africa
MLI,Mali,drr,Dom,-9999,139,-9999,NoData,Africa,Sub-Saharan Africa
MLI,Mali,drr,Ind,-9999,137,-9999,NoData,Africa,Sub-Saharan Africa
MLI,Mali,drr,Irr,-9999,137,-9999,NoData,Africa,Sub-Saharan Africa
MLI,Mali,drr,Liv,-9999,139,-9999,NoData,Africa,Sub-Saharan Africa
EGY,Egypt,drr,Tot,-9999,139,-9999,NoData,Africa,Middle East & North Africa
EGY,Egypt,drr,Dom,-9999,139,-9999,NoData,Africa,Middle East & North Africa
EGY,Egypt,drr,Ind,-9999,137,-9999,NoData,Africa,Middle East & North Africa
EGY,Egypt,drr,Irr,-9999,137,-9999,NoData,Africa,Middle East & North Africa
EGY,Egypt,drr,Liv,-9999,139,-9999,NoData,Africa,Middle East & North Africa
LBY,Libya,drr,One,-9999,139,-9999,NoData,Africa,Middle East & North Africa
LBY,Libya,drr,Tot,-9999,139,-9999,NoData,Africa,Middle East & North Africa
LBY,Libya,drr,Dom,-9999,139,-9999,NoData,Africa,Middle East & North Africa
LBY,Libya,drr,Ind,-9999,137,-9999,NoData,Africa,Middle East & North Africa
LBY,Libya,drr,Irr,-9999,137,-9999,NoData,Africa,Middle East & North Africa
LBY,Libya,drr,Liv,-9999,139,-9999,NoData,Africa,Middle East & North Africa
NER,Niger,drr,One,-9999,139,-9999,NoData,Africa,Sub-Saharan Africa
NER,Niger,drr,Tot,-9999,139,-9999,NoData,Africa,Sub-Saharan Africa
NER,Niger,drr,Dom,-9999,139,-9999,NoData,Africa,Sub-Saharan Africa
NER,Niger,drr,Ind,-9999,137,-9999,NoData,Africa,Sub-Saharan Africa
NER,Niger,drr,Irr,-9999,137,-9999,NoData,Africa,Sub-Saharan Africa
NER,Niger,drr,Liv,-9999,139,-9999,NoData,Africa,Sub-Saharan Africa
SDN,Sudan,drr,One,-9999,139,-9999,NoData,Africa,Sub-Saharan Africa
SDN,Sudan,drr,Tot,-9999,139,-9999,NoData,Africa,Sub-Saharan Africa
SDN,Sudan,drr,Dom,-9999,139,-9999,NoData,Africa,Sub-Saharan Africa
SDN,Sudan,drr,Ind,-9999,137,-9999,NoData,Africa,Sub-Saharan Africa
SDN,Sudan,drr,Irr,-9999,137,-9999,NoData,Africa,Sub-Saharan Africa
SDN,Sudan,drr,Liv,-9999,139,-9999,NoData,Africa,Sub-Saharan Africa
YEM,Yemen,drr,One,-9999,139,-9999,NoData,Asia,Middle East & North Africa
YEM,Yemen,drr,Tot,-9999,139,-9999,NoData,Asia,Middle East & North Africa
YEM,Yemen,drr,Dom,-9999,139,-9999,NoData,Asia,Middle East & North Africa
YEM,Yemen,drr,Ind,-9999,137,-9999,NoData,Asia,Middle East & North Africa
YEM,Yemen,drr,Irr,-9999,137,-9999,NoData,Asia,Middle East & North Africa
YEM,Yemen,drr,Liv,-9999,139,-9999,NoData,Asia,Middle East & North Africa
BLZ,Belize,drr,One,-9999,139,-9999,NoData,Americas,Latin America & Caribbean
BLZ,Belize,drr,Tot,-9999,139,-9999,NoData,Americas,Latin America & Caribbean
BLZ,Belize,drr,Dom,-9999,139,-9999,NoData,Americas,Latin America & Caribbean
BLZ,Belize,drr,Ind,-9999,137,-9999,NoData,Americas,Latin America & Caribbean
BLZ,Belize,drr,Irr,-9999,137,-9999,NoData,Americas,Latin America & Caribbean
BLZ,Belize,drr,Liv,-9999,139,-9999,NoData,Americas,Latin America & Caribbean
BRN,Brunei,drr,One,-9999,139,-9999,NoData,Asia,East Asia & Pacific
BRN,Brunei,drr,Tot,-9999,139,-9999,NoData,Asia,East Asia & Pacific
BRN,Brunei,drr,Dom,-9999,139,-9999,NoData,Asia,East Asia & Pacific
BRN,Brunei,drr,Ind,-9999,137,-9999,NoData,Asia,East Asia & Pacific
BRN,Brunei,drr,Irr,-9999,137,-9999,NoData,Asia,East Asia & Pacific
BRN,Brunei,drr,Liv,-9999,139,-9999,NoData,Asia,East Asia & Pacific
CAN,Canada,drr,One,-9999,139,-9999,NoData,Americas,North America
CAN,Canada,drr,Tot,-9999,139,-9999,NoData,Americas,North America
CAN,Canada,drr,Dom,-9999,139,-9999,NoData,Americas,North America
CAN,Canada,drr,Ind,-9999,137,-9999,NoData,Americas,North America
CAN,Canada,drr,Irr,-9999,137,-9999,NoData,Americas,North America
CAN,Canada,drr,Liv,-9999,139,-9999,NoData,Americas,North America
ISR,Israel,drr,One,-9999,139,-9999,NoData,Asia,Middle East & North Africa
ISR,Israel,drr,Tot,-9999,139,-9999,NoData,Asia,Middle East & North Africa
ISR,Israel,drr,Dom,-9999,139,-9999,NoData,Asia,Middle East & North Africa
ISR,Israel,drr,Ind,-9999,137,-9999,NoData,Asia,Middle East & North Africa
ISR,Israel,drr,Irr,-9999,137,-9999,NoData,Asia,Middle East & North Africa
ISR,Israel,drr,Liv,-9999,139,-9999,NoData,Asia,Middle East & North Africa
JOR,Jordan,drr,One,-9999,139,-9999,NoData,Asia,Middle East & North Africa
JOR,Jordan,drr,Tot,-9999,139,-9999,NoData,Asia,Middle East & North Africa
JOR,Jordan,drr,Dom,-9999,139,-9999,NoData,Asia,Middle East & North Africa
JOR,Jordan,drr,Ind,-9999,137,-9999,NoData,Asia,Middle East & North Africa
JOR,Jordan,drr,Irr,-9999,137,-9999,NoData,Asia,Middle East & North Africa
JOR,Jordan,drr,Liv,-9999,139,-9999,NoData,Asia,Middle East & North Africa
DZA,Algeria,drr,One,-9999,139,-9999,NoData,Africa,Middle East & North Africa
DZA,Algeria,drr,Tot,-9999,139,-9999,NoData,Africa,Middle East & North Africa
DZA,Algeria,drr,Dom,-9999,139,-9999,NoData,Africa,Middle East & North Africa
DZA,Algeria,drr,Ind,-9999,137,-9999,NoData,Africa,Middle East & North Africa
DZA,Algeria,drr,Irr,-9999,137,-9999,NoData,Africa,Middle East & North Africa
DZA,Algeria,drr,Liv,-9999,139,-9999,NoData,Africa,Middle East & North Africa
AND,Andorra,drr,One,-9999,139,-9999,NoData,Europe,Europe & Central Asia
AND,Andorra,drr,Tot,-9999,139,-9999,NoData,Europe,Europe & Central Asia
AND,Andorra,drr,Dom,-9999,139,-9999,NoData,Europe,Europe & Central Asia
AND,Andorra,drr,Ind,-9999,137,-9999,NoData,Europe,Europe & Central Asia
AND,Andorra,drr,Irr,-9999,137,-9999,NoData,Europe,Europe & Central Asia
MMR,Myanmar,drr,One,-9999,139,-9999,NoData,Asia,East Asia & Pacific
MMR,Myanmar,drr,Tot,-9999,139,-9999,NoData,Asia,East Asia & Pacific
MMR,Myanmar,drr,Dom,-9999,139,-9999,NoData,Asia,East Asia & Pacific
MMR,Myanmar,drr,Ind,-9999,137,-9999,NoData,Asia,East Asia & Pacific
MMR,Myanmar,drr,Irr,-9999,137,-9999,NoData,Asia,East Asia & Pacific
MMR,Myanmar,drr,Liv,-9999,139,-9999,NoData,Asia,East Asia & Pacific
SGP,Singapore,drr,One,-9999,139,-9999,NoData,Asia,East Asia & Pacific
SGP,Singapore,drr,Tot,-9999,139,-9999,NoData,Asia,East Asia & Pacific
SGP,Singapore,drr,Dom,-9999,139,-9999,NoData,Asia,East Asia & Pacific
SGP,Singapore,drr,Ind,-9999,137,-9999,NoData,Asia,East Asia & Pacific
SGP,Singapore,drr,Liv,-9999,139,-9999,NoData,Asia,East Asia & Pacific
MRT,Mauritania,drr,One,-9999,139,-9999,NoData,Africa,Sub-Saharan Africa
MRT,Mauritania,drr,Tot,-9999,139,-9999,NoData,Africa,Sub-Saharan Africa
MRT,Mauritania,drr,Dom,-9999,139,-9999,NoData,Africa,Sub-Saharan Africa
MRT,Mauritania,drr,Ind,-9999,137,-9999,NoData,Africa,Sub-Saharan Africa
MRT,Mauritania,drr,Irr,-9999,137,-9999,NoData,Africa,Sub-Saharan Africa
MRT,Mauritania,drr,Liv,-9999,139,-9999,NoData,Africa,Sub-Saharan Africa
SMR,San Marino,drr,One,-9999,139,-9999,NoData,Europe,Europe & Central Asia
SMR,San Marino,drr,Tot,-9999,139,-9999,NoData,Europe,Europe & Central Asia
SMR,San Marino,drr,Dom,-9999,139,-9999,NoData,Europe,Europe & Central Asia
SMR,San Marino,drr,Ind,-9999,137,-9999,NoData,Europe,Europe & Central Asia
SMR,San Marino,drr,Irr,-9999,137,-9999,NoData,Europe,Europe & Central Asia
SMR,San Marino,drr,Liv,-9999,139,-9999,NoData,Europe,Europe & Central Asia
SAU,Saudi Arabia,drr,One,-9999,139,-9999,NoData,Asia,Middle East & North Africa
SAU,Saudi Arabia,drr,Tot,-9999,139,-9999,NoData,Asia,Middle East & North Africa
SAU,Saudi Arabia,drr,Dom,-9999,139,-9999,NoData,Asia,Middle East & North Africa
SAU,Saudi Arabia,drr,Ind,-9999,137,-9999,NoData,Asia,Middle East & North Africa
SAU,Saudi Arabia,drr,Irr,-9999,137,-9999,NoData,Asia,Middle East & North Africa
SAU,Saudi Arabia,drr,Liv,-9999,139,-9999,NoData,Asia,Middle East & North Africa
LIE,Liechtenstein,drr,One,-9999,139,-9999,NoData,Europe,Europe & Central Asia
LIE,Liechtenstein,drr,Tot,-9999,139,-9999,NoData,Europe,Europe & Central Asia
LIE,Liechtenstein,drr,Dom,-9999,139,-9999,NoData,Europe,Europe & Central Asia
LIE,Liechtenstein,drr,Ind,-9999,137,-9999,NoData,Europe,Europe & Central Asia
LIE,Liechtenstein,drr,Liv,-9999,139,-9999,NoData,Europe,Europe & Central Asia
PNG,Papua New Guinea,drr,One,-9999,139,-9999,NoData,Oceania,East Asia & Pacific
PNG,Papua New Guinea,drr,Tot,-9999,139,-9999,NoData,Oceania,East Asia & Pacific
PNG,Papua New Guinea,drr,Dom,-9999,139,-9999,NoData,Oceania,East Asia & Pacific
PNG,Papua New Guinea,drr,Ind,-9999,137,-9999,NoData,Oceania,East Asia & Pacific
PNG,Papua New Guinea,drr,Liv,-9999,139,-9999,NoData,Oceania,East Asia & Pacific
TTO,Trinidad and Tobago,drr,One,-9999,139,-9999,NoData,Americas,Latin America & Caribbean
TTO,Trinidad and Tobago,drr,Tot,-9999,139,-9999,NoData,Americas,Latin America & Caribbean
TTO,Trinidad and Tobago,drr,Dom,-9999,139,-9999,NoData,Americas,Latin America & Caribbean
TTO,Trinidad and Tobago,drr,Ind,-9999,137,-9999,NoData,Americas,Latin America & Caribbean
TTO,Trinidad and Tobago,drr,Irr,-9999,137,-9999,NoData,Americas,Latin America & Caribbean
FJI,Fiji,drr,Liv,-9999,139,-9999,NoData,Oceania,East Asia & Pacific
NRU,Nauru,drr,Tot,-9999,139,-9999,NoData,Oceania,East Asia & Pacific
NRU,Nauru,drr,Dom,-9999,139,-9999,NoData,Oceania,East Asia & Pacific
NRU,Nauru,drr,Ind,-9999,137,-9999,NoData,Oceania,East Asia & Pacific
NRU,Nauru,drr,Irr,-9999,137,-9999,NoData,Oceania,East Asia & Pacific
NRU,Nauru,drr,Liv,-9999,139,-9999,NoData,Oceania,East Asia & Pacific
PLW,Palau,drr,Tot,-9999,139,-9999,NoData,Oceania,East Asia & Pacific
PLW,Palau,drr,Dom,-9999,139,-9999,NoData,Oceania,East Asia & Pacific
PLW,Palau,drr,Ind,-9999,137,-9999,NoData,Oceania,East Asia & Pacific
PLW,Palau,drr,Irr,-9999,137,-9999,NoData,Oceania,East Asia & Pacific
PLW,Palau,drr,Liv,-9999,139,-9999,NoData,Oceania,East Asia & Pacific
WSM,Samoa,drr,Dom,-9999,139,-9999,NoData,Oceania,East Asia & Pacific
WSM,Samoa,drr,Irr,-9999,137,-9999,NoData,Oceania,East Asia & Pacific
WSM,Samoa,drr,Liv,-9999,139,-9999,NoData,Oceania,East Asia & Pacific
TON,Tonga,drr,Dom,-9999,139,-9999,NoData,Oceania,East Asia & Pacific
TON,Tonga,drr,Irr,-9999,137,-9999,NoData,Oceania,East Asia & Pacific
TON,Tonga,drr,Liv,-9999,139,-9999,NoData,Oceania,East Asia & Pacific
TUV,Tuvalu,drr,Tot,-9999,139,-9999,NoData,Oceania,East Asia & Pacific
TUV,Tuvalu,drr,Dom,-9999,139,-9999,NoData,Oceania,East Asia & Pacific
TUV,Tuvalu,drr,Ind,-9999,137,-9999,NoData,Oceania,East Asia & Pacific
TUV,Tuvalu,drr,Irr,-9999,137,-9999,NoData,Oceania,East Asia & Pacific
TUV,Tuvalu,drr,Liv,-9999,139,-9999,NoData,Oceania,East Asia & Pacific
BHS,Bahamas,drr,Irr,-9999,137,-9999,NoData,Americas,Latin America & Caribbean
COM,Comoros,drr,Dom,-9999,139,-9999,NoData,Africa,Sub-Saharan Africa
COM,Comoros,drr,Irr,-9999,137,-9999,NoData,Africa,Sub-Saharan Africa
GRD,Grenada,drr,Dom,-9999,139,-9999,NoData,Americas,Latin America & Caribbean
GRD,Grenada,drr,Irr,-9999,137,-9999,NoData,Americas,Latin America & Caribbean
VUT,Vanuatu,drr,Dom,-9999,139,-9999,NoData,Oceania,East Asia & Pacific
VUT,Vanuatu,drr,Irr,-9999,137,-9999,NoData,Oceania,East Asia & Pacific
BRB,Barbados,drr,Dom,-9999,139,-9999,NoData,Americas,Latin America & Caribbean
BRB,Barbados,drr,Irr,-9999,137,-9999,NoData,Americas,Latin America & Caribbean
DMA,Dominica,drr,Dom,-9999,139,-9999,NoData,Americas,Latin America & Caribbean
DMA,Dominica,drr,Irr,-9999,137,-9999,NoData,Americas,Latin America & Caribbean
MUS,Mauritius,drr,Dom,-9999,139,-9999,NoData,Africa,Sub-Saharan Africa
MUS,Mauritius,drr,Irr,-9999,137,-9999,NoData,Africa,Sub-Saharan Africa
MUS,Mauritius,drr,Liv,-9999,139,-9999,NoData,Africa,Sub-Saharan Africa
SGP,Singapore,drr,Irr,-9999,137,-9999,NoData,Asia,East Asia & Pacific
CPV,Cape Verde,drr,Dom,-9999,139,-9999,NoData,Africa,Sub-Saharan Africa
CPV,Cape Verde,drr,Irr,-9999,137,-9999,NoData,Africa,Sub-Saharan Africa
CPV,Cape Verde,drr,Liv,-9999,139,-9999,NoData,Africa,Sub-Saharan Africa
FSM,Micronesia,drr,Tot,-9999,139,-9999,NoData,Oceania,East Asia & Pacific
FSM,Micronesia,drr,Dom,-9999,139,-9999,NoData,Oceania,East Asia & Pacific
FSM,Micronesia,drr,Ind,-9999,137,-9999,NoData,Oceania,East Asia & Pacific
FSM,Micronesia,drr,Irr,-9999,137,-9999,NoData,Oceania,East Asia & Pacific
FSM,Micronesia,drr,Liv,-9999,139,-9999,NoData,Oceania,East Asia & Pacific
SYC,Seychelles,drr,Tot,-9999,139,-9999,NoData,Africa,Sub-Saharan Africa
SYC,Seychelles,drr,Dom,-9999,139,-9999,NoData,Africa,Sub-Saharan Africa
SYC,Seychelles,drr,Ind,-9999,137,-9999,NoData,Africa,Sub-Saharan Africa
SYC,Seychelles,drr,Irr,-9999,137,-9999,NoData,Africa,Sub-Saharan Africa
SYC,Seychelles,drr,Liv,-9999,139,-9999,NoData,Africa,Sub-Saharan Africa
LCA,Saint Lucia,drr,Dom,-9999,139,-9999,NoData,Americas,Latin America & Caribbean
LCA,Saint Lucia,drr,Irr,-9999,137,-9999,NoData,Americas,Latin America & Caribbean
LIE,Liechtenstein,drr,Irr,-9999,137,-9999,NoData,Europe,Europe & Central Asia
SLB,Solomon Islands,drr,Irr,-9999,137,-9999,NoData,Oceania,East Asia & Pacific
PNG,Papua New Guinea,drr,Irr,-9999,137,-9999,NoData,Oceania,East Asia & Pacific
ATG,Antigua and Barbuda,drr,Dom,-9999,139,-9999,NoData,Americas,Latin America & Caribbean
ATG,Antigua and Barbuda,drr,Irr,-9999,137,-9999,NoData,Americas,Latin America & Caribbean
TTO,Trinidad and Tobago,drr,Liv,-9999,139,-9999,NoData,Americas,Latin America & Caribbean
KNA,Saint Kitts and Nevis,drr,Dom,-9999,139,-9999,NoData,Americas,Latin America & Caribbean
KNA,Saint Kitts and Nevis,drr,Irr,-9999,137,-9999,NoData,Americas,Latin America & Caribbean
STP,SÃ£o TomÃ© and PrÃ­ncipe,drr,Dom,-9999,139,-9999,NoData,Africa,Sub-Saharan Africa
STP,SÃ£o TomÃ© and PrÃ­ncipe,drr,Irr,-9999,137,-9999,NoData,Africa,Sub-Saharan Africa
TUV,Tuvalu,drr,One,-9999,139,-9999,NoData,Oceania,East Asia & Pacific
VCT,Saint Vincent and the Grenadines,drr,Dom,-9999,139,-9999,NoData,Americas,Latin America & Caribbean
VCT,Saint Vincent and the Grenadines,drr,Irr,-9999,137,-9999,NoData,Americas,Latin America & Caribbean
FJI,Fiji,drr,One,-9999,139,-9999,NoData,Oceania,East Asia & Pacific
FJI,Fiji,drr,Tot,-9999,139,-9999,NoData,Oceania,East Asia & Pacific
FJI,Fiji,drr,Dom,-9999,139,-9999,NoData,Oceania,East Asia & Pacific
FJI,Fiji,drr,Ind,-9999,137,-9999,NoData,Oceania,East Asia & Pacific
FJI,Fiji,drr,Irr,-9999,137,-9999,NoData,Oceania,East Asia & Pacific
OMN,Oman,drr,One,-9999,139,-9999,NoData,Asia,Middle East & North Africa
OMN,Oman,drr,Tot,-9999,139,-9999,NoData,Asia,Middle East & North Africa
OMN,Oman,drr,Dom,-9999,139,-9999,NoData,Asia,Middle East & North Africa
OMN,Oman,drr,Ind,-9999,137,-9999,NoData,Asia,Middle East & North Africa
OMN,Oman,drr,Irr,-9999,137,-9999,NoData,Asia,Middle East & North Africa
OMN,Oman,drr,Liv,-9999,139,-9999,NoData,Asia,Middle East & North Africa
MLT,Malta,drr,One,-9999,139,-9999,NoData,Europe,Middle East & North Africa
MLT,Malta,drr,Tot,-9999,139,-9999,NoData,Europe,Middle East & North Africa
MLT,Malta,drr,Dom,-9999,139,-9999,NoData,Europe,Middle East & North Africa
MLT,Malta,drr,Ind,-9999,137,-9999,NoData,Europe,Middle East & North Africa
MLT,Malta,drr,Irr,-9999,137,-9999,NoData,Europe,Middle East & North Africa
MLT,Malta,drr,Liv,-9999,139,-9999,NoData,Europe,Middle East & North Africa
NRU,Nauru,drr,One,-9999,139,-9999,NoData,Oceania,East Asia & Pacific
PLW,Palau,drr,One,-9999,139,-9999,NoData,Oceania,East Asia & Pacific
QAT,Qatar,drr,One,-9999,139,-9999,NoData,Asia,Middle East & North Africa
QAT,Qatar,drr,Tot,-9999,139,-9999,NoData,Asia,Middle East & North Africa
QAT,Qatar,drr,Dom,-9999,139,-9999,NoData,Asia,Middle East & North Africa
QAT,Qatar,drr,Ind,-9999,137,-9999,NoData,Asia,Middle East & North Africa
QAT,Qatar,drr,Irr,-9999,137,-9999,NoData,Asia,Middle East & North Africa
QAT,Qatar,drr,Liv,-9999,139,-9999,NoData,Asia,Middle East & North Africa
WSM,Samoa,drr,One,-9999,139,-9999,NoData,Oceania,East Asia & Pacific
WSM,Samoa,drr,Tot,-9999,139,-9999,NoData,Oceania,East Asia & Pacific
WSM,Samoa,drr,Ind,-9999,137,-9999,NoData,Oceania,East Asia & Pacific
TON,Tonga,drr,One,-9999,139,-9999,NoData,Oceania,East Asia & Pacific
TON,Tonga,drr,Tot,-9999,139,-9999,NoData,Oceania,East Asia & Pacific
TON,Tonga,drr,Ind,-9999,137,-9999,NoData,Oceania,East Asia & Pacific
KWT,Kuwait,drr,One,-9999,139,-9999,NoData,Asia,Middle East & North Africa
KWT,Kuwait,drr,Tot,-9999,139,-9999,NoData,Asia,Middle East & North Africa
KWT,Kuwait,drr,Dom,-9999,139,-9999,NoData,Asia,Middle East & North Africa
KWT,Kuwait,drr,Ind,-9999,137,-9999,NoData,Asia,Middle East & North Africa
KWT,Kuwait,drr,Irr,-9999,137,-9999,NoData,Asia,Middle East & North Africa
KWT,Kuwait,drr,Liv,-9999,139,-9999,NoData,Asia,Middle East & North Africa
BHS,Bahamas,drr,One,-9999,139,-9999,NoData,Americas,Latin America & Caribbean
BHS,Bahamas,drr,Tot,-9999,139,-9999,NoData,Americas,Latin America & Caribbean
BHS,Bahamas,drr,Dom,-9999,139,-9999,NoData,Americas,Latin America & Caribbean
BHS,Bahamas,drr,Ind,-9999,137,-9999,NoData,Americas,Latin America & Caribbean
BHS,Bahamas,drr,Liv,-9999,139,-9999,NoData,Americas,Latin America & Caribbean
BHR,Bahrain,drr,One,-9999,139,-9999,NoData,Asia,Middle East & North Africa
BHR,Bahrain,drr,Tot,-9999,139,-9999,NoData,Asia,Middle East & North Africa
BHR,Bahrain,drr,Dom,-9999,139,-9999,NoData,Asia,Middle East & North Africa
BHR,Bahrain,drr,Ind,-9999,137,-9999,NoData,Asia,Middle East & North Africa
BHR,Bahrain,drr,Irr,-9999,137,-9999,NoData,Asia,Middle East & North Africa
BHR,Bahrain,drr,Liv,-9999,139,-9999,NoData,Asia,Middle East & North Africa
COM,Comoros,drr,One,-9999,139,-9999,NoData,Africa,Sub-Saharan Africa
COM,Comoros,drr,Tot,-9999,139,-9999,NoData,Africa,Sub-Saharan Africa
COM,Comoros,drr,Ind,-9999,137,-9999,NoData,Africa,Sub-Saharan Africa
COM,Comoros,drr,Liv,-9999,139,-9999,NoData,Africa,Sub-Saharan Africa
GRD,Grenada,drr,One,-9999,139,-9999,NoData,Americas,Latin America & Caribbean
GRD,Grenada,drr,Tot,-9999,139,-9999,NoData,Americas,Latin America & Caribbean
GRD,Grenada,drr,Ind,-9999,137,-9999,NoData,Americas,Latin America & Caribbean
GRD,Grenada,drr,Liv,-9999,139,-9999,NoData,Americas,Latin America & Caribbean
VUT,Vanuatu,drr,One,-9999,139,-9999,NoData,Oceania,East Asia & Pacific
VUT,Vanuatu,drr,Tot,-9999,139,-9999,NoData,Oceania,East Asia & Pacific
VUT,Vanuatu,drr,Ind,-9999,137,-9999,NoData,Oceania,East Asia & Pacific
VUT,Vanuatu,drr,Liv,-9999,139,-9999,NoData,Oceania,East Asia & Pacific
BRB,Barbados,drr,One,-9999,139,-9999,NoData,Americas,Latin America & Caribbean
BRB,Barbados,drr,Tot,-9999,139,-9999,NoData,Americas,Latin America & Caribbean
BRB,Barbados,drr,Ind,-9999,137,-9999,NoData,Americas,Latin America & Caribbean
BRB,Barbados,drr,Liv,-9999,139,-9999,NoData,Americas,Latin America & Caribbean
DMA,Dominica,drr,One,-9999,139,-9999,NoData,Americas,Latin America & Caribbean
DMA,Dominica,drr,Tot,-9999,139,-9999,NoData,Americas,Latin America & Caribbean
DMA,Dominica,drr,Ind,-9999,137,-9999,NoData,Americas,Latin America & Caribbean
DMA,Dominica,drr,Liv,-9999,139,-9999,NoData,Americas,Latin America & Caribbean
MUS,Mauritius,drr,One,-9999,139,-9999,NoData,Africa,Sub-Saharan Africa
MUS,Mauritius,drr,Tot,-9999,139,-9999,NoData,Africa,Sub-Saharan Africa
MUS,Mauritius,drr,Ind,-9999,137,-9999,NoData,Africa,Sub-Saharan Africa
CPV,Cape Verde,drr,One,-9999,139,-9999,NoData,Africa,Sub-Saharan Africa
CPV,Cape Verde,drr,Tot,-9999,139,-9999,NoData,Africa,Sub-Saharan Africa
CPV,Cape Verde,drr,Ind,-9999,137,-9999,NoData,Africa,Sub-Saharan Africa
FSM,Micronesia,drr,One,-9999,139,-9999,NoData,Oceania,East Asia & Pacific
SYC,Seychelles,drr,One,-9999,139,-9999,NoData,Africa,Sub-Saharan Africa
LCA,Saint Lucia,drr,One,-9999,139,-9999,NoData,Americas,Latin America & Caribbean
LCA,Saint Lucia,drr,Tot,-9999,139,-9999,NoData,Americas,Latin America & Caribbean
LCA,Saint Lucia,drr,Ind,-9999,137,-9999,NoData,Americas,Latin America & Caribbean
LCA,Saint Lucia,drr,Liv,-9999,139,-9999,NoData,Americas,Latin America & Caribbean
SLB,Solomon Islands,drr,One,-9999,139,-9999,NoData,Oceania,East Asia & Pacific
SLB,Solomon Islands,drr,Tot,-9999,139,-9999,NoData,Oceania,East Asia & Pacific
SLB,Solomon Islands,drr,Dom,-9999,139,-9999,NoData,Oceania,East Asia & Pacific
SLB,Solomon Islands,drr,Ind,-9999,137,-9999,NoData,Oceania,East Asia & Pacific
SLB,Solomon Islands,drr,Liv,-9999,139,-9999,NoData,Oceania,East Asia & Pacific
ATG,Antigua and Barbuda,drr,One,-9999,139,-9999,NoData,Americas,Latin America & Caribbean
ATG,Antigua and Barbuda,drr,Tot,-9999,139,-9999,NoData,Americas,Latin America & Caribbean
ATG,Antigua and Barbuda,drr,Ind,-9999,137,-9999,NoData,Americas,Latin America & Caribbean
ATG,Antigua and Barbuda,drr,Liv,-9999,139,-9999,NoData,Americas,Latin America & Caribbean
ARE,United Arab Emirates,drr,One,-9999,139,-9999,NoData,Asia,Middle East & North Africa
ARE,United Arab Emirates,drr,Tot,-9999,139,-9999,NoData,Asia,Middle East & North Africa
ARE,United Arab Emirates,drr,Dom,-9999,139,-9999,NoData,Asia,Middle East & North Africa
ARE,United Arab Emirates,drr,Ind,-9999,137,-9999,NoData,Asia,Middle East & North Africa
ARE,United Arab Emirates,drr,Irr,-9999,137,-9999,NoData,Asia,Middle East & North Africa
ARE,United Arab Emirates,drr,Liv,-9999,139,-9999,NoData,Asia,Middle East & North Africa
KNA,Saint Kitts and Nevis,drr,One,-9999,139,-9999,NoData,Americas,Latin America & Caribbean
KNA,Saint Kitts and Nevis,drr,Tot,-9999,139,-9999,NoData,Americas,Latin America & Caribbean
KNA,Saint Kitts and Nevis,drr,Ind,-9999,137,-9999,NoData,Americas,Latin America & Caribbean
KNA,Saint Kitts and Nevis,drr,Liv,-9999,139,-9999,NoData,Americas,Latin America & Caribbean
STP,SÃ£o TomÃ© and PrÃ­ncipe,drr,One,-9999,139,-9999,NoData,Africa,Sub-Saharan Africa
STP,SÃ£o TomÃ© and PrÃ­ncipe,drr,Tot,-9999,139,-9999,NoData,Africa,Sub-Saharan Africa
STP,SÃ£o TomÃ© and PrÃ­ncipe,drr,Ind,-9999,137,-9999,NoData,Africa,Sub-Saharan Africa
STP,SÃ£o TomÃ© and PrÃ­ncipe,drr,Liv,-9999,139,-9999,NoData,Africa,Sub-Saharan Africa
VCT,Saint Vincent and the Grenadines,drr,One,-9999,139,-9999,NoData,Americas,Latin America & Caribbean
VCT,Saint Vincent and the Grenadines,drr,Tot,-9999,139,-9999,NoData,Americas,Latin America & Caribbean
VCT,Saint Vincent and the Grenadines,drr,Ind,-9999,137,-9999,NoData,Americas,Latin America & Caribbean
VCT,Saint Vincent and the Grenadines,drr,Liv,-9999,139,-9999,NoData,Americas,Latin America & Caribbean
BHS,Bahamas,rfr,Pop,-9999,165,-9999,NoData,Americas,Latin America & Caribbean
SGP,Singapore,rfr,Pop,-9999,165,-9999,NoData,Asia,East Asia & Pacific
BRB,Barbados,rfr,Pop,-9999,165,-9999,NoData,Americas,Latin America & Caribbean
MLT,Malta,rfr,Pop,-9999,165,-9999,NoData,Europe,Middle East & North Africa
SLB,Solomon Islands,rfr,Pop,-9999,165,-9999,NoData,Oceania,East Asia & Pacific
STP,SÃ£o TomÃ© and PrÃ­ncipe,rfr,Pop,-9999,165,-9999,NoData,Africa,Sub-Saharan Africa
GRD,Grenada,rfr,Pop,-9999,165,-9999,NoData,Americas,Latin America & Caribbean
ATG,Antigua and Barbuda,rfr,Pop,-9999,165,-9999,NoData,Americas,Latin America & Caribbean
DMA,Dominica,rfr,Pop,-9999,165,-9999,NoData,Americas,Latin America & Caribbean
FSM,Micronesia,rfr,Pop,-9999,165,-9999,NoData,Oceania,East Asia & Pacific
KIR,,rfr,Pop,-9999,165,-9999,NoData,Oceania,East Asia & Pacific
KNA,Saint Kitts and Nevis,rfr,Pop,-9999,165,-9999,NoData,Americas,Latin America & Caribbean
LCA,Saint Lucia,rfr,Pop,-9999,165,-9999,NoData,Americas,Latin America & Caribbean
MCO,,rfr,Pop,-9999,165,-9999,NoData,Europe,Europe & Central Asia
MHL,,rfr,Pop,-9999,165,-9999,NoData,Oceania,East Asia & Pacific
NRU,Nauru,rfr,Pop,-9999,165,-9999,NoData,Oceania,East Asia & Pacific
PLW,Palau,rfr,Pop,-9999,165,-9999,NoData,Oceania,East Asia & Pacific
SYC,Seychelles,rfr,Pop,-9999,165,-9999,NoData,Africa,Sub-Saharan Africa
TUV,Tuvalu,rfr,Pop,-9999,165,-9999,NoData,Oceania,East Asia & Pacific
VUT,Vanuatu,rfr,Pop,-9999,165,-9999,NoData,Oceania,East Asia & Pacific
FJI,Fiji,rfr,Pop,-9999,165,-9999,NoData,Oceania,East Asia & Pacific
COM,Comoros,rfr,Pop,-9999,165,-9999,NoData,Africa,Sub-Saharan Africa
TTO,Trinidad and Tobago,rfr,Pop,-9999,165,-9999,NoData,Americas,Latin America & Caribbean
VCT,Saint Vincent and the Grenadines,rfr,Pop,-9999,165,-9999,NoData,Americas,Latin America & Caribbean
ISL,Iceland,drr,Irr,,,,,Europe,Europe & Central Asia
SOM,Somalia,drr,Ind,,,,,Africa,Sub-Saharan Africa
MDG,Madagascar,drr,Ind,,,,,Africa,Sub-Saharan Africa
GNQ,Equatorial Guinea,drr,Irr,,,,,Africa,Sub-Saharan Africa
